Actual_Yield_kg,Predicted_Yield_kg,Prediction_Error_kg,Log_Efficiency_Actual,Log_Efficiency_Predicted,Labor_Count,Yield_per_Worker_Actual,Yield_per_Worker_Predicted
1078.63,1101.520281029753,-22.89028102975294,2.797829964793013,2.8175623277672086,70,15.409,15.736004014710758
1610.14,1590.089267370534,20.05073262946621,2.9707916417036384,2.9589068721458163,87,18.507356321839083,18.27688813069579
1013.8,1038.173450713993,-24.373450713992952,2.615386516238791,2.637425150758951,80,12.6725,12.977168133924911
1142.78,1136.9857762939923,5.794223706007642,2.998046260885721,2.9932172604699434,60,19.046333333333333,18.949762938233206
1399.43,3211.6872180289192,-1812.2572180289192,2.882597304422557,3.6812259083911085,83,16.860602409638556,38.69502672323999
1890.46,1838.268243841554,52.19175615844597,3.0498073335393445,3.0231550654328143,94,20.11127659574468,19.556045147250575
1412.3,1407.032556248187,5.267443751813062,2.902693901483094,2.8991626496858935,82,17.223170731707317,17.158933612782768
4164.88,3139.544028154165,1025.335971845835,3.889208398395836,3.613258764422153,87,47.872183908045976,36.08671296728925
1462.62,1503.5179580951701,-40.897958095170225,2.879856899911444,2.9059068833197705,87,16.811724137931034,17.28181561028931
1063.52,1088.8465260845876,-25.326526084587613,2.8257403634576104,2.8478956581249766,67,15.873432835820894,16.251440687829664
1220.49,1253.7386538107928,-33.2486538107928,2.970018116637569,2.995534264414197,66,18.492272727272727,18.996040209254435
4094.91,2850.7950227840697,1244.1149772159301,4.072010141089691,3.717273563179732,71,57.67478873239436,40.15204257442352
1083.23,1080.3732749382552,2.8567250617447826,2.8290785098212266,2.826593971238064,68,15.92985294117647,15.887842278503754
1393.6,1398.8855475859937,-5.285547585993754,3.053864448239592,3.0574717366781066,69,20.19710144927536,20.273703588202807
3405.73,1604.7114036916018,1801.0185963083982,3.7502871265115623,3.0238167499252224,82,41.53329268292683,19.56965126453173
3306.83,2309.9321860420746,996.8978139579253,4.226634112651123,3.87414403397502,49,67.48632653061225,47.14147318453213
1661.4,1672.959556109426,-11.559556109426012,3.033922235885897,3.040523270359114,84,19.77857142857143,19.916185191778883
974.85,1009.8205460593842,-34.97054605938422,2.772444481068293,2.805521722832865,65,14.997692307692308,15.535700708605912
1440.26,1473.6764150688207,-33.4164150688207,2.843902867522334,2.8655189111490995,89,16.18269662921348,16.558161967065402
1906.39,2238.0248956517157,-331.6348956517156,3.0181275753784056,3.1712385226059085,98,19.45295918367347,22.836988731139957
936.32,954.0957479540119,-17.775747954011877,2.8255268495882944,2.8432285750806607,59,15.869830508474577,16.171114372101897
1201.31,1261.3971869891145,-60.08718698911457,2.885909547857949,2.9320551180399512,71,16.919859154929576,17.766157563226965
1899.97,1826.858450257262,73.11154974273813,3.106735826051824,3.0692847083332784,89,21.34797752808989,20.52649944109283
1357.96,1317.9065752918752,40.053424708124794,2.7991919253406,2.771100808523865,88,15.431363636363637,14.97621108286222
1328.0,1458.4343037411938,-130.43430374119384,2.9943026807443966,3.083503917488473,70,18.97142857142857,20.83477576773134
2669.57,2076.264850180442,593.3051498195582,3.549388202946708,3.306221042834952,79,33.7920253164557,26.281833546587873
1089.66,1134.446897999179,-44.78689799917902,3.001557379894394,3.0398724603583265,57,19.11684210526316,19.902577157880334
1749.81,2121.7337180236436,-371.9237180236437,3.1299407806347705,3.3149737479683994,80,21.872625,26.521671475295545
1203.05,1226.476528294407,-23.426528294407035,2.861065206941612,2.87925735066492,73,16.480136986301368,16.801048332800097
1087.96,1078.0051263359692,9.954873664030856,2.7537984202072705,2.7451941979861836,74,14.702162162162162,14.567636842377961
892.16,882.8793582363255,9.280641763674453,2.661365282034962,2.651642365809355,67,13.315820895522387,13.177303854273514
778.03,788.7290443285993,-10.69904432859937,2.6213725985080307,2.6340436631145367,61,12.754590163934425,12.929984333255726
2436.3,1429.3481588787179,1006.9518411212823,3.51106771279781,2.998626852800288,75,32.484,19.05797545171624
1140.36,1131.3389562693005,9.021043730699375,2.836819097313681,2.829344191869594,71,16.061408450704224,15.934351496750711
1047.2,1058.7749305986788,-11.574930598678748,2.730803078627341,2.741082973287043,73,14.345205479452055,14.50376617258464
1213.8,1240.7788464623236,-26.978846462323645,2.8694543542164803,2.890203438146962,73,16.627397260273973,16.996970499483886
1162.12,1199.5632203483374,-37.44322034833749,2.9676593509732805,2.9977645090276805,63,18.446349206349204,19.040686037275197
1364.18,1522.8979253893376,-158.71792538933755,2.8699616290351,2.9740961883891686,82,16.636341463414634,18.571925919382167
1020.98,1028.1160189678617,-7.1360189678616734,3.045437052015965,3.0520718512834533,51,20.01921568627451,20.15913762682082
1465.96,1466.6380427991842,-0.6780427991841407,2.949597839069898,2.950036049655348,81,18.098271604938272,18.10664250369363
1491.24,1550.1840068830095,-58.94400688300948,2.954173218853718,2.9909550312196425,82,18.185853658536587,18.90468301076841
4105.25,2980.598490319385,1124.6515096806152,3.9572950836220127,3.6443391262199727,80,51.315625,37.25748112899231
947.37,962.4698979241196,-15.099897924119546,2.689886230474539,2.70463364467108,69,13.73,13.94883910034956
961.7,956.044598276169,5.655401723831005,2.703886957445488,2.69838489654203,69,13.93768115942029,13.855718815596653
1245.38,1258.8213087014137,-13.441308701413618,2.686860238274598,2.696867992229869,91,13.685494505494507,13.83320119452103
946.08,965.2360077619645,-19.156007761964474,2.90150151096923,2.920456074440374,55,17.201454545454546,17.549745595672082
1081.17,1071.5495803988647,9.620419601135382,2.710791030340405,2.702449769042304,77,14.041168831168832,13.916228316868372
1369.18,1344.0989335039046,25.081066496095445,2.67801960441485,2.6608125474542446,101,13.556237623762376,13.307910232711928
1167.12,1166.2104229154215,0.9095770845783591,2.8586695020388837,2.857934588334356,71,16.438309859154927,16.425498914301713
1565.85,1774.34947966888,-208.49947966887999,2.933524367754702,3.052257316224531,88,17.79375,20.163062268964545
923.91,961.2604263237675,-37.35042632376758,2.8454294444028894,2.882799718095286,57,16.20894736842105,16.864218005680133
2130.53,1641.900283084358,488.6297169156421,3.3310872497441157,3.081155000801685,79,26.968734177215193,20.783547887143772
833.52,856.6428211633546,-23.122821163354615,2.716511478460583,2.7420889114969023,59,14.127457627118643,14.519369850226349
935.99,928.1730470346541,7.816952965345877,2.6922296348666026,2.6844132793197626,68,13.764558823529413,13.649603632862561
1386.0,1393.7519192656393,-7.751919265639344,3.0081547935525483,3.013457526236001,72,19.25,19.357665545356102
836.33,842.0437756495169,-5.713775649516833,2.6013953157709624,2.6077006316572238,67,12.482537313432836,12.567817547007715
1030.92,1049.2224997518892,-18.302499751889172,2.854388127773951,2.8709808181086562,63,16.363809523809525,16.65432539288713
884.25,987.8181020843375,-103.56810208433751,2.573605149209013,2.6763362426967507,73,12.113013698630137,13.531754823073117
1220.4,1218.494812835653,1.9051871643471259,2.887590114934288,2.8861148806348473,72,16.950000000000003,16.923539067161848
2372.89,2364.750828806826,8.139171193173752,3.787444661143031,3.784086665314212,55,43.143454545454546,42.99546961466957
4366.53,2657.051877303674,1709.478122696326,3.981713143808189,3.4968915247287935,83,52.608795180722886,32.01267322052619
1863.0,1861.5870510456107,1.4129489543893214,2.9962423475257745,2.99552156311407,98,19.010204081632654,18.995786235159294
887.08,891.9002580515692,-4.8202580515691125,2.9694310762179463,2.9745727502704806,48,18.480833333333333,18.581255376074356
2141.05,3216.066270213217,-1075.016270213217,3.1288394690767865,3.520963716162835,98,21.84744897959184,32.81700275727773
1525.5,2113.370854997146,-587.8708549971461,2.797835504974565,3.106700154421105,99,15.409090909090908,21.347180353506527
1092.83,1151.515049861225,-58.685049861225025,2.8373828403052626,2.886700853413333,68,16.071029411764705,16.934044850900367
703.72,702.5870466868973,1.1329533131026892,2.832838942425869,2.831322582675439,44,15.993636363636364,15.967887424702212
991.67,1007.1365328575562,-15.466532857556217,2.8482112085302678,2.86279698693029,61,16.25688524590164,16.51043496487797
1531.66,1532.1034021325443,-0.44340213254417904,2.968039079380594,2.968313651898839,83,18.453734939759038,18.45907713412704
1289.28,1482.3399862213246,-193.0599862213246,2.9264556044617565,3.0589900002233588,73,17.661369863013697,20.306027208511296
1167.0,1169.4246794142157,-2.4246794142156887,2.8196076920004374,2.82155959676465,74,15.77027027027027,15.803036208300211
1536.07,1489.9803965699136,46.0896034300863,2.9046698010269907,2.8758982293545494,89,17.259213483146066,16.74135277044847
1551.53,1678.0033250778436,-126.47332507784358,3.0034370830321158,3.0780534803861546,81,19.154691358024692,20.716090433059797
1224.52,1578.745056948197,-354.2250569481971,3.032561792611057,3.2757713356259743,62,19.75032258064516,25.46362995077737
1367.0,1446.9044572217433,-79.90445722174331,2.8054243651273865,2.8588866007536398,88,15.534090909090908,16.442096104792537
1660.95,1639.2895142295597,21.660485770440346,3.092163803696493,3.079636754057444,79,21.024683544303798,20.75050018012101
1065.96,1071.7911990972218,-5.83119909722177,2.786738145344201,2.791858293531337,70,15.228,15.311302844246026
1270.08,1292.2322251062476,-22.15222510624767,2.938550661433365,2.9549339180634924,71,17.888450704225352,18.20045387473588
1574.27,1563.6064224706145,10.66357752938552,3.0410625713985184,3.034591688773357,79,19.92746835443038,19.792486360387525
1360.81,1345.6756776676602,15.134322332339707,2.801160994331119,2.7906600149008534,88,15.46375,15.29176906440523
2452.5,2294.662485839772,157.83751416022778,3.874600674216244,3.809505660298594,52,47.16346153846154,44.128124727687926
1436.48,1471.6060815826625,-35.12608158266244,2.8628443520184543,2.885639044699441,87,16.511264367816093,16.915012431984625
1262.08,1286.956606436858,-24.876606436858083,2.831782686007659,2.85016242027543,79,15.975696202531644,16.290589954896937
1253.55,1271.8858347085175,-18.335834708517496,3.0246461469998738,3.0384668140231113,64,19.58671875,19.873216167320585
1394.3,1386.0037979497058,8.296202050294141,3.082389110089641,3.076695658043558,67,20.81044776119403,20.68662384999561
1470.84,1511.4958477640014,-40.655847764001464,2.976459126311669,3.0023532480705466,79,18.618227848101263,19.132858832455714
1117.8,1137.567805357275,-19.767805357274938,3.059816145899916,3.0765308957519517,55,20.323636363636364,20.68305100649591
2596.03,808.1397026002919,1787.8902973997083,4.02953366356761,2.901117248733359,47,55.234680851063835,17.19446175745302
1731.96,1711.2593653527351,20.700634647264906,3.0292329873291366,3.0177935810387115,88,19.68136363636364,19.446129151735626
1580.04,1614.7690227736168,-34.72902277361686,2.97495316965968,2.995596395366272,85,18.58870588235294,18.99728262086608
1265.55,1303.2182612261977,-37.66826122619773,2.990157059397204,3.018032701505603,67,18.888805970149253,19.451018824271607
1899.91,1889.3597778564133,10.55022214358678,2.9676274138255847,2.9623460449803387,103,18.445728155339808,18.343298814139935
1678.35,1691.6315297664037,-13.281529766403764,2.8688828912152786,2.8763194307739135,101,16.617326732673266,16.748827027390135
1992.9,2496.692043521742,-503.792043521742,3.1103562026198257,3.326694752355753,93,21.429032258064517,26.846151005610132
734.38,720.3136159896636,14.066384010336378,2.8947291756120417,2.8764688612717713,43,17.07860465116279,16.751479441620084
1409.28,1397.2036573883775,12.076342611622522,2.9979460375854283,2.9897710660727763,74,19.044324324324325,18.881130505248343
1591.2,1636.4546377979598,-45.25463779795973,2.8763558638880347,2.9028402736879335,95,16.74947368421053,17.225838292610103
1455.88,1486.9890466893962,-31.10904668939611,2.864717192878889,2.8846667822744214,88,16.54409090909091,16.897602803288592
1344.2,1304.6198933051492,39.58010669485088,2.9790663882016184,2.950720301886325,72,18.669444444444444,18.119720740349294
1640.32,1687.4317572226635,-47.11175722266353,3.1427066863106567,3.169817162539497,74,22.166486486486484,22.803131854360316
1255.61,1224.0616865217785,31.548313478221417,3.120091340790246,3.095781743188274,58,21.648448275862066,21.104511836582386
2717.24,2473.388690848818,243.8513091511818,3.938066105879809,3.8459578641316425,54,50.319259259259255,45.803494274978114
1416.38,1447.4503213218097,-31.070321321809615,2.9287775023004734,2.949328532976743,80,17.70475,18.09312901652262
852.8,906.6014321978149,-53.80143219781496,2.605735152231566,2.6625208947559367,68,12.541176470588235,13.332374002909043
1061.9,1087.3785543341194,-25.47855433411928,2.6354795082673745,2.6575084892755645,82,12.950000000000001,13.260714077245359
1348.1,1400.4251059392348,-52.325105939234845,3.0502628595673595,3.0865718958738446,67,20.120895522388057,20.9018672528244
1393.8,1375.6346595925122,18.165340407487747,2.949756327573433,2.937328771416844,77,18.1012987012987,17.865385189513145
807.5,829.6892908297136,-22.189290829713627,2.5155360305858365,2.540480471847247,71,11.373239436619718,11.685764659573431
852.0,853.8273539234993,-1.827353923499345,2.9923933722884763,2.994428483904523,45,18.933333333333334,18.973941198299986
1248.72,1256.0837670948565,-7.363767094856485,3.035959805702212,3.041557932341724,63,19.82095238095238,19.93783757293423
3154.8,2504.346569808091,650.4534301919093,3.762687381258656,3.537803264785475,75,42.064,33.39128759744121
1319.83,1366.0653330527148,-46.23533305271485,2.9230397094938763,2.955649820125739,75,17.597733333333334,18.214204440702865
2868.04,2263.0505925600464,604.9894074399535,3.794480849848736,3.563561250490181,66,43.45515151515151,34.288645341818885
1761.14,1757.353182722434,3.786817277566115,3.2108109586521696,3.208745323487816,74,23.79918918918919,23.748015982735595
1962.02,2719.4111146875084,-757.3911146875084,3.215954488747284,3.531159291480302,82,23.927073170731706,33.16355017911596
752.48,758.3194556446671,-5.839455644667055,2.854068523889236,2.8613551266654382,46,16.358260869565218,16.485205557492762
1166.78,1225.7129939596362,-58.93299395963618,2.9565203103624285,3.0032919039399117,64,18.2309375,19.151765530619315
4093.21,1646.0460546066981,2447.163945393302,4.030936932916772,3.146041252178987,74,55.31364864864865,22.243865602793218
1127.12,1092.6564575225063,34.46354247749355,2.969253640749112,2.939817841453271,61,18.477377049180326,17.91240094299191
1895.43,1820.6790976024959,74.7509023975042,3.230819597807037,3.1922048849050033,78,24.300384615384615,23.34203971285251
1307.82,1313.0450987512309,-5.225098751230917,2.8417605900516136,2.8455157881700734,81,16.145925925925926,16.21043331791643
3653.83,2417.4724073688885,1236.3575926311114,3.6156777733627496,3.2162872923062227,101,36.176534653465346,23.935370369988995
923.65,970.3215815742453,-46.67158157424535,2.766166936966895,2.812431122508651,62,14.89758064516129,15.650348089907183
3202.6800000000003,3191.2141882146557,11.465811785344613,3.578275748327719,3.57478957993716,92,34.81173913043479,34.68711074146365
2178.99,2048.5834679949235,130.40653200507631,3.3051596280032056,3.245779786917085,83,26.252891566265056,24.68172853005932
1459.44,1521.7148493163163,-62.27484931631625,2.7563207497754094,2.795502745773138,99,14.741818181818182,15.370857063801175
1483.65,1437.6989777714516,45.95102222854848,2.915319399338057,2.8855884260298508,85,17.454705882352943,16.91410562084061
1464.31,1528.9409210856693,-64.63092108566934,3.0473299736602137,3.088511807576218,73,20.05904109589041,20.944396179255744
2878.87,2043.905831162087,834.9641688379129,3.5630968733161703,3.2320767983656054,84,34.272261904761905,24.33221227573913
1521.45,1777.5226748490818,-256.07267484908175,3.1802294921814176,3.329778775463143,66,23.05227272727273,26.9321617401376
1179.88,1185.8421726701479,-5.9621726701477655,2.8689227055632744,2.8736777649308083,71,16.618028169014085,16.702002431973913
1898.11,1906.3270367977782,-8.217036797778292,3.095130047347448,3.0992546192109107,90,21.09011111111111,21.181411519975313
1811.7,1856.6050345844915,-44.90503458449143,3.040169702529505,3.063496202808118,91,19.90879120879121,20.402253127302103
2909.53,2710.8624722645854,198.66752773541475,3.5393021128738336,3.47070288320579,87,33.44287356321839,31.159338761661903
1999.9,2106.1978654174213,-106.29786541742124,3.234316970017475,3.284114344280941,82,24.389024390243904,25.685339822163673
1528.1,1524.747158313174,3.3528416868259683,3.155810727512406,3.153707871680255,68,22.47205882352941,22.422752328134912
845.92,870.0631898408794,-24.143189840879472,3.0069419371273387,3.033710070639444,44,19.225454545454543,19.774163405474532
1974.96,1909.8296702699215,65.13032973007853,3.222265196404785,3.190089680331758,82,24.08487804878049,23.290605734999044
1107.0,1067.1737675916136,39.82623240838643,2.8920797002413208,2.8575074820264015,65,17.03076923076923,16.418057962947902
1275.75,1273.9995992025476,1.7504007974523574,2.866089414669161,2.864794619439223,77,16.568181818181817,16.545449340292826
1132.94,1102.5941749495062,30.345825050493886,3.1637351387517563,3.1377474797264124,50,22.6588,22.051883498990122
1179.86,1344.2490001319873,-164.38900013198736,2.842724775661634,2.966013506557087,73,16.162465753424655,18.414369864821744
1045.83,1083.3237988867972,-37.49379888679732,2.9460982189263896,2.9795010842331195,58,18.03155172413793,18.677996532530987
868.82,856.900400217469,11.919599782531009,2.804247433246697,2.7912750932381,56,15.514642857142858,15.301792861026232
1173.03,1139.896462577734,33.133537422266045,2.8244549099250564,2.79752558859841,74,15.851756756756757,15.404006251050458
1240.79,1220.3027165538576,20.487283446142328,3.029895960181473,3.014057554706839,63,19.695079365079366,19.36988438974377
866.2,863.7578768174908,2.442123182509249,3.0294747216642803,3.0267880536367913,44,19.686363636363637,19.630860836761155
1154.4,1135.9099684647515,18.49003153524859,3.181713791179433,3.1662426593296473,50,23.088,22.71819936929503
1024.86,1030.619312390967,-5.759312390967125,2.8050669129328107,2.8103326319419835,66,15.528181818181817,15.615444127135865
1184.04,1182.549010017013,1.4909899829870028,3.097547225408169,3.096344129488027,56,21.143571428571427,21.11694660744666
1077.05,1089.7067603636892,-12.656760363689273,2.8956926736843247,2.906733434005809,63,17.096031746031745,17.296932704185544
1505.7,1506.2228823812072,-0.5228823812071823,3.113959654918641,3.114291441199915,70,21.51,21.51746974830296
1462.6,1464.9457317237234,-2.3457317237234747,3.217957370431137,3.219495784603427,61,23.977049180327867,24.015503798749563
1288.74,1273.809656946249,14.930343053750903,3.112581540050283,3.1014499681255208,60,21.479,21.230160949104153
2096.3,1434.0352096569409,662.2647903430593,3.721188392099577,3.3526232006665424,52,40.31346153846154,27.577600185710402
779.21,798.7511780904754,-19.54117809047534,2.8084504348774506,2.8317430614738117,50,15.584200000000001,15.975023561809508
1068.65,1092.7774117993204,-24.12741179932027,3.0170044088295307,3.038249480686655,55,19.430000000000003,19.868680214533097
1228.37,1270.7499807435227,-42.379980743522765,2.9761246272477826,3.008341817396971,66,18.611666666666665,19.25378758702307
1636.76,1626.3481546676703,10.411845332329676,3.0543272407907143,3.048247504365821,81,20.206913580246912,20.07837227984778
1338.48,1310.933713670011,27.546286329989016,3.197942453258402,3.1780053742543855,57,23.482105263157894,22.998837081930017
2590.92,2343.2416959269754,247.67830407302472,3.532720348492761,3.435326958362119,78,33.21692307692308,30.041560204191992
957.73,918.1331121953457,39.59688780465433,3.2166032445125228,3.1761072622163864,40,23.94325,22.953327804883642
1729.71,2560.685587091128,-830.9755870911281,3.2747612065241958,3.6547315182942324,68,25.436911764705883,37.65714098663424
4002.47,2898.74295842853,1103.7270415714697,3.884619996840359,3.5697818131449215,84,47.64845238095238,34.50884474319679
1248.43,1276.9840358348733,-28.554035834873275,2.896010321383263,2.9173886049066633,73,17.10178082191781,17.49293199773799
1023.66,1015.6324957234003,8.027504276599643,2.959049765003715,2.951586770965448,56,18.279642857142857,18.13629456648929
1143.9,1109.1683569453537,34.73164305464638,2.923078864312309,2.893928124764067,65,17.59846153846154,17.064128568390057
1345.14,1349.102143950076,-3.9621439500758697,2.9284813051252674,2.9312654298124996,76,17.69921052631579,17.751343999343106
361.86,380.4486359318213,-18.588635931821273,2.7025479117466125,2.749361026111393,26,13.917692307692308,14.632639843531589
1252.86,1248.0982500544249,4.761749945575048,2.8490235306636658,2.845436464802062,77,16.27090909090909,16.209068182524998
714.97,710.2461815116521,4.723818488347888,2.805952538782128,2.799725563602418,46,15.542826086956522,15.44013438068809
922.76,973.192416774584,-50.432416774584,2.9309475682694357,2.9813918790557166,52,17.745384615384616,18.715238784126615
1269.0,1258.1900897540752,10.809910245924812,3.0665514333500203,3.058396627556707,62,20.467741935483872,20.29338854442057
3164.31,2668.116012815497,496.19398718450293,3.7399274262046407,3.573773194517642,77,41.094935064935065,34.65085730929217
1181.7,1184.9821323949918,-3.282132394991777,2.883762664284619,2.8863813722797116,70,16.88142857142857,16.928316177071313
1798.11,2254.75917706143,-456.64917706143,3.5906340885103334,3.8113396294600994,51,35.25705882352941,44.21096425610647
1005.64,992.3557384946433,13.284261505356653,2.9767004602154987,2.9640846344048217,54,18.622962962962962,18.376958120271173
1020.68,1048.2824022284992,-27.602402228499272,3.0832945191957832,3.1087715604190596,49,20.83020408163265,21.393518412826516
1424.12,1410.7549165311466,13.3650834688533,3.033964250205148,3.024990947516637,72,19.779444444444444,19.593818285154814
1317.33,1270.513302505104,46.816697494895834,2.9731769879282512,2.9388737089176544,71,18.55394366197183,17.894553556409917
816.39,821.2700429374354,-4.880042937435405,2.815397203925729,2.821001116960567,52,15.699807692307692,15.793654671873757
1266.83,1283.647761295082,-16.817761295082164,2.884301519369072,2.8967570773910536,75,16.891066666666667,17.11530348393443
677.11,678.991869626806,-1.8818696268059512,2.863050693952101,2.8656678530570443,41,16.51487804878049,16.560777307970877
1853.68,1952.946289625307,-99.26628962530685,3.0412811432925198,3.091016201608711,93,19.93204301075269,20.99942246908932
937.58,1000.622917027077,-63.04291702707701,2.92799871661423,2.989697987805048,53,17.690188679245285,18.87967767975617
1261.53,1264.000481510075,-2.470481510074933,2.9189187215408072,2.9207695954922035,72,17.52125,17.555562243195485
779.45,788.5103331044467,-9.060333104446613,2.847147671557061,2.8580378622274467,48,16.238541666666666,16.42729860634264
976.62,975.8282182941886,0.7917817058114451,2.745758098118788,2.7449991224232715,67,14.576417910447761,14.56460027304759
901.08,916.1347726269883,-15.05477262698821,2.7582237431179477,2.7737507237263936,61,14.771803278688525,15.018602829950627
2127.38,1893.5189260177385,233.8610739822616,3.992394889686356,3.8782174453611944,40,53.1845,47.33797315044346
1444.27,1393.2357971959248,51.03420280407522,3.0473425315921445,3.0131053432008073,72,20.059305555555554,19.350497183276733
1185.42,1224.2237883819664,-38.80378838196634,2.956847503965351,2.9874083319247156,65,18.23723076923077,18.83421212895333
1121.32,1105.8138089909155,15.506191009084432,2.769517343715295,2.7564710348476438,75,14.950933333333332,14.744184119878874
926.61,945.1503042464667,-18.54030424646669,2.784414018803356,2.8030128831258083,61,15.19032786885246,15.494267282728963
757.66,760.1810886810656,-2.5210886810656348,2.6929796326615407,2.6960770980274993,55,13.775636363636362,13.821474339655738
1021.52,1015.422946277226,6.097053722774035,2.907660241819012,2.9020015583697587,59,17.313898305084745,17.210558411478406
551.85,544.0527937884382,7.797206211561843,2.9039081977219974,2.890463409578726,32,17.2453125,17.001649805888693
1254.96,1217.6237316249092,37.33626837509087,2.862922425065156,2.834469313220249,76,16.512631578947367,16.021364889801436
1085.6,1104.608297224383,-19.008297224383114,2.998010378455812,3.014509519137798,57,19.045614035087716,19.379092933761104
692.34,679.5446396954779,12.795360304522092,2.7963866257542414,2.7788808845788346,45,15.385333333333334,15.100991993232842
2661.36,2451.4562269700014,209.90377302999877,3.882064408993838,3.801672372107094,56,47.52428571428572,43.77600405303574
724.43,760.3027576261552,-35.87275762615525,2.8389874912096165,2.8845558133717155,45,16.098444444444443,16.89561683613678
1051.38,1076.3283028132282,-24.94830281322811,2.814943869239126,2.8370062322194185,67,15.69223880597015,16.064601534525796
676.88,707.9948739541213,-31.11487395412132,2.8400248270384814,2.882396753495793,42,16.116190476190475,16.85702080843146
1317.9,1286.3211294729044,31.57887052709566,3.200056999194753,3.176803889879356,56,23.53392857142857,22.970020169159007
1397.65,1354.6066543071236,43.04334569287653,3.099033852874544,3.069184538678871,66,21.176515151515154,20.52434324707763
1236.82,1521.2264288264084,-284.4064288264085,3.15647417051885,3.3554557479785636,55,22.487636363636362,27.658662342298335
1363.56,1340.9689972628362,22.591002737163763,2.966637417726717,2.9507978065715395,74,18.426486486486485,18.121202665714
1096.88,1302.1989430853198,-205.3189430853197,2.9913087109080045,3.154943239165939,58,18.911724137931035,22.451705915264135
3734.8,2505.837253227473,1228.9627467725272,3.981601620826591,3.5916381780379942,71,52.60281690140845,35.29348243982356
968.44,981.4716719837876,-13.031671983787533,3.135928904047274,3.148718319598581,44,22.01,22.3061743632679
1197.5,1183.8690375098101,13.630962490189859,2.882910501998021,2.8721066164976348,71,16.866197183098592,16.674211795912818
1615.0,1611.2030600156493,3.796939984350729,3.053411385140669,3.0511687898158386,80,20.1875,20.140038250195616
781.22,801.3313045368807,-20.111304536880652,2.9532373688716063,2.9773448427988383,43,18.167906976744188,18.63561173341583
1432.78,1404.064672276955,28.715327723044993,3.167268362505152,3.1478841354947806,63,22.742539682539682,22.286740829792937
1126.13,1149.4909229933767,-23.360922993376562,2.984106623470251,3.0036102630403136,60,18.768833333333337,19.15818204988961
1139.81,1153.5675521056987,-13.757552105698778,3.0784092706760657,3.0898579108297866,55,20.72381818181818,20.973955492830886
785.4,804.1380581060022,-18.7380581060022,2.874165492809421,2.8964267441472162,47,16.71063829787234,17.10932038523409
1399.41,1367.5704084184304,31.83959158156972,3.030616675407493,3.0087252504726307,71,19.71,19.261555048146906
1388.85,1361.0022175664958,27.847782433504108,3.078652582080515,3.059339076425072,67,20.72910447761194,20.313465933828297
915.3,936.5214297082418,-21.221429708241885,3.0396451385826757,3.0614807584243358,46,19.89782608695652,20.35916151539656
2357.8,1442.7572900181053,915.0427099818949,3.603437093507962,3.1293868622000587,66,35.724242424242426,21.859958939668264
1081.2,1159.7924371698075,-78.59243716980745,2.899326255442896,2.9657576787596085,63,17.16190476190476,18.409403764600118
1037.52,1072.8031625702965,-35.283162570296554,2.9385414048263336,2.9702404120238772,58,17.888275862068966,18.496606251212008
742.12,744.2603492457188,-2.1403492457187667,2.949713874248867,2.952443251182796,41,18.10048780487805,18.15269144501753
1000.28,973.4899177638679,26.790082236132093,3.124354898738629,3.0984163040835453,46,21.745217391304347,21.16282429921452
872.96,910.2616619236707,-37.30166192367062,2.8429263681245325,2.882378644745634,54,16.165925925925926,16.85669744303094
1971.5,2586.6763025696937,-615.1763025696937,3.538499903220633,3.803144558655945,59,33.41525423728814,43.84197122999481
1686.3,1550.1439724733884,136.15602752661152,3.323836260504687,3.2428056053285017,63,26.766666666666666,24.605459880529974
1130.22,1140.600975339918,-10.380975339917995,2.8417649102565643,2.850376947074447,70,16.146,16.294299647713114
1419.19,1383.9591416607836,35.23085833921641,3.04397903054714,3.0200532208371946,71,19.988591549295776,19.492382276912444
561.6,582.2049355087369,-20.604935508736844,2.601207105484161,2.6346108483496122,45,12.48,12.937887455749708
2805.74,2610.820116547528,194.91988345247182,3.9338334196919953,3.8632903833084615,56,50.1025,46.62178779549157
904.38,872.2616805461513,32.1183194538487,2.9490389095618066,2.914805996239404,50,18.0876,17.445233610923026
1063.96,1044.2138757167352,19.746124283264862,3.0128217762385776,2.995017359624584,55,19.344727272727273,18.985706831213367
2243.87,1304.0001208699705,939.8698791300294,3.5406867365967147,3.0186031483332485,67,33.49059701492537,19.46268837119359
1360.45,1347.3457072803367,13.104292719663363,3.196876994579305,3.1875955959586575,58,23.45603448275862,23.230098401385114
910.14,883.2529953269349,26.88700467306512,3.0138020695346035,2.985308985427571,47,19.36468085106383,18.792616921849678
2085.78,1921.7205929110924,164.05940708890785,4.049563916746384,3.969128867721778,37,56.37243243243244,51.9383944030025
998.97,1006.9135031254493,-7.943503125449297,2.739408424640712,2.746818845463348,69,14.477826086956522,14.592949320658686
907.18,963.6697837461952,-56.48978374619526,2.649540491040915,2.705796246182869,69,13.147536231884057,13.966228749944857
859.14,891.0851701217443,-31.945170121744354,2.559743522895533,2.5934757313652868,72,11.9325,12.37618291835756
3262.6,1563.785932685501,1698.814067314499,3.863012817055164,3.150160016639864,70,46.60857142857143,22.339799038364298
1174.36,1128.3952963397487,45.96470366025119,3.198150532047068,3.1598858681472612,50,23.487199999999998,22.567905926794975
2237.33,2304.6571012745007,-67.32710127450082,3.567289662717605,3.596113270759404,65,34.42046153846154,35.45626309653078
1047.15,979.0848733728899,68.0651266271102,3.2328704647404947,3.168399697975051,43,24.352325581395352,22.76941565983465
1376.55,1389.3227449153783,-12.772744915378325,2.962899116458751,2.971660010865666,75,18.354,18.52430326553838
1753.75,1689.0263346433646,64.72366535663537,3.4584451352408854,3.4220465512939584,57,30.767543859649123,29.63204095865552
907.18,910.7115383739058,-3.531538373905846,2.811871601895698,2.815523867009269,58,15.64103448275862,15.70192307541217
1660.28,1613.8275523221344,46.45244767786562,3.128766832250659,3.101648422378274,76,21.84578947368421,21.23457305687019
1108.36,1099.2077140680797,9.152285931920233,2.8932394370428627,2.8854087909878,65,17.051692307692306,16.91088790873969
1216.8,1143.437798020056,73.36220197994385,3.2322263092363386,3.1725703217073375,50,24.336,22.86875596040112
785.4,832.9624701859512,-47.56247018595127,2.9152450226413045,2.970941358288292,45,17.453333333333333,18.510277115243362
1532.5,1581.3182591388859,-48.81825913888588,3.1172641420918943,3.147254709295287,71,21.58450704225352,22.272088156885715
997.12,1005.6403379404694,-8.520337940469403,2.8081971497071487,2.816194654825083,64,15.58,15.713130280319834
1137.75,1147.808053962489,-10.058053962489112,2.917978610683926,2.9263063857706255,65,17.503846153846155,17.658585445576755
1210.62,1191.296182992012,19.323817007987827,3.0529156870814447,3.037590677210317,60,20.177,19.8549363832002
1267.2,1249.8562080524878,17.343791947512273,2.9634785388941176,2.9504136262960334,69,18.36521739130435,18.113858087717215
1303.4,1197.6421706590027,105.75782934099743,3.298352218369979,3.2169877801601867,50,26.068,23.95284341318005
656.1,651.9830847066867,4.116915293313355,2.7254344475341084,2.719553472035056,46,14.26304347826087,14.17354531971058
2021.3,1819.0826284819582,202.21737151804177,3.369830928084419,3.268238644341904,72,28.07361111111111,25.265036506693864
2167.2,3012.4754083866337,-845.2754083866339,3.323436020355258,3.6426013108203077,81,26.755555555555553,37.19105442452634
582.9,592.0312061376279,-9.131206137627942,2.722418032412433,2.7369476530203434,41,14.217073170731707,14.4397855155519
2591.9700000000003,2549.6234456021443,42.346554397855925,3.7887134768024735,3.7726166539705313,60,43.19950000000001,42.493724093369075
1796.2,1725.2764892404475,70.92351075955253,3.339859121428004,3.301029025138056,66,27.215151515151515,26.140552867279506
1643.46,1650.8170451117612,-7.357045111761181,3.2689603890356214,3.2732573874005286,65,25.284,25.39718530941171
1130.12,1402.649729974798,-272.5297299747981,3.087771115095326,3.294910325770068,54,20.928148148148146,25.974994999533298
2363.08,2258.1915327048555,104.88846729514444,3.3718339571585343,3.3280255236548055,84,28.13190476190476,26.883232532200662
1219.54,1211.5824481128918,7.9575518871081385,2.95501910395786,2.9488146614212627,67,18.202089552238807,18.083320121087937
2525.76,3067.233463076415,-541.4734630764146,3.337856709125653,3.52580169141904,93,27.158709677419356,32.98100497931629
1040.13,1024.448903370778,15.681096629222111,3.008730759339648,2.994295040646786,54,19.26166666666667,18.97127598834774
1279.2,1329.0565151576168,-49.85651515761674,3.0589306113326065,3.095402713648228,63,20.304761904761907,21.096135161232013
2190.35,2134.8922767805893,55.45772321941058,3.2322745486088853,3.207654108167963,90,24.33722222222222,23.721025297562104
721.38,697.0171440876969,24.362855912303075,3.100860409272514,3.0680763877829476,34,21.217058823529413,20.50050423787344
1250.97,1245.2325318497517,5.737468150248333,2.680850281175556,2.676568905536116,92,13.5975,13.53513621575817
1238.69,1248.5887442359547,-9.89874423595461,2.641827924061632,2.649222588784819,95,13.038842105263159,13.14303941301005
2220.8900000000003,1328.853714703932,892.0362852960684,3.256318813602258,2.7682631689239594,89,24.953820224719106,14.93094061465092
786.38,811.6039498347922,-25.223949834792165,2.601371945177932,2.630636428738526,63,12.482222222222223,12.882602378330034
941.06,960.8219095471534,-19.761909547153437,2.5699270860558334,2.5891337440848576,78,12.064871794871793,12.31822960957889
1186.52,1201.0395074880844,-14.5195074880844,2.641816471015761,2.6531177559093315,91,13.038681318681318,13.198236346022906
1160.39,1169.7102506426563,-9.32025064265622,2.6417743414534547,2.6492064953652057,89,13.038089887640451,13.142811804973666
1297.47,1364.8530134650036,-67.38301346500361,2.5081630954937437,2.554765918236478,115,11.282347826086957,11.868287073608727
1248.75,1281.3004797489996,-32.55047974899958,2.601763330584253,2.6256105250347823,100,12.4875,12.813004797489995
1285.88,1283.0931109803828,2.7868890196173197,2.601523957704057,2.5995153689032877,103,12.484271844660196,12.457214669712455
609.15,622.7809829051757,-13.630982905175756,2.59761257076079,2.618112070993743,49,12.431632653061223,12.709815977656648
1106.89,1129.8981995075878,-23.008199507587733,2.708800974053975,2.7280167923755902,79,14.01126582278481,14.302508854526428
1473.53,1493.8198233833568,-20.28982338335686,2.601766472220197,2.614434520259251,118,12.487542372881355,12.659490028672515
1135.2,1156.8284900980548,-21.628490098054726,2.580705468742043,2.5981621198076668,93,12.206451612903226,12.439016022559729
3573.85,3089.913077869803,483.93692213019676,3.7855167922843194,3.6435647891062306,83,43.05843373493976,37.22786840806992
3069.9,3323.41711853609,-253.51711853609004,3.3046300016563213,3.381174063607246,117,26.23846153846154,28.40527451740248
2577.4,2828.2095048135534,-250.8095048135533,3.4107726046674203,3.5007031227133756,88,29.288636363636364,32.13874437288129
521.7,552.5630139431767,-30.86301394317661,2.642088445424451,2.6955777658870197,40,13.0425,13.814075348579417
1346.8,1452.0629913209023,-105.2629913209023,2.5668705876394307,2.6365433247797423,112,12.025,12.964848136793771
1016.39,1069.1055045824298,-52.715504582429844,2.594881502996572,2.6417588206646414,82,12.395,13.037872007102802
978.47,1036.5147945458461,-58.044794545846116,2.5158850054377138,2.5689795032723457,86,11.377558139534884,12.052497610998211
1346.8,1370.4032360747267,-23.603236074726738,2.5668705876394307,2.582920986670655,112,12.025,12.23574317923863
1232.84,1258.9293866334228,-26.08938663342292,2.60859812213055,2.628012143431156,98,12.579999999999998,12.846218230953294
913.32,968.0569977976936,-54.73699779769356,2.485227883327544,2.5387109935772116,83,11.003855421686747,11.663337322863779
557.44,592.1890091813884,-34.749009181388374,2.594325585573328,2.6504038395000356,45,12.387555555555556,13.15975575958641
1307.6,1336.3669167769467,-28.7669167769468,2.6352310654700504,2.655447671911059,101,12.946534653465346,13.231355611652937
3555.78,3209.682708304103,346.0972916958972,3.5892177408985755,3.4897891865471733,101,35.20574257425743,31.779036715882206
1034.74,1072.4932628491931,-37.753262849193106,2.6114497583722525,2.644697545956053,82,12.618780487804878,13.079186132307234
1131.46,1129.4416557265556,2.018344273444427,2.6288266023118227,2.6271701179557803,88,12.8575,12.83456426961995
1431.53,1402.8555006038916,28.67449939610833,2.6744934175733674,2.655667601690199,106,13.504999999999999,13.234485854753695
1057.8,1088.3562599997708,-30.556259999770873,2.5156131385241367,2.5418189371642996,93,11.374193548387096,11.702755483868504
836.39,1009.1885452161038,-172.79854521610378,2.615392057095684,2.7905965740548533,66,12.672575757575757,15.29073553357733
1354.3,1336.5627453236825,17.737254676317434,2.667846827078021,2.6555839037984823,101,13.408910891089109,13.233294508155273
1164.02,1162.348777060072,1.6712229399279295,2.655176711495142,2.6538409985468974,88,13.2275,13.20850883022809
1090.58,1127.6573921437628,-37.077392143762836,2.573951451794122,2.604874451132612,90,12.117555555555555,12.529526579375142
997.6,1067.7257826645312,-70.12578266453113,2.4618837893387053,2.524201270005141,93,10.726881720430107,11.48092239424227
819.18,841.8546558655369,-22.67465586553692,2.515880308253441,2.54100541995233,72,11.3775,11.692425775910234
1229.9,1240.8912852693873,-10.991285269387163,2.6352153722735365,2.6434770858837067,95,12.946315789473685,13.062013529151445
678.58,697.3573604683958,-18.777360468395727,2.57394721657873,2.5991880067815303,56,12.117500000000001,12.45281000836421
1164.02,1171.8503258008288,-7.830325800828859,2.655176711495142,2.6614113893643783,88,13.2275,13.31648097500942
1094.59,1118.57922174328,-23.98922174328004,2.587671101957953,2.6077366217114415,89,12.29876404494382,12.568305862284044
1021.2,1086.240460908463,-65.04046090846305,2.454232642603185,2.510818421432744,96,10.637500000000001,11.315004801129824
1414.33,1454.965402261514,-40.63540226151417,2.628829882446833,2.655138629756329,110,12.857545454545454,13.226958202377402
990.36,1063.3112069810375,-72.95120698103744,2.5377595117313394,2.6033963698723808,85,11.651294117647058,12.509543611541616
1058.2,1065.0735867334604,-6.873586733460343,2.655176711495142,2.661197547138851,80,13.227500000000001,13.313419834168254
669.33,679.7833667919078,-10.453366791907797,2.594881502996572,2.6092297978772,54,12.395000000000001,12.588580866516812
936.25,960.6166849842556,-24.366684984255585,2.5304090322093606,2.554080135263646,81,11.558641975308642,11.859465246719205
1216.56,1244.5746752608625,-28.014675260862532,2.615386516238791,2.6365054716770113,96,12.6725,12.964319533967318
739.77,767.057883458564,-27.28788345856401,2.5449335206246317,2.578360711074156,63,11.742380952380952,12.175521959659745
3877.47,2640.875684916747,1236.5943150832527,3.830527886927314,3.4565644987971047,86,45.086860465116274,30.707856801357526
1020.78,1055.0011944161736,-34.2211944161736,2.5876553238201505,2.6181880564639726,83,12.298554216867469,12.710857764050283
984.94,1022.3536603122277,-37.41366031222765,2.500821008602071,2.535097041975763,88,11.1925,11.61765523082077
685.1,711.2663214339401,-26.166321433940084,2.566432737141538,2.6010851779018083,57,12.019298245614035,12.478356516384913
1172.16,1243.9980430942232,-71.83804309422317,2.580974118534234,2.636075241098609,96,12.21,12.95831294889816
1055.24,1087.1534914124315,-31.91349141243154,2.523325759691945,2.5507635028114386,92,11.47,11.816885776222081
841.4,889.6169537334285,-48.21695373342857,2.63509343981816,2.68692289455766,65,12.944615384615384,13.686414672821977
830.13,853.2640972688257,-23.134097268825712,2.594508159703081,2.6199680717063596,67,12.39,12.73528503386307
745.55,755.5702924627536,-10.020292462753673,2.5668705876394307,2.5792024986937663,62,12.024999999999999,12.186617620366993
1313.87,1334.3264392054036,-20.45643920540374,2.594881502996572,2.609185966659443,106,12.395,12.587985275522676
767.04,803.5129669673232,-36.47296696732326,2.6081875982238416,2.651292440221377,61,12.574426229508196,13.17234372077579
1094.12,1113.532153400168,-19.41215340016811,2.60831030118705,2.624612079988472,87,12.576091954022987,12.799220154024919
889.85,912.9925234225027,-23.142523422502677,2.5668705876394307,2.590597371147432,74,12.025,12.337736803006793
1273.73,1395.7539695211724,-122.02396952117238,2.60176696502494,2.6867490979991837,102,12.487549019607844,13.683862446286003
906.29,960.4788978282772,-54.18889782827728,2.500514661260023,2.5539478444966583,81,11.188765432098766,11.857764170719472
936.25,1070.3567809522801,-134.10678095228013,2.5304090322093606,2.654247180780251,81,11.558641975308642,13.214281246324447
1080.03,1106.0314479234116,-26.00144792341166,2.6288266023118227,2.6509182137394753,84,12.8575,13.167041046707281
700.91,730.2547564044677,-29.344756404467716,2.5875133772492056,2.625500633925052,57,12.296666666666667,12.811486954464346
1352.55,1367.2508797929002,-14.700879792900196,2.6484101268222107,2.658459343507054,103,13.131553398058252,13.274280386338836
1323.98,1388.2598917534613,-64.27989175346124,2.628586613732025,2.672647618356441,103,12.854174757281553,13.478251376247197
1123.98,1126.1555695352642,-2.1755695352642306,2.654881051390458,2.6566789425075332,85,13.22329411764706,13.24888905335605
993.48,1049.4662271601687,-55.98622716016871,2.608281150142626,2.659166816147499,79,12.575696202531645,13.284382622280617
2998.65,3120.6967328444034,-122.04673284440332,3.493488825266577,3.5321935211326916,94,31.90053191489362,33.19890141323833
1194.76,1208.1394938866674,-13.379493886667433,2.60833454193475,2.618654735731807,95,12.576421052631579,12.717257830385973
2260.26,2738.6164908863807,-478.35649088638047,3.519199394951493,3.705984673901246,69,32.75739130434783,39.69009407081711
1296.48,1272.867660679402,23.61233932059804,2.6744934175733674,2.657390960542644,96,13.505,13.259038132077103
1160.5,1195.5984590735911,-35.09845907359113,2.515876347865244,2.5432976825558202,102,11.377450980392156,11.721553520329325
1780.22,1465.9469682785882,314.2730317214118,2.943492225980213,2.760487366181548,99,17.982020202020202,14.807545134127153
1476.3,1550.5199245426556,-74.21992454265569,2.6354795082673745,2.6810935788359074,114,12.95,13.601051969672419
1168.66,1167.3061566625747,1.35384333742536,2.6483717607283843,2.6472947028971046,89,13.131011235955057,13.115799513062637
1094.12,1091.1111686661486,3.008831333851276,2.60831030118705,2.605759611788652,87,12.576091954022987,12.5415076858178
637.0,645.1847645536072,-8.184764553607238,2.566399684039183,2.5781918598460813,53,12.018867924528301,12.173297444407684
3920.04,3308.554825216688,611.4851747833118,3.532830080252062,3.368625986787291,118,33.2206779661017,28.038600213700747
946.64,1014.8014623545436,-68.16146235454357,2.485526612610089,2.549446499371767,86,11.007441860465116,11.8000170041226
1377.4,1391.4812016094984,-14.081201609498294,2.6563519664378163,2.665812408879382,104,13.24423076923077,13.37962693855287
1121.25,1159.3015766238798,-38.05157662387978,2.5304597032202327,2.5612164484802364,97,11.559278350515465,11.951562645607009
954.08,986.2022187898673,-32.12221878986725,2.5945566537213534,2.625235172441093,77,12.390649350649351,12.80782102324503
1029.76,1052.4585006619798,-22.69850066197978,2.5522787960931828,2.572400310466681,87,11.83632183908046,12.097224145539997
819.18,921.5925627493904,-102.41256274939042,2.515880308253441,2.6246611069795396,72,11.3775,12.799896704852644
1008.81,1023.813303144984,-15.003303144984102,2.5879565712485832,2.601617116902705,82,12.302560975609756,12.485528087133952
753.5,821.7530958597392,-68.25309585973923,2.426740476112688,2.5060883685194075,73,10.321917808219178,11.256891724106017
1060.79,1141.9963802535624,-81.20638025356243,2.5083790059731426,2.5763379271459024,94,11.285,12.14889766227194
3901.12,3298.937049571396,602.1829504286038,3.5788254013405902,3.4162434558290657,112,34.83142857142857,29.454795085458894
956.96,988.3276810774222,-31.367681077422162,2.5736359595684104,2.60346545672739,79,12.113417721518989,12.510476975663572
1448.32,1461.2549500496089,-12.934950049608915,2.849159549924203,2.857538310558132,89,16.27325842696629,16.418594944377627
695.64,694.1124512754759,1.527548724524081,2.5805357579956025,2.578504108107146,57,12.204210526315789,12.177411425885543
1297.5,1392.628743397839,-95.12874339783889,2.58328530168987,2.648866703800921,106,12.24056603773585,13.13800701318716
1206.01,1557.6185748523037,-351.6085748523037,2.51587649731414,2.7533112791501773,106,11.377452830188679,14.694514857097206
1593.74,1244.0784990064612,349.66150099353877,3.1413586291067555,2.905745640791193,72,22.135277777777777,17.278868041756407
775.53,796.4417163346062,-20.91171633460624,2.6033226989080998,2.6279844028708594,62,12.508548387096774,12.845834134429133
1082.88,1086.7365402043042,-3.8565402043041104,2.7368579122839822,2.740183068568078,75,14.438400000000001,14.48982053605739
3271.12,3112.6421005308093,158.47789946919056,3.642097499414097,3.5937699105966834,88,37.17181818181818,35.37093296057738
762.75,795.4178452249181,-32.667845224918096,2.5879459250635994,2.6267909820873094,62,12.30241935483871,12.829320084272872
2266.46,1627.579206982367,638.8807930176331,3.4805817530217675,3.161469855084318,72,31.47861111111111,22.605266763643986
1177.19,1289.2307690552177,-112.04076905521765,2.5946182122139616,2.679022971324231,95,12.391473684210528,13.570850200581239
993.63,1016.3238065485576,-22.69380654855763,2.573942568150944,2.5948212371109887,82,12.117439024390244,12.394192762787288
1074.47,1289.2425835717706,-214.7725835717706,2.6578133119182854,2.828293916775553,81,13.265061728395063,15.916575105824329
1284.39,1287.2309132854941,-2.8409132854940253,2.7469722099741496,2.7490401184575415,88,14.59534090909091,14.627624014607887
930.92,943.254537368632,-12.334537368632027,2.60859812213055,2.6207975540939605,74,12.58,12.746682937413945
592.0,600.5153267344385,-8.515326734438531,2.552565298261815,2.5657418537140853,50,11.84,12.010306534688771
1229.9,1240.008118420166,-10.108118420165965,2.6352153722735365,2.642815760428926,95,12.946315789473685,13.052717036001749
1029.76,1050.886444161611,-21.12644416161106,2.5522787960931828,2.5710197056060546,87,11.83632183908046,12.07915453059323
1108.24,1237.4566688668829,-129.21666886688286,2.429868032670288,2.5309164122909853,107,10.357383177570094,11.565015596886756
1138.7,1157.8825065322617,-19.18250653226164,2.6242614094546544,2.6397653506044674,89,12.794382022471911,13.009915803733277
961.2,976.1172246007573,-14.917224600757208,2.601438301539445,2.6157044084913665,77,12.483116883116883,12.676847072737107
1212.33,1277.7861089201415,-65.45610892014156,2.62186527676486,2.6707207182883583,95,12.76136842105263,13.450380093896227
860.81,1065.9618789864783,-205.15187898647832,2.642093840288001,2.842052840362662,66,13.042575757575756,16.150937560401186
920.93,953.7561075229897,-32.82610752298979,2.5739472165787296,2.606343924085822,76,12.1175,12.54942246740776
757.57,825.6791193934476,-68.1091193934476,2.4699984537691604,2.549086981106301,70,10.822428571428572,11.795415991334966
2444.44,2610.317003521666,-165.87700352166576,3.609501966309064,3.6734361873038313,68,35.94764705882353,38.38701475767156
1466.4,1491.5267844002976,-25.126784400297538,2.688165327433236,2.704008889856508,107,13.704672897196263,13.939502657946706
1069.49,1125.9039955042126,-56.41399550421261,2.642092787633984,2.689922654151934,82,13.042560975609756,13.730536530539178
1215.9,1232.2200854147318,-16.320085414731693,2.66455369308614,2.676963997062047,91,13.361538461538462,13.540880059502546
2163.64,2345.0854943179456,-181.44549431794576,3.645557930325493,3.7240658027169395,58,37.30413793103448,40.432508522723204
1018.64,1049.58855218937,-30.948552189369934,2.608288977821344,2.636044464087956,81,12.575802469135802,12.957883360362592
3805.08,3062.651798919317,742.4282010806828,3.7568666919156617,3.5454568550762766,91,41.81406593406593,33.65551427383865
938.69,1005.8973284765439,-67.20732847654381,2.477798110550705,2.541324834089414,86,10.915000000000001,11.696480563680742
1043.94,1050.1345987297389,-6.1945987297388,2.6196542740476065,2.6251409079019186,82,12.730975609756099,12.806519496704132
1332.0,1349.177614953282,-17.177614953282045,2.6616571615325,2.67358132642808,100,13.32,13.49177614953282
1453.14,1449.0261818566216,4.113818143378467,2.6972877310294354,2.694644028669727,105,13.839428571428572,13.800249351015443
570.88,593.6198340638617,-22.739834063861736,2.576146662135992,2.6122885966838876,47,12.146382978723404,12.630209235401313
1512.48,1547.8984693173368,-35.41846931733676,2.761795389101189,2.783496217970008,102,14.828235294117647,15.175475189385654
903.54,905.5226409412558,-1.982640941255795,2.580974118534234,2.583000258707827,74,12.209999999999999,12.236792445152105
2592.2200000000003,3087.2325813692446,-495.01258136924434,3.520842723406032,3.6908498474896314,79,32.81291139240507,39.07889343505373
1019.07,1017.2408587201377,1.8291412798623696,2.718248026078656,2.716570153676497,72,14.15375,14.128345260001913
1881.0,1730.0737261574598,150.92627384254024,2.9045420354893943,2.8256694319236524,109,17.256880733944953,15.872236019793208
1018.16,1027.0079643839829,-8.847964383982912,2.654850328444078,2.6628970190732617,77,13.222857142857142,13.337765771220557
887.88,1068.2843086291998,-180.40430862919982,2.7756349253061257,2.950029308620231,59,15.048813559322033,18.10651370557966
1409.76,1396.3164000898223,13.443599910177682,2.743005950638809,2.7340437189476834,97,14.53360824742268,14.395014433915694
1281.8,1271.8341705749535,9.965829425046422,2.7557816039234,2.7484742649274785,87,14.733333333333333,14.618783569827052
1303.24,1311.5471235609768,-8.307123560976834,2.604994719119601,2.6108804959627516,104,12.531153846153845,12.611030034240162
887.04,876.4514687396145,10.58853126038548,2.7283165623077563,2.717096758125594,62,14.307096774193548,14.136314011929265
1436.4,1608.8102209199153,-172.41022091991522,2.873696019728432,2.9809787532335528,86,16.70232558139535,18.70709559209204
1569.38,1598.258333339224,-28.8783333392239,2.8936152842432663,2.910848079150223,92,17.058478260869567,17.372373188469826
1248.0,1225.500138343915,22.49986165608493,2.8094026953624978,2.7923148594353577,80,15.6,15.318751729298938
1192.32,1181.4480733816529,10.87192661834706,2.778363157293257,2.7697746980578657,79,15.0926582278481,14.955038903565226
1023.62,1048.2940000962296,-24.674000096229634,2.8476925135936813,2.8701456547899293,63,16.247936507936508,16.639587303114755
1472.57,1447.45136148103,25.118638518969874,2.793571463793145,2.777428140141802,96,15.339270833333332,15.07761834876073
939.82,992.7129316219643,-52.892931621964294,2.930257465179686,2.982162249450055,53,17.73245283018868,18.730432672112535
1106.08,1104.8883236762817,1.191676323718184,2.7442975372844893,2.7432889106238565,76,14.553684210526315,14.538004258898445
1652.49,1635.8685096111574,16.62149038884263,2.854242849842757,2.844718546828754,101,16.36128712871287,16.196717916942152
1162.32,1192.5691100993204,-30.249110099320433,2.778512699229426,2.8026274166429612,77,15.095064935064935,15.487910520770395
1490.58,1513.529231461614,-22.94923146161409,2.7666838225843966,2.7810089421428015,100,14.9058,15.13529231461614
2807.7200000000003,3204.876314987964,-397.1563149879639,3.482697971657469,3.6111839917236632,89,31.547415730337082,36.00984623581982
1065.16,1045.5535888057823,19.6064111942178,2.772729557392468,2.755322190226151,71,15.002253521126761,14.726106884588482
660.33,660.6879792153997,-0.35797921539960953,2.77305736241082,2.773565488252197,44,15.0075,15.015635891259082
1592.96,1789.4591688160926,-196.4991688160926,2.9077085265832467,3.0180143313490753,92,17.31478260869565,19.450643139305356
1483.52,1471.4524056752255,12.067594324774518,2.949254068891697,2.9415158442635003,82,18.09170731707317,17.9445415326247
1296.46,1332.9552391791512,-36.49523917915121,2.810606789427302,2.83671905520825,83,15.620000000000001,16.059701676857244
1515.05,1531.4257809755281,-16.375780975528187,2.840104439441544,2.850230297234698,94,16.11755319148936,16.291763627399234
1177.4,1175.6412978595672,1.758702140432888,2.77850069919384,2.777098807220228,78,15.094871794871796,15.072324331532913
1482.95,1576.2145544283742,-93.26455442837414,2.9605207966123253,3.018444338034104,81,18.308024691358025,19.459438943560176
1040.65,1291.8122255791336,-251.16222557913352,2.90931163113724,3.1148567983292326,60,17.34416666666667,21.530203759652228
1175.85,1216.3618433000584,-40.511843300058445,2.64368944194182,2.675191663382647,90,13.065,13.51513159222287
1578.75,1614.0531661381726,-35.30316613817263,2.79286120867608,2.813635836741839,103,15.327669902912621,15.670419088720122
1258.62,1277.196986416655,-18.576986416655018,2.7827925101743314,2.7965442033981947,83,15.164096385542168,15.387915498995842
1480.7,1446.7289833432376,33.97101665676246,2.7698703844404617,2.7481310617977712,99,14.956565656565656,14.613424074174118
1372.28,1383.2226500894908,-10.942650089490826,2.7082406591544,2.715655661967801,98,14.002857142857142,14.114516837647866
1218.3,1203.139811508037,15.160188491963027,2.6663884157168574,2.6547420086951123,91,13.387912087912087,13.221316609978429
822.19,845.5670353613448,-23.377035361344724,2.672666488821652,2.698791112941447,61,13.478524590163936,13.861754678054833
1386.2,1365.1777088887643,21.022291111235745,2.8292840659163265,2.8149114582830785,87,15.933333333333334,15.69169780331913
951.7,992.5707866386628,-40.87078663866271,2.523026200814307,2.5617661561685257,83,11.466265060240964,11.958684176369431
1357.23,1360.4694177024962,-3.239417702496212,2.7672378935941158,2.769472207282189,91,14.914615384615384,14.950213381346112
1313.42,1320.7617485820058,-7.341748582005721,2.7263028924317645,2.7315131775346373,92,14.276304347826088,14.35610596284789
1214.5,1231.108804602836,-16.608804602836017,2.643272702785822,2.6558954186702612,93,13.059139784946236,13.237729081750924
1494.35,1472.770472581136,21.579527418864018,2.6799936033196845,2.666451688364868,110,13.584999999999999,13.388822478010326
793.17,831.6195393751527,-38.44953937515277,2.5663120649174727,2.610091560971156,66,12.017727272727273,12.600296051138677
1079.19,1053.807055445259,25.382944554741016,2.7850025480603944,2.762686916617442,71,15.199859154929579,14.842352893595198
1277.15,1371.2862689285419,-94.13626892854177,2.6319251740452705,2.698092551446386,99,12.900505050505052,13.851376453823654
3694.76,3174.5577977651346,520.2022022348656,3.829902530935251,3.6817067789955735,82,45.05804878048781,38.71411948494067
1076.9,1068.4396197090002,8.460380290999865,2.7316799183961504,2.7243080954794876,75,14.358666666666668,14.245861596120003
1595.42,1620.2856988160966,-24.865698816096483,2.90916743716647,2.923795845879293,92,17.341521739130435,17.611801074088007
1022.7,1024.1910343602856,-1.4910343602855392,2.77506726575859,2.776433375718917,68,15.039705882352942,15.061632858239493
836.93,870.8941994383413,-33.964199438341325,2.5748555357676475,2.6116608105431385,69,12.129420289855071,12.621655064323786
1147.12,1177.3912326022328,-30.271232602232885,2.778426909966027,2.8028748025876724,76,15.093684210526314,15.491989902660958
1203.75,1227.796586843287,-24.04658684328706,2.645056380020776,2.6634443257803184,92,13.084239130434783,13.345615074383556
797.89,870.7016423247908,-72.8116423247908,2.491700647857161,2.5720837215345167,72,11.081805555555555,12.093078365622095
1187.26,1172.7184614952223,14.54153850477769,2.7058988690381263,2.6944033572299855,85,13.967764705882352,13.796687782296733
1063.75,1079.557018641433,-15.807018641432933,2.5307161858192946,2.5443003511966222,92,11.5625,11.734315420015575
1158.43,1178.5744252478387,-20.144425247838626,2.694007619512255,2.710091311260035,84,13.790833333333333,14.030647919617127
785.35,807.393483649834,-22.043483649834002,2.6769390451576043,2.7027412873452437,58,13.54051724137931,13.920577304307484
995.67,995.5375138668678,0.1324861331321472,2.62212913859457,2.6220057354000077,78,12.764999999999999,12.763301459831638
1322.59,1351.9522871918343,-29.36228719183441,2.887940028709107,2.9086875304076014,78,16.95628205128205,17.332721630664544
1133.27,1324.29812756569,-191.02812756569006,2.5594850626455856,2.7040408604377473,95,11.929157894736841,13.939980290165158
1668.96,1590.8429327960025,78.11706720399752,2.8729768962710494,2.827812274383593,100,16.6896,15.908429327960025
1025.64,1065.5079091144326,-39.86790911443245,2.580974118534234,2.616272425818577,84,12.21,12.684617965648007
1458.0,1404.264784526954,53.73521547304608,2.814055670023283,2.778795752397033,93,15.67741935483871,15.099621338999505
613.08,597.3278973049067,15.7521026950933,2.7470877472982984,2.7227478458044128,42,14.597142857142858,14.22209279297397
1411.2,1584.8120260123917,-173.61202601239165,2.9135576653649755,3.023618832164245,81,17.422222222222224,19.56558056805422
966.88,980.1043842157214,-13.224384215721443,2.708900081397513,2.7215856071570146,69,14.012753623188406,14.204411365445239
1457.17,1443.5993672604427,13.570632739557368,2.8339693607245917,2.8251651209110054,91,16.012857142857143,15.863729310554316
1095.25,1081.8011991193005,13.448800880699537,2.722874836116012,2.7113358788349875,77,14.224025974025974,14.049366222328578
1418.5,1493.8465890070277,-75.34658900702766,2.739192848458064,2.7876825194014248,98,14.474489795918368,15.243332540888037
1115.2,1152.4383871178836,-37.238387117883576,2.604934355298208,2.6353896062100226,89,12.530337078651685,12.948745922672849
1201.9,2089.3488906167568,-887.4488906167567,2.9699409807123707,3.500856548064111,65,18.49076923076923,32.14382908641164
1826.47,1780.6471753852572,45.822824614742785,2.8767575877976004,2.852797528707382,109,16.756605504587156,16.33621261821337
1518.93,1717.1275172247892,-198.19751722478918,2.7123188551987627,2.8272739089033454,108,14.064166666666667,15.899328863192492
1468.35,1482.4803498296633,-14.130349829663373,2.8106515947322577,2.819655232209687,94,15.620744680851063,15.771067551379396
2271.44,3252.589860638476,-981.1498606384757,3.2672172111032007,3.614691522544286,90,25.238222222222223,36.13988734042751
1144.02,1163.9617630309094,-19.941763030909442,2.6935031366999715,2.709624674246441,83,13.783373493975903,14.023635699167583
1532.7,1588.4270603988793,-55.7270603988793,2.831189238111679,2.8648325699953787,96,15.965625000000001,16.546115212488328
614.46,640.5820210129536,-26.12202101295361,2.62475916777121,2.6634334301769544,48,12.801250000000001,13.345458771103202
1510.56,1467.6711484017724,42.888851598227575,2.86787392670725,2.840729402767561,91,16.599560439560438,16.128254378041454
1287.0,1245.8746378755532,41.12536212444684,2.72785282839839,2.6975318454381636,90,14.3,13.843051531950591
3559.95,2628.54903174132,931.4009682586798,4.006216859893794,3.7093313921536617,66,53.93863636363636,39.82650048092909
1363.07,1345.0891745914846,17.98082540851533,2.6924886686459044,2.680114222668665,99,13.768383838383837,13.586759339307925
1732.19,1800.2520777235861,-68.06207772358607,2.7288732118595336,2.764941830699116,121,14.315619834710745,14.878116344823026
1138.42,1141.7175515337187,-3.2975515337186607,2.700231093513464,2.702929430628284,82,13.883170731707319,13.923384774801448
2491.48,2357.5193139270714,133.96068607292864,3.871389672355484,3.817305572676752,53,47.00905660377359,44.48149648919003
1134.6,1131.8621016677382,2.737898332261693,2.7931528507232883,2.7908849339861486,74,15.332432432432432,15.295433806320787
2115.13,1565.9601973749316,549.1698026250685,3.1673017893221527,2.8813468048114217,93,22.743333333333336,16.838281692203566
1261.95,1279.867463598999,-17.917463598998893,2.855835581840808,2.8691285645296376,77,16.38896103896104,16.62165537141557
1702.92,1798.4566883286418,-95.53668832864173,2.9505345848803897,3.002336316823909,94,18.116170212765958,19.132517960942998
1687.68,1717.2460917044393,-29.56609170443926,2.846518107019156,2.862885312424457,104,16.22769230769231,16.511981651004223
1292.7,1340.3478666492558,-47.647866649255775,2.7013612129514133,2.7351686593316202,93,13.9,14.412342652142536
730.17,730.434955779513,-0.2649557795130022,2.7289671630830474,2.729306283704766,51,14.317058823529411,14.322254034892412
1578.52,1663.9639373277398,-85.44393732773983,2.849167865338043,2.8989056512639646,97,16.27340206185567,17.15426739513134
1429.29,1473.9358857923132,-44.645885792313265,2.973599531049274,3.0028084031327333,77,18.562207792207793,19.142024490809263
1755.08,1917.6243103633062,-162.5443103633063,3.0862039267180355,3.1708974862608583,84,20.893809523809523,22.828860837658407
1676.88,1650.2059621761964,26.6740378238037,2.9666768610740744,2.951473727331973,91,18.427252747252748,18.134131452485676
1644.16,1641.8054475259414,2.3545524740586643,2.8875958582483525,2.886242653529018,97,16.950103092783507,16.92582935593754
2611.07,3484.830085586937,-873.7600855869368,3.21706501202387,3.495625906753278,109,23.954770642201836,31.97091821639392
914.38,1012.4285784186183,-98.04857841861826,2.630347476536209,2.7252060242900127,71,12.878591549295775,14.25955744251575
2010.2,2033.5731856994885,-23.37318569948843,3.078404352485634,3.089435345266202,97,20.723711340206187,20.9646720175205
1488.3,1509.431988504001,-21.13198850400113,2.7938179643457994,2.807059863958114,97,15.343298969072164,15.561154520659805
1409.05,1440.342383595535,-31.292383595535057,2.6864926367461512,2.706976734266119,103,13.680097087378641,13.983906636849854
1585.32,1606.1777540105295,-20.85775401052956,3.0357459414663013,3.0481929277556157,80,19.816499999999998,20.077221925131617
1851.36,1937.0828170586308,-85.72281705863088,2.8982419411653697,2.941062337871871,108,17.14222222222222,17.935952009802136
1662.28,1653.1488008550837,9.131199144916309,2.9377841741804387,2.932568463472381,93,17.873978494623657,17.775793557581544
670.67,672.1039444514423,-1.4339444514423576,2.614043573819723,2.616023102682981,53,12.654150943396226,12.681206499083817
1379.53,1395.8790737299441,-16.349073729944166,2.6488931526666155,2.659845914426333,105,13.138380952380952,13.294086416475658
2321.5,1785.3218754852942,536.1781245147058,3.277559326696291,3.0262091837505416,91,25.51098901098901,19.618921708629607
1212.33,1218.7430070998535,-6.41300709985353,2.62186527676486,2.6267587077219177,95,12.76136842105263,12.828873758945825
2159.11,2153.5402952786335,5.569704721366634,3.1466863917911403,3.144214619103141,97,22.258865979381444,22.201446343078697
2263.26,2213.9862245881955,49.27377541180476,3.080250484023153,3.0592609205142964,109,20.763853211009177,20.311800225579773
1107.84,1143.1712633096568,-35.33126330965683,2.5681549165040387,2.597176337143245,92,12.041739130434781,12.425774601191922
631.19,623.1776043879048,8.012395612095247,2.919555924466513,2.9074740656359097,36,17.533055555555556,17.310489010775132
1795.2,1831.175334631629,-35.97533463162904,2.9419094668564845,2.960713892231167,100,17.952,18.31175334631629
2407.34,1638.075547922081,769.2644520779193,3.389759198473696,3.020468757378336,84,28.658809523809527,19.500899380024773
1433.12,1568.0605489308332,-134.9405489308333,2.591852115644965,2.6753729584716366,116,12.354482758620689,13.517763352852011
1498.86,1543.8245998508603,-44.964599850860395,2.790827001331,2.818595984595139,98,15.294489795918366,15.753312243376126
2242.72,2309.496035177519,-66.77603517751913,3.062847018829164,3.090834181744644,110,20.388363636363636,20.99541850161381
1593.2,1738.034563788741,-144.83456378874098,2.9286423522131257,3.0111869894857883,90,17.702222222222222,19.311495153208234
993.3,1384.5765020305168,-391.2765020305169,2.707392708005683,3.0204774454161516,71,13.990140845070423,19.501077493387562
1935.28,1974.859367561291,-39.579367561291065,2.817441606188783,2.836488399669462,123,15.733983739837399,16.055767215945455
1089.84,1118.7938781112264,-28.95387811122646,2.7062023410137304,2.730692665302988,78,13.972307692307691,14.343511257836235
1804.29,1841.1307160246215,-36.84071602462154,3.1013051196092998,3.1206172027364087,85,21.22694117647059,21.66036136499555
1171.58,1159.0013982843473,12.578601715652667,2.7738539471461072,2.763736676085723,78,15.02025641025641,14.85899228569676
978.75,1002.656463156715,-23.90646315671495,2.6677512813222397,2.690226976435945,73,13.407534246575343,13.73502004324267
3206.37,3128.6686099358444,77.70139006415548,3.656407913966973,3.632517176194863,85,37.722,36.80786599924523
495.36,516.1901151560184,-20.830115156018337,2.831998184796793,2.87080909725217,31,15.979354838709678,16.651294037290914
2145.9,2181.786707316741,-35.88670731674074,2.899617770368322,2.9152970620314838,125,17.1672,17.454293658533928
1467.33,1567.6417443442544,-100.31174434425452,2.8721062062694536,2.934607159106199,88,16.674204545454543,17.81411073118471
809.38,867.273485159717,-57.89348515971699,2.530721871659562,2.5944798707717647,70,11.56257142857143,12.389621216567386
1242.91,1220.847345539736,22.062654460264184,2.8173850869584687,2.800554257579679,79,15.733037974683546,15.453763867591594
1190.11,1204.447565069123,-14.337565069123002,2.8904590556729044,2.9017728393505426,70,17.001571428571427,17.206393786701756
1900.67,1857.0925668123741,43.57743318762596,3.151060411166183,3.12887005693681,85,22.360823529411764,21.84814784485146
3030.55,2807.64049072408,222.9095092759203,3.819181833936265,3.744523002625991,68,44.566911764705885,41.28883074594235
1589.45,1579.4159413876941,10.034058612305898,2.926411967513816,2.9204194382127526,90,17.660555555555558,17.549066015418823
1552.26,1505.9262834762,46.33371652379992,2.9145831487832883,2.885946427162454,89,17.44112359550562,16.920520039058427
1430.37,2134.9989078023577,-704.6289078023578,2.926322648570697,3.309009400325642,81,17.65888888888889,26.358011207436515
1408.96,1407.5451770864468,1.4148229135532802,2.7718969936890394,2.770955192670409,94,14.988936170212765,14.973884862621775
1738.88,1824.9015000234012,-86.02150002340113,2.980498547752052,3.0263874054048583,93,18.697634408602152,19.622596774445174
1718.55,1746.654824414568,-28.104824414568156,3.0775620766553007,3.0930419997092904,83,20.705421686746988,21.044034029091183
969.44,953.3489227171002,16.091077282899846,2.9245682155777444,2.9087363569907327,55,17.62618181818182,17.33361677667455
