Target_Usable_Yield_Kg,Labor_Safe
1161.27,91
638.73,49
1050.8,80
911.36,77
870.75,73
910.2,82
987.6,89
824.18,66
647.5,50
2813.44,87
931.5,73
949.05,76
1066.83,83
993.63,82
843.6,76
720.02,56
753.61,57
937.95,78
1051.48,83
779.96,62
706.23,67
720.06,59
2367.26,54
727.21,65
899.41,71
1161.27,91
634.92,52
1145.52,86
917.78,82
622.38,51
993.48,79
1064.49,84
757.25,63
809.68,63
899.47,68
893.18,68
569.2,47
945.17,78
1251.56,101
873.02,66
1036.74,101
908.49,75
657.86,56
3374.13,61
1020.78,83
2354.6,104
1089.28,92
1100.4,83
997.75,83
1132.2,90
763.08,63
1048.95,84
886.28,71
990.99,82
984.2,80
998.64,75
1229.8,93
787.35,56
1265.6,91
2424.04,77
986.18,79
1131.9,86
3142.7,69
1076.82,85
1892.11,67
1033.78,88
3416.08,73
1078.56,81
1031.75,78
1084.68,85
765.9,60
1418.5,57
1105.65,71
3266.01,79
885.89,67
1047.6,63
1105.39,73
900.72,50
811.92,62
1217.04,84
805.34,65
2837.8,88
1296.3,98
1088.47,80
1201.92,73
473.34,35
1178.55,71
1295.09,88
1053.24,85
1185.7,75
1184.99,73
1437.44,90
1069.97,59
1486.85,91
1214.64,87
886.2,66
1291.59,82
1086.6,86
1282.61,95
1143.27,67
3037.78,79
2690.23,91
814.32,61
1017.32,68
3040.0,82
3009.1,91
847.55,57
882.0,63
1052.76,71
1100.88,68
912.24,61
1176.89,89
1284.7,86
967.05,74
1159.71,71
3789.98,85
3447.75,73
963.93,74
1023.62,74
1069.97,79
935.68,74
1143.12,87
1141.21,82
674.25,51
1135.21,74
1254.48,72
3021.17,65
879.67,57
1112.96,94
1463.85,94
1116.12,85
2409.6,73
834.82,65
873.01,78
2890.2,58
3093.37,71
1030.01,79
778.36,69
1110.21,87
885.78,72
1144.44,91
649.35,49
924.35,71
1097.23,105
937.77,74
939.06,72
970.97,69
899.64,79
674.33,54
760.35,60
986.05,82
780.57,67
839.16,72
631.96,56
1053.24,85
830.13,67
1095.12,79
1980.45,90
799.15,67
1134.68,88
1087.8,84
1051.54,79
473.6,40
891.21,79
1043.67,99
1642.33,65
1008.09,79
1740.74,79
1053.44,89
1458.2,63
1069.99,87
947.2,80
974.64,85
1011.04,77
1064.49,84
892.84,71
591.45,46
870.75,73
1097.79,92
751.29,62
939.84,77
999.0,80
918.48,77
636.53,51
793.28,64
1693.26,69
669.53,51
961.2,77
1578.05,76
1308.69,108
865.8,72
2669.03,75
984.2,80
695.64,57
2183.23,74
977.17,76
1486.66,76
598.46,45
905.76,68
1017.32,78
912.54,71
995.67,78
1986.49,75
956.08,76
993.48,79
1009.36,88
922.36,75
974.03,78
839.5,78
896.7,74
1082.62,88
2003.67,51
958.72,81
603.96,47
951.92,71
846.07,75
984.2,76
902.62,82
598.29,44
835.27,70
771.98,69
1287.23,98
915.42,75
1161.43,86
1222.0,97
865.17,59
1033.62,81
907.8,63
785.7,62
1034.64,71
908.49,75
1118.88,84
634.92,48
1096.47,74
1021.2,96
887.08,70
1104.24,89
1036.62,83
1691.63,109
719.28,54
652.68,56
3152.02,66
2443.92,74
817.53,61
1146.65,80
1115.18,88
787.55,66
3398.4,78
997.58,71
993.48,79
986.79,84
2018.28,77
1026.63,91
798.03,63
1098.6,84
1260.54,85
1091.62,82
1275.29,104
990.36,85
1065.53,90
703.7,59
733.95,63
1311.72,104
673.4,52
1437.67,94
1032.33,74
865.44,65
1070.26,78
1181.88,83
800.88,61
873.81,75
1275.3,90
787.8,71
1115.62,82
523.92,48
2091.4700000000003,65
676.31,55
1635.84,97
1274.64,81
974.03,78
1230.05,73
895.38,59
1301.12,93
2782.3,94
966.78,85
716.32,64
905.82,79
805.35,67
668.59,52
994.56,84
836.57,68
1152.2,89
1153.07,90
1059.22,79
1034.15,86
626.04,48
2079.55,84
1112.88,83
846.88,71
778.32,61
1085.59,80
3354.21,81
2200.0,43
1005.29,76
973.7,72
1018.64,81
969.4,80
896.67,78
650.67,51
569.92,45
854.7,66
853.45,71
3877.44,94
817.74,67
1572.12,66
842.16,69
905.45,74
1066.34,88
1185.12,89
1107.45,76
802.9,62
1161.6,82
1221.29,84
806.52,61
859.36,67
3051.69,53
1129.61,86
938.22,89
2484.6,80
693.72,61
531.0,47
940.54,82
1077.7,88
955.8,85
1023.88,67
2398.6,93
1900.2,64
1501.05,54
3558.88,86
714.61,59
1191.38,80
1066.83,82
1008.35,75
2686.88,82
795.24,61
1221.2,87
1036.12,83
749.25,60
1220.74,96
868.32,65
814.37,62
627.2,53
1702.41,71
900.9,67
996.17,81
1422.69,105
877.5,73
952.38,76
795.8,56
1065.97,86
1056.72,84
1142.05,95
936.2,79
880.6,70
810.3,60
731.68,58
767.04,61
751.25,65
671.16,61
1300.18,95
828.8,70
1116.12,85
690.37,57
2299.2,63
805.34,65
1278.57,77
1059.84,66
1087.32,83
1102.62,74
436.15,31
902.59,71
1159.76,78
1094.11,78
2503.05,76
767.04,61
756.47,58
664.81,54
1107.56,78
1136.71,83
963.11,76
1124.09,84
1000.84,71
922.36,75
662.16,44
896.25,73
1142.05,78
927.22,73
1168.52,82
975.56,67
1064.05,75
726.66,53
1183.89,83
1157.18,79
963.48,84
1188.0,87
1046.76,79
1164.03,80
895.16,60
956.66,71
1260.84,80
1480.05,77
1207.66,78
1752.63,90
1442.31,88
3495.8,73
3686.73,80
1312.08,91
1293.06,79
1047.5,80
1296.75,81
1160.33,62
722.3,55
1261.42,100
734.58,55
1091.89,66
3449.38,58
960.84,59
1203.36,80
729.0,49
1613.12,83
1320.0,70
1334.52,76
947.1,65
1235.99,75
1105.5,88
1255.17,78
1451.88,70
1381.66,63
1667.33,76
2288.82,88
2152.33,94
1372.74,56
620.42,45
2257.28,83
1812.79,84
2009.28,92
1555.26,79
1443.14,83
1491.78,78
1240.56,58
1782.05,76
1872.11,83
1499.47,67
1263.36,77
1523.52,70
3231.95,69
1384.5,54
1825.07,82
1972.46,89
1433.58,71
2552.2,105
3797.42,81
1363.25,72
1348.67,61
1589.84,69
1884.11,83
3601.88,68
1425.2,76
1306.96,74
2070.14,95
830.08,41
1078.7,60
1639.89,72
2092.32,92
1519.97,61
1729.83,74
1043.55,55
803.42,57
1027.84,68
1130.16,52
1780.59,81
1432.6,76
1225.47,53
1097.78,64
1368.0,79
1657.85,83
1830.08,87
3513.42,61
2054.96,88
1943.22,83
1243.75,64
1526.33,84
1513.35,84
1480.18,85
3245.6,82
2924.8,82
1500.24,83
774.23,55
919.44,54
2485.99,79
870.0,67
2703.46,65
1163.4,79
833.49,56
1324.22,64
1423.43,77
1476.86,79
3556.28,91
1113.84,70
1165.68,65
970.44,81
1067.95,77
2281.02,58
775.99,52
1451.52,80
1307.8,76
1321.88,72
1975.48,86
3333.27,71
780.43,49
914.6,51
1061.22,73
1705.88,78
1473.33,102
1079.73,77
1053.36,72
714.84,56
1243.92,67
2825.0,70
1310.0,97
870.54,54
1418.48,103
1183.33,81
935.99,61
1027.19,77
1203.32,81
3841.72,74
1270.8,78
981.85,76
1438.65,92
636.66,51
3114.06,71
1156.0,87
2655.66,58
1292.86,88
1051.28,61
1166.84,81
567.21,42
1206.15,77
993.6,81
1105.02,80
1204.14,73
1058.85,86
1028.77,58
2307.0,67
1141.95,83
1335.1,90
2815.54,65
1128.32,80
1242.5,86
1225.5,81
2165.38,62
1167.39,94
1339.2,75
1060.18,77
1177.18,71
847.21,59
1467.27,95
848.0,54
2537.08,76
1523.2,112
1520.91,93
1161.72,71
1094.6,81
2132.67,86
768.5,52
1110.69,77
1098.1,80
1262.3,78
1229.9,71
1187.12,68
1226.94,73
1233.0,70
1276.8,83
1711.18,95
2603.88,62
947.29,71
1069.88,67
3560.29,69
1300.86,58
1288.7,74
1418.59,72
898.51,64
1391.18,74
1592.64,71
1322.88,73
974.46,41
1659.59,83
1668.49,87
1328.25,79
3548.1,73
1187.12,55
1342.0,81
2273.52,50
1095.16,70
1236.95,65
981.55,66
1561.2,83
3592.44,87
993.51,68
1149.54,52
1412.47,89
1943.7,101
1216.38,72
1577.28,98
2362.71,71
1147.45,68
1278.56,65
895.38,53
4428.7,83
1165.56,68
1434.88,76
1809.28,87
998.17,71
847.21,53
1164.38,91
1633.91,83
1019.92,69
1059.6,85
1715.26,80
1361.36,73
984.77,75
1691.36,87
1356.6,74
1475.22,79
1203.95,85
1536.65,85
1731.66,84
1312.5,73
978.47,82
1592.5,70
1561.68,78
2008.04,91
1320.47,66
1221.3,74
718.91,58
1321.98,78
1138.97,55
1496.61,76
1309.38,61
744.48,46
1381.73,88
733.95,63
981.46,73
1050.7,72
1309.38,75
2606.52,85
1231.17,77
1937.92,120
969.29,58
1578.72,87
1406.48,83
1039.84,70
1300.32,80
915.85,69
1611.63,85
795.52,60
1263.09,78
989.97,76
1525.62,81
1479.8,77
783.65,75
1142.58,70
1086.29,57
1467.06,76
1467.3,88
1605.88,82
2517.0,97
1490.75,86
4085.76,77
988.0,54
848.72,66
1363.59,77
1147.68,79
1077.76,83
3026.0,66
937.75,79
960.48,62
931.48,69
1381.87,83
1491.47,88
2591.9,67
1344.83,90
1471.34,82
835.8,51
2085.08,74
994.98,60
1104.18,76
1028.1,69
936.65,70
1432.07,78
729.64,49
986.4,72
1388.75,86
919.08,72
1108.25,74
891.15,62
1156.48,76
2483.53,44
1019.81,75
1160.08,73
1031.75,74
980.28,78
1003.92,77
950.24,66
2468.06,62
1311.69,79
904.5,73
1267.7,80
1346.35,84
1131.83,92
1063.58,81
1164.8,75
2368.08,80
860.01,71
1079.91,66
1424.16,97
1422.72,97
1100.39,75
928.2,60
891.77,70
1237.67,77
961.88,81
832.2,75
1552.77,99
837.21,56
840.62,57
880.6,80
1156.34,84
788.7,59
673.19,60
996.98,65
1408.05,81
805.14,48
1189.34,65
1307.46,83
946.11,63
1610.28,90
1632.0,92
966.4,73
954.99,60
1621.62,80
1671.12,81
1072.81,72
1206.97,84
1322.04,90
1343.3,88
890.33,47
3404.1800000000003,75
1422.09,82
1080.42,72
1131.1,66
1249.17,83
1474.65,75
1034.41,71
1297.88,77
865.62,66
1038.33,67
1255.8,84
1067.6,71
1369.44,73
755.0,54
1207.91,67
1809.67,75
1844.08,84
1939.75,79
1381.1,75
3022.42,63
992.38,50
1776.97,84
1614.2,82
3911.81,88
1665.01,88
1130.0,72
1341.6,76
1322.05,56
1203.95,74
1906.91,75
1386.63,63
1299.49,83
1652.02,72
1356.39,85
1317.03,54
1033.56,72
1649.1,93
1909.6,87
1607.54,79
1073.0,80
1463.27,70
1381.1,58
2897.62,75
1382.44,60
2733.25,94
1881.63,75
1553.12,64
2709.3,92
1596.89,69
1977.95,73
1419.86,76
2518.95,91
2200.32,71
1155.75,77
2137.97,76
1910.61,64
1761.68,69
2537.82,84
1763.91,84
2358.72,74
2913.54,61
1956.36,80
1819.51,60
2582.01,89
2078.08,86
2032.56,77
2024.33,73
1510.03,72
2520.1,77
1692.38,60
1568.45,71
938.25,73
2062.26,88
2490.43,86
2050.42,81
2861.75,73
1116.83,54
2307.24,86
1985.16,69
2352.0,82
2042.4,68
2171.24,83
2174.94,84
1314.45,55
1929.13,80
2280.12,87
1026.19,86
1290.0,67
1205.58,54
2717.82,62
975.86,43
2040.26,103
2323.39,85
1444.32,58
1553.3,58
2301.75,79
2097.92,79
1823.52,65
1972.71,74
1765.06,76
1340.28,81
2631.51,78
1334.84,76
2433.12,86
1221.2,52
1367.6,63
3072.04,77
1722.15,84
1663.9,79
1363.53,86
1922.4,84
880.91,47
1383.2,70
1736.0,89
1089.27,60
1862.52,92
1432.16,80
1776.06,79
588.88,35
1213.44,76
1061.94,87
1432.08,74
1336.96,71
1459.76,76
1174.5,68
1551.23,71
1171.95,60
4257.5,86
1082.72,67
3072.34,82
1755.76,80
1718.91,72
1484.34,67
1590.16,78
1626.63,67
1903.2,92
1415.88,84
1651.85,85
1378.37,75
829.79,45
1267.5,72
2231.24,73
1277.1,74
1366.58,70
1050.06,66
1362.61,72
786.7,48
1347.98,77
763.2,46
1312.62,83
1527.74,80
1283.67,80
1328.22,77
1042.52,56
1385.31,74
1144.88,61
1613.1,78
1142.53,78
1227.0,70
770.56,54
975.1,49
1352.58,88
1186.5,73
1345.36,83
1145.48,64
1317.26,83
1442.88,77
1328.64,69
1274.24,74
1646.54,96
1159.68,68
1291.37,57
1289.75,60
1878.8,84
1079.4,64
1692.24,80
1236.24,63
2827.1800000000003,72
1334.88,81
1090.7,63
3314.38,80
682.06,35
1664.55,89
1681.68,77
1028.75,89
1357.34,70
1590.67,78
1503.51,90
794.53,45
1405.26,72
1515.05,73
1273.14,77
1370.69,68
2450.33,85
1347.96,74
886.22,57
1414.88,71
1401.64,66
1809.5,68
1613.04,79
1385.21,68
1904.6,58
656.6,53
2699.54,66
2151.36,85
1997.1,82
2134.87,92
1564.38,68
1740.21,72
1378.28,69
2004.96,84
1390.41,74
1659.6,75
1061.67,89
1993.96,78
2054.03,78
1158.3,57
1494.95,69
1272.32,67
2199.83,91
2011.37,79
1655.64,94
1775.37,72
1435.91,67
1209.78,55
1400.43,59
2178.04,95
1543.6,79
2229.38,89
1848.24,75
1520.76,72
1878.6,76
2259.4,112
1371.57,64
1380.0,69
2198.63,85
2056.13,90
1272.48,49
1845.42,78
2011.43,78
1287.04,66
1637.3,67
1404.2,65
3952.81,66
1874.04,76
2083.9,87
1636.76,67
1288.36,60
1272.47,79
1743.76,68
1840.64,74
593.19,41
1809.99,74
1458.65,85
2393.16,96
977.17,76
2175.35,81
2048.84,88
722.68,50
1373.85,89
1588.13,74
3507.92,83
1057.8,93
1287.36,74
1298.87,82
1229.44,55
1435.7,79
1584.4,81
1613.36,95
1169.7,67
1093.2,75
1376.4,78
1027.5,56
2258.11,79
1982.61,101
1042.22,69
2305.8,61
1489.67,73
1995.12,96
1100.39,53
1102.5,63
961.54,74
1792.2,92
1500.9,91
1094.11,61
1675.0,85
1474.79,76
2696.8,66
1841.0,58
1182.47,87
758.25,59
889.85,74
855.22,68
688.8,53
3435.98,56
2659.96,74
1226.31,85
1531.6,111
1254.4,83
1258.0,100
939.84,77
1206.8,88
936.95,67
799.2,64
751.1,56
1753.39,78
866.45,65
1004.26,58
1286.29,95
1019.84,66
982.17,72
1908.81,78
975.8,76
1387.86,98
920.18,71
1240.53,86
1228.76,88
1020.78,83
3305.75,81
1142.7,77
1156.2,85
655.64,43
485.62,42
873.6,70
1014.79,70
882.51,65
781.3,65
1082.18,83
497.49,39
654.9,60
1016.39,82
1025.05,77
855.44,68
1025.5,67
1246.02,86
595.18,47
647.5,56
553.52,44
786.76,67
853.42,65
974.64,85
756.47,58
572.76,48
925.1,69
380.55,34
929.99,84
619.38,54
625.46,55
956.96,79
1804.11,73
1013.4,80
905.07,61
636.16,48
704.3,54
1212.92,82
1023.98,82
783.26,59
792.54,68
442.89,36
3228.76,56
603.06,47
882.88,77
757.62,55
541.31,44
677.5,53
488.59,38
827.68,71
656.6,52
798.83,68
853.42,65
1113.7,86
995.63,68
544.96,45
647.79,49
845.29,60
710.88,59
969.57,74
1057.05,65
786.56,58
961.62,58
879.12,66
959.95,58
731.6,58
950.69,59
1184.4,65
3512.03,54
436.67,34
1477.64,87
1076.63,81
1195.18,76
895.31,62
885.07,66
800.13,55
536.25,40
1167.27,67
819.15,61
1112.8,66
1106.76,61
1151.87,68
1539.2,88
1900.77,50
810.7,58
1061.28,68
955.28,53
842.45,60
1090.58,74
994.05,54
671.6,35
1561.58,69
2701.56,70
772.78,64
1310.18,68
971.33,47
1330.08,66
687.7,33
1054.9,56
879.8,60
1367.6,81
998.88,66
1379.95,61
1680.28,85
914.48,51
1233.4,69
979.65,55
1127.12,75
1032.92,50
982.89,44
1199.25,57
702.0,37
1180.8,65
1195.48,63
1373.85,56
1276.99,67
954.6,51
757.02,62
838.17,41
1149.6,59
1489.39,65
1010.16,50
1239.39,71
2770.74,81
1556.64,68
785.85,39
1191.19,64
1707.55,79
1281.48,68
992.98,58
2111.38,78
1283.1,71
1010.38,61
1086.8,48
775.29,65
1318.28,75
1545.36,69
715.36,44
1063.95,68
3259.55,49
1066.0,68
2133.54,50
812.16,61
906.51,57
1519.25,77
1597.55,83
988.3,49
1345.68,66
1110.9,50
1284.12,74
1376.87,62
806.25,48
934.03,62
679.8,40
1335.52,86
917.35,60
716.88,62
767.89,53
830.13,67
3040.2,56
758.49,53
855.6,68
982.8,71
2641.36,61
635.58,42
975.44,77
2877.77,53
623.7,39
3235.76,39
844.43,57
624.38,50
1549.89,43
1047.88,68
787.31,65
860.62,52
967.2,76
1157.76,75
699.39,53
818.62,60
1136.88,75
1175.07,70
331.84,27
3116.16,68
1011.68,62
2464.29,62
873.3,61
630.16,48
729.24,54
399.6,32
950.29,66
755.04,61
823.43,61
768.12,65
853.42,65
850.19,71
573.68,38
827.19,71
674.33,54
811.35,65
1372.3,49
717.15,48
1170.4,72
484.7,40
839.51,64
815.1,57
1590.51,53
743.07,57
865.8,77
846.88,71
363.81,28
943.67,72
823.5,73
713.3,55
1061.78,75
709.37,56
911.4,53
447.7,40
3389.44,69
969.28,73
3533.62,61
722.19,51
809.2,58
735.97,54
664.47,41
1021.15,63
819.6,62
1526.55,48
884.91,70
731.6,57
823.37,65
606.45,41
1076.96,73
1132.95,93
509.55,40
1248.48,80
920.43,79
858.16,68
840.7,63
832.02,70
700.56,52
503.2,40
1265.55,89
640.62,51
1137.72,61
691.65,34
706.56,55
1107.45,60
1070.68,72
967.39,59
1375.25,50
1075.8,76
484.5,38
1219.68,68
884.04,58
993.6,54
732.78,58
1570.01,77
1129.48,73
513.61,33
1124.77,70
1217.16,73
1368.99,75
930.8,59
1196.64,66
925.98,50
940.1,46
801.33,50
1515.8,77
1550.9,81
1131.16,61
866.88,75
699.3,44
502.75,33
756.0,44
748.01,47
1743.62,83
1155.11,62
727.26,57
800.66,41
632.25,40
662.81,32
951.67,52
2648.78,60
1038.05,64
3244.74,78
929.55,51
697.25,36
976.53,63
1167.87,63
1205.1,82
1304.96,62
975.44,57
1586.56,83
647.79,49
1485.77,72
1160.36,73
2345.4700000000003,60
1266.48,69
1134.6,69
1102.53,58
1012.1,54
1564.4,82
3081.51,69
1246.7,94
631.37,38
3648.72,72
976.25,70
334.08,27
943.75,61
817.74,55
1146.37,72
898.38,75
1453.6,95
768.18,67
550.25,41
1081.92,61
2593.67,56
987.77,62
933.98,69
1446.16,60
969.5,59
875.07,50
2553.82,46
810.66,63
574.43,46
776.25,60
902.88,58
807.38,50
601.68,36
925.43,59
2490.84,66
2973.6,80
1428.52,79
753.72,59
1050.98,63
602.7,53
970.14,76
938.8,71
709.15,59
823.37,65
706.82,55
811.35,65
2603.33,25
668.59,52
912.42,72
549.12,45
2388.1,71
855.62,74
531.88,46
720.02,56
611.55,49
791.43,62
908.49,75
2756.44,64
694.12,56
782.55,60
466.2,36
912.42,72
779.96,62
2800.24,48
711.14,62
1932.32,71
899.1,72
422.91,36
564.25,50
495.8,40
841.75,70
1011.04,77
502.74,37
1026.13,81
616.08,49
566.25,49
894.62,75
2195.13,55
745.92,56
761.4,61
874.13,70
612.95,51
925.93,70
592.0,50
954.08,77
732.6,60
660.05,59
1287.6,96
580.35,43
664.34,54
751.43,63
3406.39,65
536.64,45
625.46,55
843.75,73
563.32,42
978.84,74
603.2,45
925.74,72
1644.9,62
565.76,45
962.0,80
634.92,52
1046.17,78
495.8,40
854.7,70
661.5,53
823.02,69
818.07,66
481.0,40
711.45,57
2757.42,76
823.94,67
1393.36,54
697.45,52
757.76,64
372.96,28
811.35,65
694.31,54
855.44,68
625.14,49
822.33,70
769.16,59
557.59,44
865.44,65
1031.56,82
748.34,57
696.65,55
759.22,69
684.32,54
1405.75,41
854.7,70
871.45,65
832.2,75
1069.99,87
724.88,52
978.47,82
520.96,44
702.26,52
1964.44,91
834.75,67
619.75,50
1008.09,79
676.8,61
655.39,51
761.4,61
763.08,63
840.64,62
774.23,62
1541.39,74
1130.35,94
634.92,52
911.25,73
3146.75,69
605.8,49
1050.18,75
828.25,74
610.87,52
560.7,43
1956.19,54
1457.53,52
1670.78,91
878.51,67
722.8,49
995.08,66
700.7,53
756.59,50
922.24,73
1160.43,75
730.17,60
3493.49,80
786.5,57
633.8,43
2660.64,65
887.08,49
864.5,53
2187.75,50
960.16,61
601.25,50
703.25,38
954.53,52
862.19,65
1141.12,72
981.87,66
631.83,53
868.53,69
659.66,40
1231.86,64
883.32,51
1014.75,68
1300.02,75
824.06,62
925.68,55
906.4,54
898.76,52
3698.16,56
966.78,62
3983.42,80
720.23,52
1009.45,79
332.64,25
853.42,65
725.56,50
1005.66,63
1145.9,74
1433.8,91
920.81,63
528.9,35
3546.09,70
804.12,50
819.02,70
1107.8,74
1183.88,84
767.97,46
797.33,48
740.32,70
575.65,38
3337.9700000000003,52
720.39,52
665.0,43
860.01,71
528.32,45
635.83,48
869.32,74
929.55,72
842.16,69
716.72,57
723.2,57
515.84,42
757.76,64
700.91,57
919.24,71
689.31,54
856.74,66
617.16,48
2959.92,46
698.24,59
649.35,52
832.5,69
805.35,67
656.75,50
710.65,63
3353.7,60
514.86,46
716.72,57
1073.0,80
700.91,57
1005.29,76
947.2,80
2782.38,44
604.21,46
1037.31,79
3506.35,79
2693.56,82
584.37,49
2600.79,79
707.07,52
805.35,67
564.85,47
668.59,52
1538.36,65
871.45,65
3063.13,57
481.33,41
647.5,50
893.55,70
702.82,58
861.35,81
986.05,82
974.64,85
550.56,48
951.46,74
842.52,67
652.13,50
754.8,60
795.24,61
1147.74,88
1406.9,49
1084.66,82
1816.31,78
678.21,52
630.54,55
565.76,45
655.97,55
489.51,42
931.5,73
658.97,52
859.74,67
727.16,55
692.09,58
924.08,74
700.91,57
1019.9,74
654.6,59
465.05,39
873.02,66
700.03,67
690.69,52
2728.51,42
866.58,71
823.94,67
2880.98,70
694.31,54
1076.82,85
850.63,76
555.56,42
904.24,77
1010.1,78
1002.89,78
842.52,67
898.51,79
952.38,72
523.12,38
773.49,59
547.8,39
1106.3,72
926.37,63
512.77,43
854.78,70
602.6,50
924.08,74
966.81,78
837.0,73
899.1,72
772.56,55
676.1,47
475.8,38
912.05,68
744.48,61
836.39,66
685.69,45
634.2,49
561.99,46
456.95,38
873.15,71
787.31,65
918.48,77
688.2,60
841.93,74
835.92,58
296.59,21
718.9,58
587.19,46
876.68,62
824.18,66
864.58,60
579.84,49
599.61,47
2636.75,73
919.08,72
998.17,64
627.1,51
745.18,43
1019.44,75
590.15,44
764.52,48
704.48,56
730.3,57
737.8,57
887.04,68
742.7,54
606.06,52
868.02,65
1885.15,67
765.9,60
621.32,39
645.96,42
1178.34,83
774.38,67
1712.48,56
972.17,64
1006.81,72
936.96,59
693.72,61
876.24,62
454.86,37
699.3,56
691.56,55
1994.43,79
686.72,58
572.76,48
881.72,73
465.84,35
1079.91,77
568.88,50
3437.46,90
727.56,61
1041.76,76
754.8,60
742.17,55
931.86,79
3356.4,72
859.14,72
3037.38,76
1789.53,58
705.6,53
555.56,42
956.96,79
639.36,48
860.81,66
817.7,68
2257.18,68
702.16,57
540.38,46
848.23,70
978.75,73
761.72,55
681.88,59
1031.25,78
3552.52,58
595.27,47
638.81,53
799.33,65
897.6,67
650.88,55
699.67,62
654.16,52
566.4,51
965.25,73
3915.17,79
768.49,62
978.9,71
827.82,63
529.1,44
421.8,40
628.82,66
976.57,64
989.83,70
739.77,63
830.28,66
779.96,68
773.28,53
793.28,64
861.18,65
646.1,49
958.5,73
899.58,69
676.2,53
357.98,30
706.3,54
910.39,74
942.02,76
716.28,61
420.66,34
942.54,68
439.96,35
763.13,58
630.11,52
944.52,66
745.55,62
874.06,69
728.35,62
520.96,44
793.65,60
771.45,60
679.83,57
603.96,47
516.89,44
2568.7200000000003,64
643.8,48
740.08,69
1097.79,92
2426.94,56
655.39,51
719.28,54
702.65,47
711.33,50
841.84,63
811.2,54
3357.88,61
942.42,63
1281.8,88
971.99,70
532.8,40
873.15,60
626.04,48
764.09,58
1315.58,85
802.2,56
1174.41,74
512.62,39
1143.97,80
1006.15,72
970.83,69
826.25,56
1360.81,87
1085.4,74
749.98,52
671.3,53
3154.21,69
1075.95,70
1138.41,78
796.62,62
859.93,65
732.53,44
963.95,61
1254.33,66
988.28,56
885.83,56
1211.7,61
885.74,62
3164.39,58
2795.6,88
1073.8,65
1308.69,72
971.75,51
1337.76,63
1295.45,88
2321.7200000000003,49
1055.21,77
1032.3,61
625.0,39
875.7,56
916.5,50
1299.48,80
817.1,45
978.12,56
444.54,32
897.89,52
604.52,43
624.38,50
1309.62,75
766.35,47
1924.3,102
1185.7,65
909.59,40
3037.06,61
1357.27,66
1232.2,60
1237.58,53
1330.0,65
842.06,56
1142.46,53
1108.25,60
1019.43,65
1381.59,62
4100.7,51
4165.5,86
918.75,44
1954.26,76
1463.51,73
1995.86,78
1328.61,68
942.02,43
1307.64,61
1352.69,52
1324.02,70
1082.04,51
1327.04,60
906.78,52
1080.45,48
1543.47,70
688.94,56
1468.6,63
1652.64,75
1502.81,62
3173.62,75
1040.14,55
1475.06,62
2965.7200000000003,82
1702.08,72
1669.15,79
1595.88,70
1214.17,52
1049.04,58
1368.23,56
1169.65,54
608.24,51
2026.62,86
1525.92,80
1195.01,56
1056.04,47
1259.7,62
1655.65,72
1136.42,48
1386.63,66
882.0,52
908.75,53
1498.64,60
1411.54,64
1248.45,56
1110.2,76
1708.85,73
1018.82,63
1409.27,69
870.14,42
1347.08,74
1975.52,66
3819.8,71
831.45,46
668.8,52
3043.4,46
643.79,43
1412.3,71
2813.74,64
856.09,54
1070.55,64
1228.5,63
1152.64,85
2111.4,48
698.5,53
836.57,68
719.53,54
1446.4,94
1204.45,71
749.7,49
650.42,45
854.12,53
1079.2,65
1027.05,65
1004.26,62
962.88,52
1217.76,83
613.41,46
851.2,56
1237.68,61
786.24,52
894.6,70
3435.3,59
570.87,39
677.63,48
2757.54,54
774.05,61
908.75,66
920.4,71
1014.94,66
743.04,53
714.85,45
2075.1,69
869.86,74
1064.07,69
1004.36,60
3280.7200000000003,52
1224.06,74
839.73,49
1186.65,71
726.4,60
1239.12,75
419.58,36
2558.35,81
1029.97,68
562.9,39
2732.2,73
3755.0,63
1142.56,62
1145.23,75
825.84,62
1223.33,82
404.6,26
908.52,54
1437.67,77
1141.63,74
647.52,47
1415.04,90
1111.25,74
1607.65,30
699.77,43
841.52,63
1232.13,69
773.76,58
867.6,56
952.37,59
569.35,50
822.02,53
1934.83,41
846.56,64
874.13,56
1281.06,73
911.76,69
448.31,28
695.4,57
3166.49,61
1206.51,69
1009.43,68
1092.52,76
1405.35,84
473.56,35
914.49,63
1026.35,73
1263.78,69
1070.65,62
644.96,35
1308.93,70
358.12,31
1716.57,96
960.01,67
1082.99,54
880.57,55
1123.62,64
2460.46,68
963.2,58
1154.91,59
980.1,57
2007.8,74
788.19,54
1052.59,56
1243.72,79
689.18,36
1713.31,76
771.55,51
1157.1,68
1686.25,77
713.55,58
1202.6,64
774.2,36
1191.6,65
1246.7,63
1245.45,74
1424.6,68
1156.95,51
1157.31,66
708.48,42
3406.69,62
909.48,59
1078.87,57
1011.92,59
1045.85,63
1205.58,55
1179.49,22
1124.84,74
1687.16,76
1243.9,74
1315.38,75
920.93,76
1128.96,62
837.12,39
1586.23,75
1441.37,75
1774.63,83
1264.29,73
1286.42,59
1052.73,68
467.5,38
3056.6,61
769.16,59
1580.46,72
706.82,55
1231.5,69
1215.27,63
716.99,55
1456.14,60
974.85,57
1430.72,93
842.86,56
1089.96,65
1134.38,70
765.05,51
1162.04,77
913.93,63
847.7,59
1087.82,65
871.1,65
1144.23,78
683.63,45
761.43,51
1107.6,62
1266.99,67
1236.82,71
801.99,44
976.64,73
680.89,45
813.35,60
766.29,55
1331.62,85
780.0,58
995.32,82
990.6,81
721.7,38
774.64,51
680.76,54
1106.18,76
1211.77,72
2159.27,60
642.42,52
539.28,30
634.4,48
1020.24,71
998.86,72
924.56,73
1535.26,91
817.4,54
405.68,32
804.44,61
599.63,53
1097.79,86
839.12,59
1308.15,86
1201.86,77
624.45,40
2273.58,60
1787.2,53
1115.87,82
561.6,39
660.4,50
760.1,56
623.76,46
1084.25,81
882.56,64
843.88,53
885.02,69
888.17,70
1036.12,71
359.28,27
1913.39,55
887.32,61
987.43,79
642.51,52
784.53,49
1014.59,65
502.83,49
925.05,69
955.96,58
799.81,61
939.27,68
551.67,42
803.16,48
572.85,41
981.19,81
582.75,50
1111.68,86
1463.61,88
1147.74,88
2809.3900000000003,106
1029.66,85
1386.45,101
1613.06,44
1510.74,96
1142.32,74
1472.46,81
2000.88,101
1605.6,102
1684.25,97
1000.1,56
1652.95,105
1549.73,98
4070.35,81
3401.23,99
1500.84,92
1149.12,72
884.16,63
1369.06,79
1302.0,77
1128.96,83
1208.48,83
2122.56,103
1433.85,87
951.84,60
1643.4,118
3917.16,70
1259.02,97
1084.85,66
1456.46,86
1626.08,97
1351.71,70
1142.19,98
1475.91,78
1567.13,93
4298.6,99
2190.63,94
2264.46,103
3092.61,54
891.33,66
1751.75,72
1599.36,88
1713.6,73
1866.38,103
1800.29,93
1408.43,65
1708.43,86
2137.14,94
2318.92,76
2540.73,83
3118.8,86
1748.4,73
1184.3,54
2375.8,101
1621.62,95
1704.09,90
1879.52,80
1778.4,98
1836.84,98
1094.7,58
1365.7,75
1664.64,89
3901.2,94
1624.33,73
1599.99,83
1799.29,101
1666.49,70
2406.72,100
1919.13,89
1889.32,84
2126.67,84
1900.92,73
4821.780000000001,101
3334.17,56
4049.73,100
3995.34,97
2714.4,89
2540.88,92
3033.68,101
2656.43,105
1414.38,59
2517.19,97
2011.1,93
2226.0,116
2427.41,97
3637.63,117
2958.2,103
2033.85,73
1777.2,87
2211.36,77
2868.93,103
1625.13,70
2350.11,94
1086.36,89
1933.04,64
2696.96,102
1553.5,74
2572.29,95
2467.6,105
1797.92,81
2474.34,116
1145.8,47
2753.7,97
3699.26,121
2087.4,99
4811.5,111
678.58,56
1782.2,83
1394.0,60
1891.5,83
1129.61,86
2097.9,97
2962.85,81
2617.62,92
2507.84,88
1296.88,71
3533.49,95
2155.73,74
1158.48,87
2385.24,95
1503.45,66
3233.23,112
2016.9,72
1524.59,68
2095.21,80
2779.0,103
2732.47,104
1882.76,95
2127.45,101
1145.76,57
1724.45,78
1994.3,94
2701.2,83
1422.9,87
1228.43,98
1426.17,77
1344.63,65
1708.61,92
1885.88,104
1098.38,63
1509.39,94
1633.44,81
1632.24,93
4220.99,78
1850.19,99
1452.79,68
3385.0,101
4082.7,93
1369.9,80
872.3,71
1068.88,63
1808.95,79
1881.16,91
1670.15,72
1427.48,82
1749.32,82
1432.34,77
780.11,50
1463.12,107
1916.9,99
1888.62,96
2069.39,108
1944.81,101
1178.88,76
1537.04,83
1570.23,78
1260.63,84
2888.4,87
1240.57,79
2722.05,93
1342.35,94
876.39,58
1542.19,87
918.03,69
1191.32,70
1476.18,89
1305.36,86
1472.25,78
1170.93,61
1753.92,82
1867.47,93
2080.03,99
1513.41,83
1375.14,95
1661.84,82
1412.55,78
1955.68,104
1810.56,104
1375.51,81
2019.85,86
1452.0,107
1371.27,70
2947.28,54
1477.58,72
1463.04,74
1813.88,101
2078.34,98
1664.34,114
1408.64,81
3353.9700000000003,53
1407.78,86
1851.8,94
1495.32,94
1636.03,95
1924.85,89
1326.18,79
1025.55,52
1731.0,91
1654.4,109
1737.83,81
1830.84,106
2140.45,68
1381.59,79
932.94,52
1354.73,75
1866.24,93
1121.9,82
1824.76,98
2019.6,94
1597.66,85
1304.92,73
1374.56,100
1948.75,88
1654.2,95
2575.92,92
1271.16,77
1830.12,82
1168.3,66
1788.19,88
2133.48,93
1639.89,73
2167.85,102
1902.12,92
1836.25,92
1277.64,65
1604.48,64
1971.73,77
1873.18,92
1738.17,93
2550.69,99
2398.41,90
1403.0,69
2430.18,102
1515.02,83
1992.87,86
1732.04,80
1388.24,112
4067.96,76
1169.17,65
2168.34,99
1989.85,91
2550.0,96
1957.07,83
1477.5,102
1867.3,88
927.27,61
2309.28,95
1659.98,75
4323.16,107
2295.42,91
2062.85,72
2126.52,91
1182.35,50
2399.13,101
1548.57,83
1824.9,103
1871.98,81
1506.07,76
2956.07,104
1249.16,61
1688.94,78
2288.59,86
1923.24,91
3508.29,95
1763.58,93
2596.51,109
1291.1,58
2116.7,84
1859.28,91
1074.77,62
3014.4,115
1689.07,78
1674.18,82
1583.55,71
1718.42,83
1561.42,78
3489.83,101
1542.38,87
1734.53,94
1705.2,100
491.88,30
2265.98,99
1781.98,101
1588.27,87
1619.73,90
1481.04,77
1452.89,68
1112.3,60
1794.01,99
1422.75,86
1048.95,84
4813.3,114
2017.92,110
2079.35,105
1582.2,69
1596.42,91
1471.83,82
1613.12,99
1920.06,85
2237.62,99
1553.81,100
2839.24,71
1028.6,80
1248.75,90
1073.0,80
1304.16,98
1441.84,94
3004.38,84
918.74,61
2584.2200000000003,116
1041.71,77
1414.99,94
2822.87,92
1421.07,101
1033.41,84
576.38,43
1317.65,86
1025.08,73
1052.1,94
3900.1,91
1077.12,91
1356.42,96
535.95,42
1339.8,87
1185.98,95
1718.28,116
1153.53,81
1178.88,78
1136.03,91
3710.75,69
1016.39,82
1183.45,103
1067.43,97
1333.5,103
1510.6,102
1315.53,88
735.32,55
1017.32,71
992.7,95
4284.42,94
919.08,72
1185.98,95
1310.85,105
773.56,58
1516.4,106
1124.24,86
1204.48,87
1247.0,93
1110.55,77
1191.4,92
843.87,63
1421.28,109
1160.43,89
1147.74,94
1170.49,84
1277.28,81
1419.32,112
868.02,68
1006.08,85
1133.22,87
1295.28,77
2891.86,63
1405.62,101
1399.3,79
841.68,58
1608.04,87
4215.87,85
1430.62,104
1434.48,83
900.03,73
3942.09,93
644.54,44
1620.8,87
1554.89,98
2440.67,86
1578.15,109
1255.32,84
1522.07,91
866.25,52
1096.71,77
1228.26,84
1688.38,103
1235.79,84
1322.75,95
1685.05,103
798.27,63
1323.7,82
1321.2,90
1781.33,99
1342.05,95
1377.0,76
1685.25,103
1074.86,52
2024.36,99
1301.52,71
2902.9300000000003,85
2446.86,77
1529.55,89
1884.28,89
1128.68,58
1483.68,97
1580.52,83
1758.26,89
1393.57,78
1529.85,71
931.84,73
986.58,48
1692.6,109
1487.5,109
1649.25,82
2087.8,100
1002.5,63
1508.17,85
1182.61,60
2815.28,83
1775.71,89
1657.8,81
2054.82,106
1404.9,95
1113.12,76
991.71,57
1832.08,77
2174.4,73
2587.49,90
4723.95,99
2063.79,81
2242.1,89
852.35,36
2084.04,98
1700.46,71
1614.32,69
2538.25,88
1927.01,72
1760.85,88
1358.73,59
1769.85,78
2211.25,94
2564.09,115
1789.46,105
3597.25,85
1583.48,95
1729.56,61
2850.48,97
1997.0,84
2401.89,87
1595.88,87
2383.12,89
2713.51,107
1044.23,44
2488.8,100
1858.38,90
1937.21,81
3089.86,72
1952.0,83
1847.45,84
1377.0,61
1962.68,83
3296.1,83
2795.04,105
3044.83,106
1676.47,63
2361.05,100
1210.75,66
1311.36,81
1939.08,86
2201.76,89
1511.11,89
2541.8,97
1703.13,70
3663.83,56
2409.19,106
2661.38,104
1976.08,99
2488.83,92
1936.26,96
2222.22,90
2171.85,51
2396.66,98
1751.91,85
1830.18,78
1953.25,87
1818.9,77
2219.22,101
821.06,53
1495.9,72
1840.73,95
2084.07,113
1312.4,85
1481.9,84
1803.39,102
1460.2,68
2134.99,96
1512.0,103
1885.72,95
1188.48,60
1315.16,86
1748.02,85
1031.24,56
1771.8,100
905.17,59
1395.78,81
1304.29,78
1933.2,95
1304.24,77
1229.2,60
2419.37,116
1856.79,89
3525.74,104
1926.0,95
1453.45,82
1381.2,92
756.47,58
1441.12,97
1573.16,90
1096.55,79
1618.72,90
2066.75,85
1498.86,112
994.46,60
3146.1800000000003,71
2018.98,89
1141.86,80
1795.39,102
1712.88,94
1142.4,75
931.77,68
1876.21,93
1776.72,107
2851.71,102
1000.93,84
1401.18,93
1254.4,85
997.33,66
825.96,58
2312.79,79
1603.47,96
1285.68,93
1818.75,90
1228.89,74
2447.5,52
1239.04,70
1759.59,107
1503.06,84
1465.89,89
4131.1900000000005,85
1616.22,98
1088.13,63
3549.87,93
1732.45,87
3608.5,91
1378.78,84
1556.32,82
1412.82,71
3418.16,65
1910.8,115
3916.25,81
1684.8,79
3352.7,82
1372.16,86
1874.25,94
1057.5,53
1103.36,75
1434.46,96
1189.48,76
1831.15,100
1244.05,85
1652.4,100
1026.35,63
1462.73,91
1130.37,87
2296.94,57
2654.31,98
1498.12,103
1813.56,98
1030.25,52
2851.38,86
2212.98,101
1635.47,75
1945.4,89
1739.84,98
2257.2,102
1113.0,53
1408.33,80
3351.73,93
1878.59,105
1501.2,88
1735.8,100
5205.99,112
1102.82,51
1433.24,94
1860.59,86
1007.01,70
2723.16,118
1923.24,111
2816.33,90
963.46,46
2970.82,95
1884.96,84
1218.96,70
1544.13,89
904.5,73
2052.77,89
1210.24,61
1542.1,72
2059.29,87
2022.27,99
1861.15,86
1804.8,86
2634.99,92
1071.69,64
2837.08,98
3930.87,92
2635.2,101
1394.58,111
2013.7,88
2139.91,90
794.88,62
2279.76,92
1904.14,113
2146.08,92
1679.15,100
2295.95,114
3472.92,97
872.07,51
1226.92,93
1934.19,82
1875.42,93
1985.82,85
2057.76,105
2168.03,90
1340.33,41
1478.67,98
1676.49,82
2217.57,101
2290.32,90
2167.98,104
1162.27,73
667.0,55
2124.87,104
1345.0,80
1706.6,89
1157.12,65
1718.64,83
1067.22,67
998.76,64
1494.72,80
1246.7,82
1895.04,95
2042.64,100
1241.2,75
3239.62,96
3178.86,73
1317.9,82
1524.81,77
1527.53,80
1716.12,75
1194.72,89
1555.41,96
775.0,54
1396.57,75
1590.0,96
1545.75,95
1855.35,92
2017.44,94
3921.7,76
1159.61,62
930.74,78
1155.06,88
1148.85,92
1140.34,92
1279.44,92
1035.82,78
697.45,58
2162.71,97
1270.29,93
1177.49,84
901.88,78
1181.0,99
1030.01,79
550.97,47
2724.75,100
896.88,76
882.01,73
1290.86,99
1172.21,89
1190.15,99
695.8,53
1128.6,92
959.38,83
1006.4,80
768.18,67
2751.0,100
3521.63,99
1055.06,76
1408.59,108
1235.99,102
1025.64,84
1695.96,85
3819.53,111
909.09,78
893.55,70
1037.52,85
3577.25,78
1165.5,100
1178.1,91
840.07,79
998.26,76
2305.9700000000003,59
816.75,73
1343.1,110
1110.78,91
1330.27,105
1037.52,85
1071.13,99
693.72,61
876.16,74
1051.48,83
1243.2,96
1181.04,96
1073.92,90
1221.12,95
532.65,43
1337.18,104
1033.62,81
1105.93,98
1247.47,95
875.76,77
1017.06,76
551.65,47
818.33,75
913.32,83
1269.84,81
1155.6,78
1179.7,83
1131.84,85
841.4,55
3819.97,102
1362.69,83
743.4,67
1130.94,94
1526.22,106
912.0,75
654.16,52
1065.3,74
994.38,86
1203.74,89
2080.7200000000003,87
1023.98,82
908.05,71
777.87,55
832.2,75
2131.3900000000003,100
2877.12,102
1520.86,105
1099.75,77
1668.96,110
930.61,62
1302.21,84
1542.12,97
960.75,70
1508.37,110
3955.98,97
1799.82,102
3064.4,64
1966.44,70
2464.44,75
1570.73,108
1189.5,78
775.92,75
1557.3,100
726.25,46
1782.68,96
2247.83,129
1639.23,101
1318.38,103
1096.81,86
3541.71,94
951.12,61
1080.66,84
1757.6,101
1230.95,85
2463.48,93
1038.45,78
1673.38,99
896.67,50
1484.34,94
2185.84,79
1507.22,80
1835.12,79
2374.3900000000003,75
1859.04,86
1152.45,53
2066.55,118
962.91,89
1825.74,98
2586.86,63
1637.15,101
1959.75,99
1333.97,66
1599.62,88
1908.83,89
2334.8,108
1875.06,85
1734.32,105
2179.58,92
1115.28,53
1576.8,73
1733.2,76
1980.75,85
1724.35,98
1928.28,102
1495.62,84
1616.4,79
1895.01,100
1025.64,84
1947.02,103
1917.66,115
2026.4,87
1135.2,93
1148.18,52
1120.64,59
2186.21,96
1413.72,81
1809.48,91
1935.53,95
1911.19,99
1221.84,53
1506.96,82
1596.79,82
1098.9,90
2286.93,105
2502.1,86
1964.69,96
938.67,50
2108.4,93
1192.97,83
1747.44,90
2306.56,105
2670.1800000000003,73
1772.16,83
2317.77,56
1537.92,82
1477.55,87
1265.46,79
1348.75,87
1559.4,86
1125.9,68
926.1,48
1212.78,87
1501.65,93
1163.27,85
1063.98,76
1252.08,96
1254.86,102
854.8,54
1678.44,105
1385.33,83
2513.1800000000003,92
3066.6,94
1235.02,94
1194.64,92
1372.74,86
3533.23,97
1283.16,102
1521.16,108
1741.32,108
2494.7,109
3722.15,80
981.34,62
1742.85,79
1339.14,94
1426.1,96
1524.21,86
1140.75,88
1300.08,83
736.92,55
1273.42,87
1093.44,80
1093.92,75
2441.74,74
1420.25,108
1260.54,83
860.31,61
1102.82,89
1280.16,109
2753.98,100
1512.21,104
1045.38,85
1307.67,89
836.13,60
1348.56,89
1123.32,88
1384.5,98
1581.3,112
1549.8,101
1275.66,104
1006.02,65
3096.4700000000003,95
1611.0,124
1691.4299999999998,83
1062.01,86
1457.68,114
1077.95,76
898.28,63
1500.23,95
1143.95,87
797.5,69
1281.7,99
1215.36,80
1298.21,86
1867.37,54
2699.4,92
1137.04,83
1373.85,98
1457.02,96
1204.78,90
1607.76,105
876.73,62
1465.1,90
1432.78,102
1013.12,76
1238.4,97
1244.88,87
1066.53,78
783.48,70
1265.92,92
2195.8,92
859.15,73
1679.82,106
1391.04,103
1166.1,97
1601.83,59
1351.98,89
1089.85,64
1289.6,98
1641.88,105
1268.73,84
1565.61,115
665.82,44
1433.14,99
1310.85,91
1577.4,98
1130.4,73
1349.92,90
1097.25,62
799.2,60
1543.68,96
1645.92,85
1222.73,84
1616.0,92
2581.62,102
2199.03,114
1115.52,60
1450.55,90
1780.65,93
1459.5,87
1258.12,94
1743.0,87
1698.18,96
1020.98,53
2163.2,112
1198.04,79
1241.22,80
1328.68,100
1207.68,96
1987.55,114
940.5,49
1399.86,76
1186.8,80
1147.51,88
1485.61,85
1258.11,90
1531.09,87
1654.64,80
2208.64,108
1141.01,85
1197.48,80
1257.9,82
1250.12,82
1734.92,81
878.86,57
1776.1,96
1554.11,98
1503.36,92
1463.28,99
2244.48,84
4471.7,98
1124.95,50
1698.09,83
1570.44,103
1481.06,68
1332.45,105
1203.18,63
1739.43,102
705.4,62
1349.64,80
2323.25,104
1946.09,98
2684.9300000000003,91
2541.95,101
1791.81,99
654.16,52
997.5,76
1075.95,81
1142.5,74
1211.76,91
2858.2,95
1294.34,91
865.74,61
1652.4,90
1055.6,86
1314.3,91
1568.71,100
1399.97,82
3273.44,94
904.8,66
999.53,66
1449.0,98
1760.09,101
1712.52,108
1519.27,86
1566.53,99
790.56,58
2476.76,80
897.12,77
1189.3,87
807.04,67
1095.32,74
2448.66,79
3035.75,65
1018.5,72
1231.65,93
3591.58,90
1203.55,95
971.25,84
941.26,87
949.05,76
1165.5,90
1221.0,100
1071.07,81
1123.32,92
1013.94,85
1080.03,84
836.39,66
1263.39,99
1369.11,105
1193.35,89
1132.2,90
1191.4,92
1375.66,104
533.17,44
1226.0,94
1242.22,101
1156.25,100
1314.45,103
3432.71,75
3470.5,85
846.56,64
990.08,83
2975.6,90
1182.15,90
849.15,68
1954.8,90
879.71,71
3252.0,73
960.52,88
745.55,62
1045.85,87
1037.81,87
969.4,80
777.0,60
2479.31,54
2040.56,101
1234.69,94
1087.8,84
823.02,69
1082.62,88
962.0,80
949.65,79
924.08,74
597.8,53
917.23,74
1058.2,88
995.68,83
2491.48,70
3203.42,92
1080.4,80
733.22,65
873.15,71
1442.87,97
1257.59,92
1411.48,99
1540.83,88
1219.84,77
863.19,58
1477.91,100
1371.72,87
1467.11,78
1323.92,87
1236.41,86
1279.14,72
699.3,60
1174.55,89
1617.72,90
1468.12,98
1223.6,78
1331.7,89
1649.7,97
916.16,73
1242.22,80
1503.18,115
1367.04,97
1497.83,87
1160.28,91
2764.0,92
2605.87,44
1158.16,101
1393.98,104
1600.82,95
1424.25,94
3986.71,76
1259.7,90
662.31,41
1154.4,104
1333.8,83
1875.53,99
1452.48,79
2073.08,118
1496.25,79
1059.84,62
1298.5,71
2163.54,97
1219.69,75
1142.4,69
1281.58,79
1681.02,83
1180.36,60
2387.83,108
1558.12,97
3424.83,104
3731.62,71
2319.84,107
1521.39,70
758.7,44
1458.86,85
1491.25,80
1989.09,98
1788.75,90
1707.71,91
1571.69,87
1293.06,47
1916.6,90
1691.63,93
1517.44,92
1492.11,65
1997.28,78
1797.76,80
1877.04,64
2029.43,87
2764.0,103
1619.73,65
1427.32,78
2411.1,104
2358.09,94
1227.1,57
1441.24,71
2809.8900000000003,94
1499.78,82
2011.11,84
2581.15,96
2186.55,96
1848.82,67
1678.94,87
2707.39,98
1976.08,72
4725.2,87
1992.3,82
1115.18,88
1265.46,51
1654.52,84
4470.54,100
4672.52,110
1976.96,83
1463.75,81
1587.95,80
2578.3,49
2157.1,94
1640.2,76
2416.04,90
1981.71,74
781.44,64
1603.75,75
1379.21,61
1980.72,88
1392.31,106
1970.75,84
1818.96,96
1894.34,88
2301.6,99
1369.58,63
2145.0,87
1650.6,78
2968.26,92
1764.08,90
2186.47,100
2602.8,98
891.16,46
2837.9,85
1765.76,81
2131.37,98
1922.11,76
1147.5,79
1660.37,92
757.01,54
2356.9,110
2219.76,110
954.6,86
1494.26,93
1240.98,104
1916.92,103
978.47,68
1617.0,103
1431.9,66
1574.8,90
1454.67,79
1437.07,79
1406.29,83
1113.12,71
1707.5,98
1828.07,88
1256.33,90
1764.1,91
1816.96,99
1223.33,79
1286.56,62
1146.01,67
1338.75,92
4036.05,81
1801.32,88
1661.4,94
1750.86,90
1164.66,79
1633.25,93
3324.7200000000003,69
1149.12,81
1529.94,88
1385.07,97
1339.2,82
817.6,51
1572.48,108
3293.9700000000003,81
1554.0,97
3690.69,82
1632.18,100
1142.35,76
821.5,55
1132.5,83
1006.5,73
1486.9,96
1404.2,108
1274.81,84
1591.62,99
1024.64,61
1563.69,84
1494.67,87
1436.5,89
1369.61,90
1858.07,93
2748.3900000000003,87
829.54,54
3270.9300000000003,113
1311.0,77
1747.62,87
1281.72,73
1483.96,91
2145.0,103
884.5,48
1393.8,87
1887.89,100
3068.96,83
1256.64,72
3199.74,87
1884.6,103
1002.15,61
1314.59,80
1237.8,85
1196.17,88
1599.35,94
2026.33,95
1361.4,84
1029.42,64
1885.81,97
1433.52,82
1614.58,85
2728.07,96
1055.24,92
1378.62,82
815.28,46
2566.9,80
1218.0,76
1796.08,105
1462.98,88
1743.34,94
2772.67,89
1639.13,72
1559.76,91
1442.51,79
1089.0,77
2254.6,77
1190.07,86
1514.38,79
888.81,52
1593.34,74
3233.16,98
1348.12,75
1544.95,93
1974.83,87
1758.75,80
914.55,40
2249.4,101
1504.89,84
1567.23,68
1418.59,72
1112.15,61
1223.08,62
1102.08,62
1549.16,72
1507.98,90
1905.4,85
3310.76,92
1201.58,89
1876.55,95
1512.68,68
1384.02,82
1935.63,96
2059.65,85
3639.25,96
1325.4,72
4318.06,88
1055.39,53
1742.76,73
4475.08,83
1377.93,78
1331.88,75
4401.47,84
2254.0,94
1284.51,65
2776.51,92
1753.5,79
1454.67,90
1934.17,98
3080.29,68
1240.78,72
801.9,57
1453.45,70
2017.01,79
1744.4,75
2035.92,81
1884.84,90
2211.36,90
961.88,42
2587.25,103
1367.68,73
1671.39,106
1359.4,105
1580.46,86
1668.74,97
1044.4,56
2374.72,116
3038.16,97
1498.1,88
3772.76,78
1282.78,93
1306.73,96
957.44,51
1276.43,73
1445.5,70
2094.84,101
1663.07,92
3731.62,82
1606.84,94
1242.06,83
3474.16,98
1771.88,103
996.17,81
1620.93,88
1825.08,101
1539.66,80
1030.2,55
1759.68,81
2257.2,110
1338.35,80
1138.26,70
1418.45,79
1392.4,107
682.65,60
1100.4,85
1195.4,93
1007.72,86
1045.38,85
986.05,82
2457.08,81
727.56,61
1209.3,84
1066.83,83
1401.12,109
1073.22,89
1169.6,93
1061.67,89
565.73,44
1097.79,86
1145.52,96
1352.55,103
1269.47,94
1290.15,94
861.73,68
714.84,56
1366.37,98
1152.86,91
995.2,81
1341.25,100
1217.3,94
1263.39,99
629.37,54
945.0,73
1171.12,90
1304.25,100
1191.4,92
1161.0,93
1075.0,93
670.62,50
1885.82,85
1140.34,92
950.1,75
1054.32,82
1269.1,98
1114.81,92
749.25,60
1015.4,79
1080.56,95
1319.79,116
1150.84,95
1811.92,90
787.17,74
577.94,44
2687.2,91
1350.72,109
990.08,83
1095.57,94
873.2,80
790.59,75
573.5,50
943.2,85
1180.3,88
961.0,77
1089.51,76
959.38,83
1182.3,86
922.24,71
1452.04,106
2834.45,103
1170.6,94
1424.88,107
997.5,82
1311.47,102
982.64,64
2534.44,91
1102.37,91
1132.99,81
1275.0,84
1164.59,88
1343.29,106
1080.72,68
899.63,78
964.54,82
1698.3,119
1584.0,115
1114.35,86
1526.26,105
809.2,52
2565.4,80
904.5,73
1229.59,87
999.0,80
1193.35,89
3322.42,77
781.83,52
1273.0,87
1264.45,96
1066.83,75
1947.8,106
1806.99,102
1221.35,75
992.18,63
1421.64,79
1374.71,91
2458.66,100
1360.8,92
1104.98,82
1610.28,89
836.48,64
1180.8,77
3948.57,92
2567.1,80
1055.03,79
1709.52,99
1415.76,83
817.4,58
1249.92,95
1558.56,84
1170.03,89
1747.97,89
1361.26,91
3252.45,65
847.8,56
1626.75,89
1412.36,71
1832.6,91
1471.93,75
1624.35,82
2117.66,92
882.39,65
2014.98,89
2149.7,98
4236.6,92
1871.87,89
1654.44,95
1500.75,80
964.93,50
4004.35,99
1559.4,86
1566.0,87
1230.25,94
1551.12,89
862.47,74
907.2,51
1173.69,75
1907.06,86
1459.2,91
1843.87,97
1663.05,95
1973.12,96
791.5,50
2019.85,86
1765.76,89
2842.2,65
2056.76,97
1963.84,103
1967.12,99
1421.75,73
1984.44,93
1474.47,81
1382.18,83
1347.4,70
1906.82,98
1473.12,85
712.77,40
1217.54,91
1298.38,83
3354.4,101
1295.79,99
1123.1,84
1437.52,74
1012.6,66
3791.09,94
1287.42,92
2679.26,93
1688.48,92
2082.9,111
1953.62,101
1137.28,56
1616.62,81
1555.74,78
1560.28,94
1408.05,82
1711.44,78
1167.48,89
699.38,57
1775.19,101
1185.03,92
2136.93,84
1163.28,96
1381.1,82
1395.87,82
1101.21,71
1312.08,95
1397.76,87
1090.72,67
2393.48,72
1157.64,94
1126.44,93
894.87,69
766.29,60
1282.32,96
1573.65,94
3505.9300000000003,82
1651.32,96
1428.84,104
899.58,69
1027.52,90
911.05,67
3162.25,100
1533.21,86
3946.98,94
1004.4,75
601.25,52
1149.75,87
1614.65,70
1362.47,88
892.81,76
1610.9,99
1886.26,95
842.4,58
3087.59,80
1203.3,87
1063.58,81
1066.8,95
850.11,63
1262.09,98
2594.31,49
2393.26,102
1139.48,101
1849.34,88
1473.78,96
2310.19,93
1188.18,87
864.0,65
1664.52,101
1224.68,89
854.92,69
927.96,76
1166.75,93
1030.93,76
1076.6,80
1008.81,82
3062.5,85
3043.68,77
1013.8,80
1228.5,87
1036.12,83
910.1,69
1260.33,86
1168.1,97
1279.87,89
1047.86,78
1343.03,103
1242.72,80
1087.01,64
1509.03,97
1175.85,94
1193.6,91
1130.91,79
924.35,60
2789.52,69
901.82,61
1418.24,95
1795.62,88
956.08,76
1308.45,78
910.0,77
1151.06,83
969.57,60
1381.68,101
1131.62,80
1183.36,96
1586.93,99
1473.62,89
1070.06,81
900.9,49
1639.44,89
1659.98,81
1599.2,97
1262.59,85
1451.45,88
1565.28,90
1017.74,62
1280.79,91
1450.34,77
994.62,58
1514.34,80
4299.77,104
3785.48,99
1113.26,55
1422.22,85
1462.4,88
1256.5,93
2096.64,113
1051.48,83
1336.39,84
660.3,41
1470.16,91
1259.05,89
1895.57,107
1011.84,63
1019.35,76
1455.35,85
1090.74,51
1595.05,79
1273.35,70
1576.89,89
1730.98,92
1820.91,90
1057.77,78
512.82,42
1134.67,87
1400.01,74
1841.97,115
1002.96,83
2155.28,109
1666.32,109
596.62,50
1545.72,91
1590.4,107
3582.9,76
1395.76,91
2523.59,98
1533.6,99
1185.55,65
1369.23,99
1171.83,70
2055.51,106
993.86,71
1288.58,64
1428.23,85
724.28,58
1399.04,93
1172.15,75
1489.95,104
2256.53,72
1202.69,82
1165.45,72
735.01,58
1053.31,86
1141.14,85
2632.74,97
1265.55,89
1579.75,87
1542.19,107
2127.2200000000003,57
1298.22,105
1013.29,81
1385.98,94
1649.03,96
1532.35,93
1427.77,87
3251.84,41
4409.21,106
1473.2,94
1405.88,104
1039.74,79
1047.84,96
2832.4300000000003,101
976.69,59
1509.37,83
3503.6800000000003,88
1221.12,91
1061.73,77
1254.19,83
1030.2,72
757.5,62
954.6,80
1196.58,88
1398.6,108
1251.56,101
3760.05,81
930.74,78
691.56,55
1482.34,117
1318.68,108
836.57,76
1448.28,68
1173.83,90
1083.6,93
612.5,53
1097.79,86
1095.57,94
1169.69,91
1208.42,92
1157.36,92
1072.26,92
784.74,69
1009.36,88
979.02,84
1168.4,95
1136.03,91
1126.3,87
974.02,90
751.25,65
1123.32,92
1204.86,101
1345.79,99
1266.56,107
989.53,87
1086.88,94
1893.31,39
2353.32,92
2796.14,76
1086.88,94
1354.3,101
1002.33,84
1086.08,87
682.46,62
932.4,80
1033.62,81
958.92,85
878.75,76
1072.26,84
1081.88,86
790.98,59
1248.75,100
1109.4,93
1291.68,97
1722.06,86
1336.63,99
1298.26,101
601.25,50
1202.5,100
1243.39,94
1296.3,98
931.5,73
818.07,66
1414.46,115
704.3,54
1033.41,84
1452.55,113
1242.22,101
1214.71,98
1143.97,89
3777.0,93
629.67,49
1022.7,79
1013.8,80
1168.4,95
1336.44,112
893.55,70
918.48,77
646.8,53
1219.92,97
861.11,67
1225.44,96
919.08,72
867.68,69
1173.83,94
2567.4,52
1009.8,91
1053.24,85
1041.18,84
3382.6,80
1005.43,83
1134.42,84
673.4,56
1123.32,88
1112.96,94
2403.82,81
1040.14,81
859.14,72
2720.24,92
709.92,56
1050.06,86
1570.05,115
988.47,77
1082.25,82
1078.18,94
1069.67,98
827.95,61
1208.9,89
1520.78,111
781.44,64
1177.15,97
1281.8,100
920.93,76
3549.34,65
993.48,79
1287.72,90
968.32,77
1040.62,90
897.75,73
978.75,73
727.56,61
1079.09,85
1151.92,85
1030.32,73
3473.6,96
2568.38,65
1371.89,88
1218.36,66
1379.95,102
1015.4,79
1348.49,89
1397.9,93
3560.6,93
1483.3,112
896.61,57
1617.27,89
888.44,69
1395.17,80
1929.2,113
1326.24,87
1165.25,71
728.0,58
1525.53,84
3256.9,103
2836.94,72
1398.54,88
1252.02,95
1072.66,88
860.51,58
1472.5,102
947.2,80
1326.81,76
1351.68,92
1661.94,116
1235.99,102
976.69,57
1226.84,76
1115.1,86
2245.66,84
1436.4,87
1266.2,86
1146.6,83
1224.04,68
947.7,72
1191.93,92
1119.28,89
1045.32,80
1312.15,95
1458.81,92
772.81,64
3439.75,98
810.26,69
1607.04,92
2263.92,70
1226.74,98
865.91,67
664.83,50
1090.89,84
1091.01,88
3366.59,63
1365.86,90
1246.83,97
1240.65,97
871.72,76
785.68,69
1255.8,97
1208.79,108
1102.37,91
927.52,78
1026.2,75
679.32,54
1226.0,94
1139.7,85
1185.98,95
1111.07,86
868.02,68
1090.76,88
630.99,55
1101.44,89
1145.52,96
1094.59,89
1217.3,94
1173.83,94
1035.05,91
793.65,60
879.12,72
936.35,83
1365.25,111
3514.38,83
1097.46,85
978.47,82
768.96,54
1372.7,106
975.56,79
2747.55,95
810.85,79
1225.44,92
1327.56,104
842.86,68
947.2,80
829.4,69
2683.35,63
1089.84,86
1515.25,113
1237.86,97
951.46,74
1085.54,91
1212.33,95
1086.08,87
1186.52,91
1034.15,86
1083.6,93
965.25,73
1174.38,92
1419.22,103
937.77,74
1132.2,90
912.98,70
1292.6,102
779.96,62
996.8,77
1074.5,83
1286.35,107
1572.16,125
3937.47,102
1008.09,79
848.54,69
982.5,85
1068.7,91
3394.19,81
1907.2,80
3659.66,99
1145.52,96
730.38,56
1080.03,84
886.89,68
3150.04,104
1194.76,95
1161.27,91
2976.8,84
656.75,50
966.21,81
1105.75,86
1078.56,81
1178.2,93
2208.75,73
939.8,80
756.47,58
1121.65,94
1208.61,94
997.75,83
803.88,69
984.2,80
1012.5,73
828.8,64
994.56,84
1061.94,87
995.67,78
1441.52,87
1158.95,94
1042.11,86
2476.9700000000003,59
898.51,79
1026.72,75
1370.69,97
1295.48,95
1105.0,80
1453.62,96
800.64,60
1340.01,115
1447.83,97
1157.13,80
2200.2,76
1352.55,95
3716.5,66
754.11,62
1864.54,72
1001.01,83
1124.24,85
1029.34,84
1283.16,102
864.0,73
1712.84,71
957.03,75
976.64,75
890.32,73
1241.5,88
769.23,66
1107.41,82
2175.52,65
1561.58,109
1111.11,84
1337.04,94
928.67,83
1501.2,103
944.64,73
607.6,53
1483.9,108
1415.7,92
1032.3,74
867.1,71
1041.18,84
1192.05,94
624.96,54
1228.59,91
1116.12,85
904.24,77
1293.39,111
1266.57,91
973.7,81
748.34,57
1125.39,75
1349.76,114
1054.32,82
1205.64,98
1103.34,84
1068.12,81
676.31,55
1243.39,94
3018.01,99
1292.68,98
1017.32,78
892.84,71
994.38,86
3210.88,46
1520.7,120
1083.6,93
1089.07,84
1172.16,96
1118.0,93
1017.32,78
780.41,63
1245.08,99
925.67,71
3631.59,89
946.96,77
2262.92,96
1117.79,92
647.79,49
1127.51,89
1309.17,99
1255.1,94
978.84,74
830.07,65
2200.88,112
681.36,58
1277.47,102
2014.2,63
976.81,74
806.65,64
872.46,72
1155.88,88
704.48,56
1923.69,79
3043.6400000000003,86
1143.13,92
932.23,71
1492.4,100
931.26,76
707.4,56
934.99,76
1382.51,106
1025.28,77
1040.62,90
1101.6,78
1262.38,94
763.12,66
1077.12,91
1381.8,94
1024.42,81
1102.82,89
3039.23,91
1390.32,90
3786.2,80
1115.18,88
1156.68,90
859.94,75
1165.41,82
1199.31,99
1187.49,89
696.65,55
1059.22,79
1211.75,100
3654.05,76
1063.29,83
1058.02,86
693.72,61
885.78,72
903.9,85
1116.17,85
1082.25,90
1202.5,100
1507.69,119
1063.58,81
730.38,56
