Actual_Yield_kg,Predicted_Yield_kg,Error_kg,Error_%,Labor_Count,Yield_per_Worker_Actual,Yield_per_Worker_Predicted
1078.63,1124.102167949186,-45.47216794918586,-4.215733657434511,70,15.409,16.058602399274086
1610.14,1698.9035618975681,-88.76356189756802,-5.512785341496269,87,18.507356321839083,19.52762714824791
1013.8,1033.6033616429233,-19.80336164292339,-1.953379526822193,80,12.6725,12.920042020536542
1142.78,1083.0614970225317,59.71850297746823,5.225721746746376,60,19.046333333333333,18.051024950375528
1399.43,3375.518684836634,-1976.0886848366338,-141.2066830664366,83,16.860602409638556,40.66889981730884
1890.46,1824.601503679456,65.85849632054396,3.4837286332714767,94,20.11127659574468,19.410654294462297
1412.3,1386.3444526093951,25.955547390604806,1.8378210996675497,82,17.223170731707317,16.906639665968232
4164.88,3139.4627984422805,1025.4172015577196,24.620570137860383,87,47.872183908045976,36.08577929244001
1462.62,1500.2778652898032,-37.65786528980334,-2.574685515704923,87,16.811724137931034,17.24457316425061
1063.52,1089.7014423533499,-26.181442353349894,-2.4617724493521416,67,15.873432835820894,16.264200632139552
1220.49,1191.059294341134,29.430705658865918,2.411384416002255,66,18.492272727272727,18.04635294456264
4094.91,2608.9965772477854,1485.9134227522145,36.28683958260901,71,57.67478873239436,36.746430665461766
1083.23,1073.1100694068414,10.119930593158642,0.9342365511626008,68,15.92985294117647,15.78103043245355
1393.6,1424.0000141793314,-30.400014179331492,-2.1814017063240163,69,20.19710144927536,20.637681364917846
3405.73,1511.5721161238248,1894.1578838761752,55.616795338332025,82,41.53329268292683,18.433806294192987
3306.83,2240.894325318268,1065.935674681732,32.234365681989466,49,67.48632653061225,45.732537251393225
1661.4,1797.186830245712,-135.78683024571183,-8.173036610431673,84,19.77857142857143,21.39508131244895
974.85,1008.8108818768878,-33.96088187688781,-3.483703326346393,65,14.997692307692308,15.520167413490583
1440.26,1538.2783053692824,-98.01830536928242,-6.8055979732327785,89,16.18269662921348,17.284025903025643
1906.39,2403.39884021765,-497.00884021765,-26.070680197527786,98,19.45295918367347,24.524477961404592
936.32,977.8755447805925,-41.55554478059241,-4.438177629506196,59,15.869830508474577,16.574161775942244
1201.31,1258.6976397278916,-57.38763972789161,-4.77708832257216,71,16.919859154929576,17.728135770815374
1899.97,1891.319376843105,8.650623156895108,0.45530314462307864,89,21.34797752808989,21.250779515091068
1357.96,1306.3861898547148,51.57381014528528,3.797888755580818,88,15.431363636363637,14.845297611985394
1328.0,1672.593731042781,-344.593731042781,-25.948323120691335,70,18.97142857142857,23.894196157754013
2669.57,2220.7245969537275,448.8454030462726,16.81339702822075,79,33.7920253164557,28.110437936123134
1089.66,1070.4712518867148,19.188748113285328,1.7609849047671131,57,19.11684210526316,18.78019740152131
1749.81,2266.710978005297,-516.900978005297,-29.540405987238444,80,21.872625,28.333887225066213
1203.05,1197.4157656319112,5.634234368088755,0.46832919397271566,73,16.480136986301368,16.402955693587824
1087.96,1085.1958926212988,2.764107378701283,0.25406332757649935,74,14.702162162162162,14.66480935974728
892.16,937.733351796795,-45.57335179679501,-5.108203886835883,67,13.315820895522387,13.996020176071568
778.03,822.9208364123389,-44.8908364123389,-5.769807901024241,61,12.754590163934425,13.490505514956375
2436.3,1364.607613606915,1071.6923863930851,43.98852302233243,75,32.484,18.194768181425534
1140.36,1134.367205419911,5.992794580088912,0.5255177821116939,71,16.061408450704224,15.977002893238183
1047.2,1027.4014465795285,19.798553420471535,1.8906181646745162,73,14.345205479452055,14.073992418897651
1213.8,1201.5502055879113,12.249794412088704,1.0092102827557015,73,16.627397260273973,16.459591857368647
1162.12,1136.0373882892163,26.082611710783567,2.2443991765724336,63,18.446349206349204,18.032339496654227
1364.18,1526.9360184683626,-162.75601846836253,-11.930684987931397,82,16.636341463414634,18.621170956931252
1020.98,1026.9139756184852,-5.933975618485192,-0.5812039039437787,51,20.01921568627451,20.135568149382063
1465.96,1429.337474761353,36.622525238647086,2.4981940324870453,81,18.098271604938272,17.646141663720407
1491.24,1492.685507045877,-1.4455070458770933,-0.09693322643418184,82,18.185853658536587,18.203481793242403
4105.25,3038.183913141965,1067.0660868580349,25.992718759102,80,51.315625,37.97729891427456
947.37,960.6414933909322,-13.271493390932164,-1.4008775231358566,69,13.73,13.922340483926552
961.7,1000.252449593736,-38.5524495937359,-4.008781282493075,69,13.93768115942029,14.496412312952694
1245.38,1223.200061485936,22.179938514064133,1.7809775742395197,91,13.685494505494507,13.441758917427867
946.08,960.9983071573599,-14.91830715735989,-1.5768547223659617,55,17.201454545454546,17.47269649377018
1081.17,1119.684853013425,-38.514853013424954,-3.5623309020251166,77,14.041168831168832,14.541361727447079
1369.18,1589.9111541753277,-220.73115417532767,-16.12141239101708,101,13.556237623762376,15.741694595795325
1167.12,1131.8097092894664,35.310290710533536,3.0254207545525347,71,16.438309859154927,15.940981820978399
1565.85,1764.1940641198285,-198.34406411982854,-12.666862350788936,88,17.79375,20.047659819543505
923.91,929.7543383193297,-5.844338319329722,-0.6325657606617228,57,16.20894736842105,16.311479619637364
2130.53,1722.1985127724138,408.3314872275864,19.165723422227632,79,26.968734177215193,21.799981174334352
833.52,864.8676188133287,-31.347618813328722,-3.760871822311249,59,14.127457627118643,14.65877320022591
935.99,985.1566718603332,-49.16667186033317,-5.252905678515066,68,13.764558823529413,14.487598115593135
1386.0,1339.5206676854668,46.47933231453317,3.353487179980748,72,19.25,18.604453717853705
836.33,856.0797535650438,-19.74975356504376,-2.361478550936085,67,12.482537313432836,12.777309754702147
1030.92,1079.771735678582,-48.85173567858192,-4.738654374595693,63,16.363809523809525,17.13923389966003
884.25,954.5619977954964,-70.31199779549638,-7.951597149617911,73,12.113013698630137,13.076191750623238
1220.4,1185.9066427109374,34.493357289062715,2.826397680191963,72,16.950000000000003,16.470925593207465
2372.89,2444.7278353124534,-71.83783531245354,-3.0274406024912044,55,43.143454545454546,44.44959700568097
4366.53,2405.241761260195,1961.288238739805,44.91640361430713,83,52.608795180722886,28.97881640072524
1863.0,1803.512043273648,59.48795672635197,3.193127038451528,98,19.010204081632654,18.403184115037224
887.08,895.5832140635291,-8.503214063529072,-0.9585622563386696,48,18.480833333333333,18.657983626323524
2141.05,2956.911182014516,-815.8611820145156,-38.10565759858554,98,21.84744897959184,30.172563081780773
1525.5,2092.3531653095524,-566.8531653095524,-37.15851624448065,99,15.409090909090908,21.134880457672246
1092.83,1121.2805212314797,-28.450521231479797,-2.6033803273592233,68,16.071029411764705,16.4894194298747
703.72,729.7654372720774,-26.04543727207738,-3.701108007741343,44,15.993636363636364,16.585578119819942
991.67,1028.6760918388059,-37.0060918388059,-3.73169419653775,61,16.25688524590164,16.863542489160753
1531.66,1480.0718658935496,51.588134106450525,3.3681191717777135,83,18.453734939759038,17.83219115534397
1289.28,1470.41343759398,-181.13343759398003,-14.04919316160803,73,17.661369863013697,20.14264983005452
1167.0,1260.9889257438542,-93.98892574385422,-8.053892523038066,74,15.77027027027027,17.040390888430462
1536.07,1537.123767653592,-1.0537676535921037,-0.0686015385752019,89,17.259213483146066,17.271053569141483
1551.53,1605.5122404558529,-53.98224045585289,-3.4792907939809665,81,19.154691358024692,19.82113877105991
1224.52,1712.250220633345,-487.73022063334497,-39.830318870524366,62,19.75032258064516,27.616939042473305
1367.0,1523.0082598472452,-156.0082598472452,-11.412454999798479,88,15.534090909090908,17.306912043718697
1660.95,1622.9694828164515,37.9805171835485,2.286674323944038,79,21.024683544303798,20.543917504005716
1065.96,1062.347968939264,3.6120310607359443,0.33885240166009456,70,15.228,15.176399556275202
1270.08,1223.8548704943255,46.22512950567443,3.639544714165598,71,17.888450704225352,17.2373925421736
1574.27,1534.2175861013181,40.052413898681834,2.5441896179614574,79,19.92746835443038,19.420475773434408
1360.81,1429.2351805250912,-68.42518052509126,-5.028268496343447,88,15.46375,16.24130886960331
2452.5,2294.900963448704,157.5990365512962,6.426056536240416,52,47.16346153846154,44.132710835552
1436.48,1487.825623565078,-51.345623565078085,-3.5744057393822457,87,16.511264367816093,17.101443949023885
1262.08,1259.2279689265915,2.852031073408398,0.22597862840773947,79,15.975696202531644,15.939594543374577
1253.55,1225.7466855175421,27.803314482457836,2.217966134773869,64,19.58671875,19.152291961211596
1394.3,1364.9681765919274,29.331823408072523,2.1036952885370814,67,20.81044776119403,20.37265935211832
1470.84,1451.6710612361703,19.1689387638296,1.3032647170208589,79,18.618227848101263,18.37558305362241
1117.8,1089.3656705439537,28.43432945604627,2.5437761188089345,55,20.323636363636364,19.806648555344612
2596.03,846.5997576537366,1749.4302423462636,67.38867587609786,47,55.234680851063835,18.01276080114333
1731.96,1758.29479434412,-26.334794344119928,-1.5205197778308925,88,19.68136363636364,19.980622663001363
1580.04,1578.2666102862565,1.773389713743427,0.1122370138568281,85,18.58870588235294,18.56784247395596
1265.55,1257.603406736182,7.946593263817931,0.627916183779221,67,18.888805970149253,18.77020010054003
1899.91,1846.0323739632809,53.87762603671922,2.8357988555625906,103,18.445728155339808,17.922644407410495
1678.35,1695.3567095926771,-17.006709592677225,-1.0132993471372018,101,16.617326732673266,16.7857099959671
1992.9,2398.145493753361,-405.24549375336073,-20.334462027866966,93,21.429032258064517,25.78651068552001
734.38,761.5141952319814,-27.13419523198138,-3.6948439815873773,43,17.07860465116279,17.70963244725538
1409.28,1454.7544622239159,-45.47446222391591,-3.2267868857796826,74,19.044324324324325,19.65884408410697
1591.2,1636.875770269488,-45.675770269487884,-2.8705235212096456,95,16.74947368421053,17.23027126599461
1455.88,1450.6396227652108,5.240377234789321,0.35994568472602967,88,16.54409090909091,16.484541167786485
1344.2,1320.7848757712948,23.41512422870528,1.7419375263134413,72,18.669444444444444,18.344234385712426
1640.32,1760.6426252027804,-120.3226252027805,-7.335314158382541,74,22.166486486486484,23.79246790814568
1255.61,1232.001608819792,23.608391180207946,1.8802328095672975,58,21.648448275862066,21.241407048617102
2717.24,2634.904803843171,82.33519615682872,3.030103934758384,54,50.319259259259255,48.79453340450317
1416.38,1418.182810611083,-1.8028106110828048,-0.12728297569033767,80,17.70475,17.727285132638535
852.8,939.9364943380874,-87.13649433808746,-10.217693988987742,68,12.541176470588235,13.822595504971874
1061.9,1082.2437224492148,-20.343722449214738,-1.9157851444782685,82,12.950000000000001,13.198094176209937
1348.1,1417.4900237009226,-69.39002370092271,-5.147246027811195,67,20.120895522388057,21.15656751792422
1393.8,1442.9133890538303,-49.11338905383036,-3.5237041938463456,77,18.1012987012987,18.739134922777016
807.5,885.2195442868901,-77.71954428689014,-9.624711366797541,71,11.373239436619718,12.467880905449157
852.0,804.0042933478776,47.99570665212241,5.633298902831268,45,18.933333333333334,17.86676207439728
1248.72,1305.5475640001755,-56.82756400017547,-4.550865205984966,63,19.82095238095238,20.72297720635199
3154.8,2621.661292614321,533.138707385679,16.899287035174307,75,42.064,34.95548390152428
1319.83,1366.3013111806401,-46.471311180640214,-3.521007340387794,75,17.597733333333334,18.21735081574187
2868.04,2465.206914486646,402.83308551335404,14.045588119878177,66,43.45515151515151,37.35161991646433
1761.14,1769.970995365777,-8.830995365776971,-0.5014363063570739,74,23.79918918918919,23.918526964402393
1962.02,2826.4500635663626,-864.4300635663626,-44.05816778454667,82,23.927073170731706,34.468903214223936
752.48,816.8514624165432,-64.37146241654318,-8.554574529096213,46,16.358260869565218,17.757640487316156
1166.78,1168.0024977783726,-1.222497778372599,-0.10477534568407061,64,18.2309375,18.25003902778707
4093.21,1629.1717693128298,2464.03823068717,60.198187502893084,74,55.31364864864865,22.015834720443646
1127.12,1138.9616767559487,-11.84167675594881,-1.0506136663308974,61,18.477377049180326,18.671502897638504
1895.43,1822.0955132911993,73.3344867088008,3.869015828007407,78,24.300384615384615,23.36019888834871
1307.82,1312.065876164254,-4.245876164254014,-0.32465294644935955,81,16.145925925925926,16.198344150175974
3653.83,2360.2428842440668,1293.5871157559332,35.403593373417294,101,36.176534653465346,23.368741428159076
923.65,1006.4188141586102,-82.76881415861021,-8.9610582102106,62,14.89758064516129,16.232561518687262
3202.6800000000003,3442.9231442821656,-240.2431442821653,-7.501315906745766,92,34.81173913043479,37.42307765524093
2178.99,2045.5832576608004,133.40674233919935,6.122411866929144,83,26.252891566265056,24.645581417600006
1459.44,1475.2261348142586,-15.786134814258503,-1.081656992699837,99,14.741818181818182,14.901274089032915
1483.65,1483.0183310621442,0.6316689378559204,0.04257533366062888,85,17.454705882352943,17.447274483084048
1464.31,1600.984023858466,-136.67402385846594,-9.333680973186413,73,20.05904109589041,21.931287998061176
2878.87,2002.591258528726,876.2787414712739,30.438287990471046,84,34.272261904761905,23.840372125341975
1521.45,2142.968213730185,-621.5182137301852,-40.85038704723686,66,23.05227272727273,32.46921535954826
1179.88,1280.5963761517105,-100.71637615171039,-8.536154198029493,71,16.618028169014085,18.036568678193106
1898.11,1863.5207892871315,34.58921071286841,1.8222974808029253,90,21.09011111111111,20.705786547634794
1811.7,1918.1801783595438,-106.48017835954374,-5.8773626074705385,91,19.90879120879121,21.078903058896085
2909.53,2734.107127576795,175.42287242320526,6.029251199444764,87,33.44287356321839,31.426518707779252
1999.9,2038.2681008230618,-38.368100823061695,-1.9185009662013948,82,24.389024390243904,24.856928058817825
1528.1,1503.8115823997787,24.288417600221237,1.5894521039343787,68,22.47205882352941,22.11487621176145
845.92,899.5425738705295,-53.62257387052955,-6.338965135063547,44,19.225454545454543,20.444149406148398
1974.96,1890.7459229478336,84.21407705216643,4.264090262697291,82,24.08487804878049,23.05787710911992
1107.0,1090.0734934229883,16.92650657701165,1.5290430512205646,65,17.03076923076923,16.770361437276744
1275.75,1289.8267716820872,-14.076771682087156,-1.103411458521431,77,16.568181818181817,16.750997034832302
1132.94,1123.095179509079,9.844820490921165,0.8689622125550485,50,22.6588,22.461903590181578
1179.86,1478.4996818269906,-298.6396818269907,-25.311450665925676,73,16.162465753424655,20.25342029899987
1045.83,1057.0270026841727,-11.19700268417273,-1.0706331511022567,58,18.03155172413793,18.2246034945547
868.82,960.8853261747706,-92.06532617477058,-10.596593790977483,56,15.514642857142858,17.158666538835188
1173.03,1185.120734684627,-12.090734684627023,-1.030726808745473,74,15.851756756756757,16.01514506330577
1240.79,1258.8513805030843,-18.061380503084365,-1.4556355630754894,63,19.695079365079366,19.981767944493402
866.2,859.8038112088657,6.396188791134364,0.7384193940353687,44,19.686363636363637,19.540995709292403
1154.4,1107.4505750479068,46.949424952093295,4.066998003473085,50,23.088,22.149011500958135
1024.86,1070.3262273326964,-45.46622733269646,-4.436335434371179,66,15.528181818181817,16.2170640504954
1184.04,1171.310585384969,12.729414615030919,1.0750831572439208,56,21.143571428571427,20.916260453303018
1077.05,1068.400081827998,8.64991817200189,0.8031120349103468,63,17.096031746031745,16.95873145758727
1505.7,1455.0423824560798,50.657617543920196,3.3643898216059105,70,21.51,20.78631974937257
1462.6,1446.0449493013552,16.555050698644663,1.1318918842229362,61,23.977049180327867,23.705654906579593
1288.74,1323.8344412646625,-35.094441264662464,-2.7231591527121424,60,21.479,22.06390735441104
2096.3,1508.1434160475615,588.1565839524387,28.056889946688862,52,40.31346153846154,29.002758000914643
779.21,846.4592442387544,-67.24924423875439,-8.630439065047213,50,15.584200000000001,16.92918488477509
1068.65,1065.1015128528948,3.548487147105334,0.3320532585135763,55,19.430000000000003,19.365482051870814
1228.37,1185.530364147194,42.83963585280594,3.487518895186788,66,18.611666666666665,17.962581274957483
1636.76,1606.311544721123,30.448455278876963,1.8602883305357514,81,20.206913580246912,19.831006724952136
1338.48,1322.8243921304438,15.655607869556206,1.1696557191408319,57,23.482105263157894,23.207445475972698
2590.92,2407.010207287156,183.90979271284414,7.098242813859329,78,33.21692307692308,30.859105221630205
957.73,973.1674425901444,-15.437442590144428,-1.6118783571721078,40,23.94325,24.32918606475361
1729.71,2575.467566246287,-845.7575662462868,-48.89591701766694,68,25.436911764705883,37.87452303303363
4002.47,3048.2624713887826,954.2075286112172,23.84046672707646,84,47.64845238095238,36.28883894510456
1248.43,1283.8414480419333,-35.41144804193323,-2.8364784603007958,73,17.10178082191781,17.58686915125936
1023.66,1043.4689056379143,-19.808905637914336,-1.935105956852308,56,18.279642857142857,18.633373314962757
1143.9,1144.881556069362,-0.9815560693618863,-0.08580785640019986,65,17.59846153846154,17.613562401067107
1345.14,1310.341096294558,34.79890370544217,2.5870098060753652,76,17.69921052631579,17.24133021440208
361.86,568.6439251024055,-206.78392510240553,-57.14473141612931,26,13.917692307692308,21.870920196246367
1252.86,1232.3032598451562,20.556740154843737,1.6407850960876504,77,16.27090909090909,16.003938439547483
714.97,701.9609119653769,13.009088034623119,1.8195292158584442,46,15.542826086956522,15.26001982533428
922.76,926.456873355837,-3.696873355837056,-0.4006321639252954,52,17.745384615384616,17.816478333766096
1269.0,1296.1040747113664,-27.104074711366366,-2.135860891360628,62,20.467741935483872,20.90490443082849
3164.31,2812.1606882274077,352.1493117725922,11.128786742531302,77,41.094935064935065,36.52156737957672
1181.7,1188.2618694024777,-6.561869402477669,-0.5552906323498069,70,16.88142857142857,16.97516956289254
1798.11,2577.4319814528153,-779.3219814528154,-43.3411738688298,51,35.25705882352941,50.537881989270886
1005.64,1048.7167205126675,-43.07672051266752,-4.2835130377339325,54,18.622962962962962,19.420680009493843
1020.68,1082.8772600835819,-62.19726008358191,-6.093708124346701,49,20.83020408163265,22.099535920073098
1424.12,1439.382157766673,-15.262157766672999,-1.0716904310502626,72,19.779444444444444,19.991418857870457
1317.33,1336.2837121167859,-18.953712116785937,-1.4387975766729626,71,18.55394366197183,18.820897353757548
816.39,807.4862422257613,8.90375777423867,1.0906255312091857,52,15.699807692307692,15.52858158126464
1266.83,1277.0566214482235,-10.226621448223568,-0.8072607570252969,75,16.891066666666667,17.027421619309646
677.11,753.7951011072603,-76.68510110726027,-11.32535350345738,41,16.51487804878049,18.385246368469762
1853.68,1845.746837927905,7.933162072095001,0.4279682616252536,93,19.93204301075269,19.846740192773172
937.58,1009.0144317780102,-71.43443177801021,-7.619022566395422,53,17.690188679245285,19.038008146754912
1261.53,1272.844320046093,-11.314320046092917,-0.896872848532569,72,17.52125,17.678393333973514
779.45,804.9387891260667,-25.48878912606665,-3.2700993169628134,48,16.238541666666666,16.769558106793056
976.62,1036.0406440604554,-59.4206440604554,-6.084315707281789,67,14.576417910447761,15.46329319493217
901.08,928.1112613085797,-27.0312613085797,-2.9998736303746285,61,14.771803278688525,15.214938709976717
2127.38,2227.1906788662977,-99.81067886629762,-4.691718398513553,40,53.1845,55.67976697165744
1444.27,1377.0663993351218,67.2036006648782,4.653118922699924,72,20.059305555555554,19.125922212987803
1185.42,1201.2225002270527,-15.802500227052633,-1.3330718417989096,65,18.23723076923077,18.480346157339273
1121.32,1123.0269956039376,-1.7069956039376848,-0.15223090678287063,75,14.950933333333332,14.973693274719169
926.61,973.7288728032993,-47.11887280329927,-5.085081404614591,61,15.19032786885246,15.962768406611463
757.66,782.3156033610321,-24.65560336103215,-3.2541777790872093,55,13.775636363636362,14.223920061109675
1021.52,1039.9065758364277,-18.38657583642771,-1.7999232356123922,59,17.313898305084745,17.625535183668266
551.85,593.5112432345903,-41.6612432345903,-7.549378134382585,32,17.2453125,18.547226351080948
1254.96,1216.452829306675,38.50717069332495,3.0683982512052137,76,16.512631578947367,16.00595828035099
1085.6,1096.9169275906359,-11.316927590635942,-1.0424583263297662,57,19.045614035087716,19.24415662439712
692.34,685.4677609280287,6.872239071971308,0.9926104330200923,45,15.385333333333334,15.23261690951175
2661.36,2391.1144768916256,270.2455231083745,10.154414401222477,56,47.52428571428572,42.69847280163617
724.43,766.4554665965215,-42.025466596521596,-5.801177007650373,45,16.098444444444443,17.032343702144924
1051.38,1053.1745207964593,-1.79452079645921,-0.1706824170575063,67,15.69223880597015,15.719022698454618
676.88,736.9083765336975,-60.0283765336975,-8.868392703831919,42,16.116190476190475,17.54543753651661
1317.9,1269.1373377558753,48.76266224412484,3.7000274864651974,56,23.53392857142857,22.66316674564063
1397.65,1403.3727169708206,-5.7227169708205565,-0.4094527936765682,66,21.176515151515154,21.263222984406372
1236.82,1611.314223453359,-374.49422345335915,-30.27879751729105,55,22.487636363636362,29.296622244606528
1363.56,1362.762978111903,0.7970218880968787,0.058451545080295604,74,18.426486486486485,18.415715920431122
1096.88,1208.7683507749368,-111.88835077493673,-10.20060086563131,58,18.911724137931035,20.840833634050636
3734.8,2665.996822672171,1068.803177327829,28.617413980074673,71,52.60281690140845,37.549251023551705
968.44,988.795388935067,-20.355388935066912,-2.1018740381507284,44,22.01,22.472622475796978
1197.5,1262.013050502253,-64.51305050225301,-5.387311106659959,71,16.866197183098592,17.774831697214832
1615.0,1591.6554743906918,23.34452560930822,1.44548146187667,80,20.1875,19.895693429883647
781.22,798.9189184403948,-17.698918440394777,-2.2655485574351366,43,18.167906976744188,18.57950973117197
1432.78,1408.1471846700504,24.632815329949608,1.7192322149911086,63,22.742539682539682,22.351542613810324
1126.13,1118.823466654103,7.306533345897151,0.6488179291819905,60,18.768833333333337,18.64705777756838
1139.81,1202.077184296396,-62.26718429639595,-5.462944200910323,55,20.72381818181818,21.855948805389016
785.4,779.9675197177827,5.432480282217284,0.6916832546749789,47,16.71063829787234,16.595053611016652
1399.41,1347.0352707511965,52.37472924880353,3.7426293401364523,71,19.71,18.972327757059105
1388.85,1330.957360344099,57.892639655900894,4.168386770054426,67,20.72910447761194,19.865035229016403
915.3,912.18818637191,3.111813628089976,0.3399774530853246,46,19.89782608695652,19.83017796460674
2357.8,1520.9073483064367,836.8926516935635,35.49464126276883,66,35.724242424242426,23.044050731915707
1081.2,1157.681496545517,-76.48149654551685,-7.0737603168254575,63,17.16190476190476,18.37589677056376
1037.52,1035.7735313147452,1.7464686852547402,0.16833108617228973,58,17.888275862068966,17.858164333012848
742.12,776.4960305531431,-34.376030553143096,-4.632139081704185,41,18.10048780487805,18.938927574466906
1000.28,937.0794822458412,63.200517754158795,6.318282656272125,46,21.745217391304347,20.371293092300895
872.96,935.6313744843529,-62.671374484352896,-7.179180544853475,54,16.165925925925926,17.326506934895423
1971.5,2576.4355120620553,-604.9355120620553,-30.68402292985317,59,33.41525423728814,43.66839850952636
1686.3,1599.0877185089953,87.21228149100466,5.1718129331082645,63,26.766666666666666,25.38234473823802
1130.22,1175.8063395681943,-45.58633956819426,-4.0334040778073526,70,16.146,16.797233422402776
1419.19,1419.7452943689768,-0.5552943689767744,-0.03912755649185623,71,19.988591549295776,19.996412596746154
561.6,612.3780702259785,-50.77807022597847,-9.041679171292461,45,12.48,13.608401560577299
2805.74,2678.265459937022,127.47454006297767,4.5433482811300285,56,50.1025,47.82616892744682
904.38,927.7685345363932,-23.388534536393195,-2.586140177402551,50,18.0876,18.555370690727862
1063.96,1040.8074012381053,23.15259876189475,2.176077931679269,55,19.344727272727273,18.923770931601915
2243.87,1355.1492610946075,888.7207389053924,39.60660550323291,67,33.49059701492537,20.22610837454638
1360.45,1387.5252915299777,-27.075291529977676,-1.9901717468468285,58,23.45603448275862,23.922849853965133
910.14,895.782238770254,14.357761229745961,1.5775332618878373,47,19.36468085106383,19.05919656957987
2085.78,2353.5638746764785,-267.78387467647826,-12.838548393237936,37,56.37243243243244,63.60983445071563
998.97,983.3191684128003,15.650831587199718,1.5666968564821484,69,14.477826086956522,14.251002440765221
907.18,940.4949485484715,-33.314948548471534,-3.6723636487214812,69,13.147536231884057,13.630361573166253
859.14,912.5467093965144,-53.40670939651443,-6.216298786753548,72,11.9325,12.674259852729367
3262.6,1506.1230332367106,1756.4769667632893,53.83672429238305,70,46.60857142857143,21.51604333195301
1174.36,1182.6955898823453,-8.335589882345403,-0.7097985185416229,50,23.487199999999998,23.653911797646906
2237.33,2503.126074372561,-265.7960743725612,-11.880056780741382,65,34.42046153846154,38.509631913424016
1047.15,1004.5804068003231,42.569593199677,4.065281306372248,43,24.352325581395352,23.36233504186798
1376.55,1406.7573611459422,-30.207361145942286,-2.1944252766657435,75,18.354,18.75676481527923
1753.75,2035.6851904534979,-281.93519045349785,-16.076133454226536,57,30.767543859649123,35.713775271113995
907.18,921.7352381965973,-14.555238196597315,-1.6044487529043097,58,15.64103448275862,15.891986865458573
1660.28,1563.7884567007932,96.4915432992068,5.811763274821525,76,21.84578947368421,20.576163903957806
1108.36,1145.0415210231988,-36.68152102319891,-3.309531291565819,65,17.051692307692306,17.616023400356905
1216.8,1213.649442045877,3.15055795412286,0.2589215938628254,50,24.336,24.27298884091754
785.4,810.3859167271697,-24.98591672716975,-3.181298284589986,45,17.453333333333333,18.00857592727044
1532.5,1585.2897671167989,-52.789767116798885,-3.4446830092527825,71,21.58450704225352,22.328024888968997
997.12,1034.257280069105,-37.13728006910503,-3.724454435685277,64,15.58,16.160270001079766
1137.75,1253.6856640321926,-115.93566403219256,-10.189906748599654,65,17.503846153846155,19.287471754341425
1210.62,1223.105080323723,-12.485080323723196,-1.0312963872828136,60,20.177,20.385084672062053
1267.2,1288.2106861636776,-21.01068616367752,-1.658040259128592,69,18.36521739130435,18.66972008932866
1303.4,1251.8157556384247,51.58424436157543,3.9576679731145794,50,26.068,25.03631511276849
656.1,676.5019382110258,-20.401938211025822,-3.1095775355930226,46,14.26304347826087,14.706563874152735
2021.3,1885.4728364668836,135.8271635331164,6.719792387726533,72,28.07361111111111,26.187122728706715
2167.2,3139.1788801743933,-971.9788801743935,-44.84952381757076,81,26.755555555555553,38.75529481696782
582.9,657.206235706012,-74.30623570601199,-12.747681541604392,41,14.217073170731707,16.02942038307346
2591.9700000000003,2476.153681407908,115.8163185920921,4.468273884037704,60,43.19950000000001,41.26922802346514
1796.2,1792.5264353112639,3.673564688736178,0.20451868882842544,66,27.215151515151515,27.15949144411006
1643.46,1717.6053145312412,-74.14531453124118,-4.511537520307229,65,25.284,26.42469714663448
1130.12,1666.337055913174,-536.2170559131741,-47.44779810225234,54,20.928148148148146,30.85809362802174
2363.08,2136.9241331694234,226.15586683057654,9.570385548968996,84,28.13190476190476,25.439573013921706
1219.54,1302.2797737839105,-82.73977378391055,-6.7845067635264575,67,18.202089552238807,19.43701154901359
2525.76,3147.543223751007,-621.783223751007,-24.617668493879343,93,27.158709677419356,33.84455079302158
1040.13,1018.7234563766272,21.406543623372954,2.058064244216872,54,19.26166666666667,18.865249192159762
1279.2,1354.4133422081081,-75.21334220810809,-5.879717183247974,63,20.304761904761907,21.49862447949378
2190.35,2074.931508532882,115.41849146711775,5.269408608994807,90,24.33722222222222,23.054794539254246
721.38,748.5638795949575,-27.18387959495749,-3.7683162265321313,34,21.217058823529413,22.01658469396934
1250.97,1256.4850188833875,-5.515018883387484,-0.4408594037736703,92,13.5975,13.657445857428126
1238.69,1236.2309947406657,2.45900525933439,0.19851659893390514,95,13.038842105263159,13.012957839375428
2220.8900000000003,1409.4031914653697,811.4868085346307,36.53881140149357,89,24.953820224719106,15.835990915341233
786.38,841.6188626387861,-55.238862638786145,-7.024449075356208,63,12.482222222222223,13.359029565695018
941.06,973.8004762352884,-32.7404762352885,-3.479106139384152,78,12.064871794871793,12.484621490196005
1186.52,1161.7143266667067,24.80567333329327,2.090624122079128,91,13.038681318681318,12.766091501831943
1160.39,1112.737693507307,47.652306492693015,4.106576796826326,89,13.038089887640451,12.502670713565248
1297.47,1540.2634866313178,-242.79348663131782,-18.71284011432386,115,11.282347826086957,13.393595535924502
1248.75,1272.2421341396243,-23.49213413962434,-1.8812519831531003,100,12.4875,12.722421341396243
1285.88,1286.2568218531765,-0.3768218531763523,-0.02930458932220365,103,12.484271844660196,12.487930309254141
609.15,674.6101093119605,-65.46010931196054,-10.746139589913902,49,12.431632653061223,13.7675532512645
1106.89,1109.9751709009997,-3.0851709009996284,-0.27872425453293714,79,14.01126582278481,14.050318618999997
1473.53,1603.7091876111976,-130.17918761119768,-8.834512199357846,118,12.487542372881355,13.59075582721354
1135.2,1154.2582853487852,-19.058285348785148,-1.6788482513024265,93,12.206451612903226,12.41137941235253
3573.85,2930.3467642333057,643.5032357666942,18.005882613055785,83,43.05843373493976,35.30538270160609
3069.9,2792.5913164964422,277.30868350355786,9.033150379607083,117,26.23846153846154,23.868301850396943
2577.4,2984.606280142885,-407.20628014288513,-15.79911073728894,88,29.288636363636364,33.91598045616915
521.7,626.6508923247388,-104.95089232473879,-20.11709647781077,40,13.0425,15.66627230811847
1346.8,1523.1042062115398,-176.30420621153985,-13.090600401807237,112,12.025,13.59914469831732
1016.39,1123.6925470808349,-107.30254708083487,-10.557221842091606,82,12.395,13.703567647327255
978.47,1030.3530689834215,-51.88306898342148,-5.3024690571424244,86,11.377558139534884,11.980849639342111
1346.8,1458.216580212543,-111.41658021254307,-8.272689353470676,112,12.025,13.019790894754848
1232.84,1363.7978738891716,-130.95787388917165,-10.62245497300312,98,12.579999999999998,13.91630483560379
913.32,1008.4748977796393,-95.15489777963921,-10.418571560859196,83,11.003855421686747,12.150299973248666
557.44,659.3435617925868,-101.90356179258674,-18.280633214801007,45,12.387555555555556,14.652079150946374
1307.6,1287.76126295351,19.838737046489996,1.5171869873424593,101,12.946534653465346,12.750111514391188
3555.78,2859.632667692732,696.1473323072682,19.577907865707893,101,35.20574257425743,28.31319472963101
1034.74,1050.2123334506516,-15.472333450651604,-1.495287072177707,82,12.618780487804878,12.807467481105508
1131.46,1091.424117604525,40.03588239547503,3.538426669566315,88,12.8575,12.402546790960512
1431.53,1403.5816716888544,27.948328311145588,1.9523396862898847,106,13.504999999999999,13.24133652536655
1057.8,1104.854885978463,-47.05488597846306,-4.448372658202218,93,11.374193548387096,11.88016006428455
836.39,1244.6350835106214,-408.2450835106214,-48.81037357101608,66,12.672575757575757,18.858107325918507
1354.3,1321.5901374191799,32.70986258082007,2.4152597342405726,101,13.408910891089109,13.085050865536434
1164.02,1140.4525289067865,23.5674710932135,2.024662041306292,88,13.2275,12.95968782848621
1090.58,1120.585580486641,-30.005580486641065,-2.7513415326377766,90,12.117555555555555,12.45095089429601
997.6,1074.4844327698393,-76.88443276983924,-7.706939932822698,93,10.726881720430107,11.553596051288594
819.18,885.2830339736278,-66.10303397362782,-8.06941502156154,72,11.3775,12.295597694078163
1229.9,1239.0243373641183,-9.124337364118219,-0.7418763610145718,95,12.946315789473685,13.042361445938088
678.58,758.3382976983637,-79.75829769836366,-11.753705929789216,56,12.117500000000001,13.54175531604221
1164.02,1156.2454782241098,7.774521775890207,0.6679027659224246,88,13.2275,13.13915316163761
1094.59,1104.2117113732331,-9.621711373233211,-0.8790242349403167,89,12.29876404494382,12.406873161497002
1021.2,1084.5696201062822,-63.36962010628213,-6.2054073742931966,96,10.637500000000001,11.29760020944044
1414.33,1523.2621871413974,-108.93218714139743,-7.70203468365922,110,12.857545454545454,13.847838064921794
990.36,1116.6926642570238,-126.3326642570238,-12.756236546005875,85,11.651294117647058,13.137560755964985
1058.2,1064.4000050359216,-6.200005035921549,-0.5859010617956482,80,13.227500000000001,13.30500006294902
669.33,727.8894060326868,-58.55940603268675,-8.748958814439327,54,12.395000000000001,13.479433445049755
936.25,977.1509206057759,-40.90092060577592,-4.368589650817188,81,11.558641975308642,12.063591612416987
1216.56,1244.0072411180722,-27.44724111807227,-2.256135424317113,96,12.6725,12.958408761646586
739.77,832.1887828663106,-92.41878286631061,-12.49290764241732,63,11.742380952380952,13.209345759782709
3877.47,2784.343385882753,1093.1266141172468,28.191749107465615,86,45.086860465116274,32.37608588235759
1020.78,1049.2125665877688,-28.43256658776886,-2.785376534392216,83,12.298554216867469,12.641115260093601
984.94,1014.4501188790339,-29.510118879033826,-2.9961336608355658,88,11.1925,11.527842259989022
685.1,773.965523270065,-88.86552327006495,-12.971175488259371,57,12.019298245614035,13.578342513509911
1172.16,1304.5213161774582,-132.3613161774581,-11.29208607847547,96,12.21,13.588763710181857
1055.24,1104.6006791007917,-49.360679100791685,-4.677673240285782,92,11.47,12.00652912066078
841.4,931.3849907057713,-89.98499070577134,-10.694674436150622,65,12.944615384615384,14.328999857011866
830.13,905.7178571860804,-75.58785718608044,-9.105544575678563,67,12.39,13.518176972926573
745.55,856.1820358468791,-110.63203584687915,-14.838982743864149,62,12.024999999999999,13.809387674949663
1313.87,1435.1345828279127,-121.26458282791282,-9.229572395131393,106,12.395,13.539005498376534
767.04,888.3671537976501,-121.32715379765011,-15.817578457140453,61,12.574426229508196,14.563395963895903
1094.12,1112.4685629601777,-18.348562960177787,-1.6770155887999294,87,12.576091954022987,12.786994976553766
889.85,939.9015490645362,-50.051549064536175,-5.62471754391596,74,12.025,12.701372284655895
1273.73,1544.9807576292083,-271.25075762920824,-21.295781494446096,102,12.487549019607844,15.146870172835374
906.29,955.7847080413055,-49.49470804130556,-5.46124397723748,81,11.188765432098766,11.799811210386489
936.25,1066.232241694806,-129.9822416948059,-13.8832834921021,81,11.558641975308642,13.163361008577851
1080.03,1149.520883441491,-69.49088344149095,-6.4341623326658475,84,12.8575,13.684772421922512
700.91,780.0821223383259,-79.17212233832595,-11.295618886636793,57,12.296666666666667,13.685651269093437
1352.55,1359.3756605455633,-6.8256605455633235,-0.5046512547087593,103,13.131553398058252,13.197821947044304
1323.98,1465.638310049372,-141.65831004937195,-10.699429753423159,103,12.854174757281553,14.229498155819146
1123.98,1129.3228107356417,-5.342810735641706,-0.47534749156049977,85,13.22329411764706,13.286150714536962
993.48,1082.0814717954872,-88.60147179548721,-8.918294459424168,79,12.575696202531645,13.697233820196042
2998.65,3024.99349223213,-26.343492232129847,-0.8785117380197706,94,31.90053191489362,32.1807818322567
1194.76,1200.4646807829797,-5.704680782979722,-0.4774750395878437,95,12.576421052631579,12.636470324031366
2260.26,2723.3710514464306,-463.11105144643034,-20.4892822704658,69,32.75739130434783,39.46914567313667
1296.48,1277.9077253748383,18.572274625161754,1.4325153203413667,96,13.505,13.3115388059879
1160.5,1215.9225761832092,-55.42257618320923,-4.77574977882027,102,11.377450980392156,11.92080957042362
1780.22,1539.6022453970627,240.61775460293734,13.516180842982179,99,17.982020202020202,15.551537832293562
1476.3,1797.4499803631754,-321.1499803631755,-21.75370726567605,114,12.95,15.767105090905048
1168.66,1181.8581010514138,-13.198101051413687,-1.129336252752185,89,13.131011235955057,13.279304506195661
1094.12,1057.1595283329216,36.96047166707831,3.3781003607536935,87,12.576091954022987,12.151258946355421
637.0,701.9220812829742,-64.9220812829742,-10.191849494972402,53,12.018867924528301,13.24381285439574
3920.04,2894.4672923438816,1025.5727076561184,26.16230211059373,118,33.2206779661017,24.529383833422724
946.64,1000.5709890736352,-53.93098907363526,-5.697095947100826,86,11.007441860465116,11.634546384577154
1377.4,1419.3790820582312,-41.97908205823114,-3.0477045199819326,104,13.24423076923077,13.647875789021453
1121.25,1146.978185366112,-25.72818536611203,-2.2945984718940493,97,11.559278350515465,11.824517374908371
954.08,974.8188445684192,-20.738844568419154,-2.17370079746134,77,12.390649350649351,12.659984994395055
1029.76,1020.9397871168245,8.820212883175486,0.8565309279031508,87,11.83632183908046,11.73494008180258
819.18,974.2474464674556,-155.06744646745562,-18.929593797145394,72,11.3775,13.531214534270216
1008.81,1030.758925584193,-21.948925584193148,-2.175724426224279,82,12.302560975609756,12.570230799807232
753.5,896.7626202772062,-143.26262027720622,-19.012955577598703,73,10.321917808219178,12.28441945585214
1060.79,1192.0554103161876,-131.26541031618763,-12.374306914298554,94,11.285,12.681440535278591
3901.12,2831.650065373233,1069.469934626767,27.414433153216695,112,34.83142857142857,25.282589869403864
956.96,986.6128395364647,-29.652839536464626,-3.0986498428841984,79,12.113417721518989,12.488770120714742
1448.32,1611.698365013154,-163.37836501315405,-11.280543320064217,89,16.27325842696629,18.108970393406224
695.64,740.2466939714086,-44.60669397140862,-6.412324474068284,57,12.204210526315789,12.986784104761554
1297.5,1425.7598293498438,-128.2598293498438,-9.88515062426542,106,12.24056603773585,13.450564427828715
1206.01,1640.4895928407343,-434.4795928407343,-36.026201510827796,106,11.377452830188679,15.476316913591834
1593.74,1244.9403899155943,348.7996100844057,21.885603052217153,72,22.135277777777777,17.2908387488277
775.53,861.2639616686156,-85.73396166861562,-11.054886550954267,62,12.508548387096774,13.891354220461542
1082.88,1114.8440565027613,-31.964056502761196,-2.9517634920546314,75,14.438400000000001,14.864587420036818
3271.12,3049.039122723604,222.08087727639577,6.789138804947411,88,37.17181818181818,34.64817184913186
762.75,861.7126846610802,-98.96268466108017,-12.974458821511659,62,12.30241935483871,13.898591688081938
2266.46,1682.4029976609572,584.0570023390428,25.769570269894142,72,31.47861111111111,23.36670830084663
1177.19,1206.5818505691705,-29.3918505691704,-2.4967805170932817,95,12.391473684210528,12.700861584938636
993.63,1020.768375581803,-27.13837558180296,-2.731235528496821,82,12.117439024390244,12.448394824168329
1074.47,1336.2004569100206,-261.7304569100206,-24.359028815138682,81,13.265061728395063,16.496301937160748
1284.39,1248.691109576595,35.698890423405146,2.7794431927533805,88,14.59534090909091,14.189671699734033
930.92,948.386254383995,-17.46625438399508,-1.8762358080173462,74,12.58,12.816030464648582
592.0,672.2190165930305,-80.21901659303046,-13.550509559633522,50,11.84,13.444380331860609
1229.9,1229.4988267111087,0.4011732888914139,0.03261836644372826,95,12.946315789473685,12.942092912748512
1029.76,1056.768049044743,-27.008049044743075,-2.622751810591116,87,11.83632183908046,12.146759184422335
1108.24,1272.7601228106755,-164.5201228106755,-14.845170974759576,107,10.357383177570094,11.89495441879136
1138.7,1192.4830527955735,-53.78305279557344,-4.723197751433515,89,12.794382022471911,13.398685986467118
961.2,969.4955802811276,-8.295580281127513,-0.8630441407748142,77,12.483116883116883,12.590851691962696
1212.33,1307.6452834680167,-95.31528346801679,-7.86215662963193,95,12.76136842105263,13.764687194400176
860.81,1195.3167390230024,-334.5067390230024,-38.85953218747487,66,13.042575757575756,18.1108596821667
920.93,952.7977562537745,-31.867756253774587,-3.4603885478564704,76,12.1175,12.536812582286506
757.57,871.3047972246623,-113.7347972246622,-15.013107333271142,70,10.822428571428572,12.447211388923746
2444.44,2676.3628601969767,-231.92286019697667,-9.48777062218654,68,35.94764705882353,39.35827735583789
1466.4,1488.9264722320731,-22.526472232073047,-1.5361751385756306,107,13.704672897196263,13.915200675066105
1069.49,1087.4153184432919,-17.92531844329187,-1.67606227671992,82,13.042560975609756,13.261162420040145
1215.9,1204.5016298083433,11.398370191656795,0.9374430620656957,91,13.361538461538462,13.23628164624553
2163.64,2426.9143780654263,-263.2743780654264,-12.1681230734053,58,37.30413793103448,41.843351345955625
1018.64,1087.5491810392357,-68.9091810392357,-6.764821825103638,81,12.575802469135802,13.426533099249824
3805.08,3053.8592000606186,751.2207999393813,19.74257571297795,91,41.81406593406593,33.558892308358445
938.69,1030.23047341588,-91.54047341587989,-9.751938703499546,86,10.915000000000001,11.979424109486976
1043.94,1045.3130187813017,-1.3730187813016528,-0.13152276771669374,82,12.730975609756099,12.747719741235386
1332.0,1333.7088211101432,-1.7088211101431625,-0.12828987313387105,100,13.32,13.337088211101431
1453.14,1479.8178163891848,-26.677816389184727,-1.83587378980585,105,13.839428571428572,14.093503013230332
570.88,643.257417800429,-72.37741780042904,-12.678219205512375,47,12.146382978723404,13.686328038307002
1512.48,1633.0698485773592,-120.58984857735913,-7.97298797850941,102,14.828235294117647,16.010488711542738
903.54,917.7329196047225,-14.192919604722533,-1.570812537875748,74,12.209999999999999,12.401796210874629
2592.2200000000003,3012.0287559722683,-419.80875597226805,-16.19495089044402,79,32.81291139240507,38.12694627812998
1019.07,1005.7089410466965,13.36105895330354,1.3111031581052863,72,14.15375,13.968179736759673
1881.0,1825.7490995727956,55.25090042720444,2.9373152805531335,109,17.256880733944953,16.74999173919996
1018.16,1041.1005199010842,-22.940519901084258,-2.253135057464864,77,13.222857142857142,13.520785972741354
887.88,1243.7003802747101,-355.82038027471015,-40.0752782216865,59,15.048813559322033,21.079667462283222
1409.76,1401.7705087934949,7.989491206505136,0.5667270461997174,97,14.53360824742268,14.451242358695824
1281.8,1329.5697082405563,-47.76970824055638,-3.7267676892304875,87,14.733333333333333,15.282410439546625
1303.24,1371.1209720703678,-67.88097207036776,-5.208631723271828,104,12.531153846153845,13.183855500676612
887.04,933.0836301677409,-46.04363016774096,-5.190705060396483,62,14.307096774193548,15.049735970447434
1436.4,1634.645484155706,-198.24548415570598,-13.801551389286129,86,16.70232558139535,19.007505629717514
1569.38,1584.7645537240955,-15.38455372409544,-0.9802950033832112,92,17.058478260869567,17.22570167091408
1248.0,1289.386437211936,-41.38643721193603,-3.316220930443592,80,15.6,16.1173304651492
1192.32,1266.6197305520195,-74.29973055201958,-6.231525978933473,79,15.0926582278481,16.033161146228096
1023.62,1060.5899286483177,-36.969928648317705,-3.611684868243851,63,16.247936507936508,16.83476077219552
1472.57,1505.1958541431807,-32.62585414318073,-2.215572376401851,96,15.339270833333332,15.679123480658133
939.82,974.4434944423858,-34.62349444238578,-3.684055930112764,53,17.73245283018868,18.385726310233697
1106.08,1143.2816720113533,-37.20167201135337,-3.363379865050753,76,14.553684210526315,15.043179894886228
1652.49,1717.522905159014,-65.03290515901404,-3.9354492407829422,101,16.36128712871287,17.00517727880212
1162.32,1226.1211280172774,-63.801128017277506,-5.489119004859033,77,15.095064935064935,15.923651013211396
1490.58,1539.9279550519893,-49.3479550519894,-3.3106545809006835,100,14.9058,15.399279550519893
2807.7200000000003,3175.1236892384354,-367.40368923843516,-13.085481787301978,89,31.547415730337082,35.67554707009478
1065.16,1083.992422494195,-18.832422494194816,-1.7680369610382305,71,15.002253521126761,15.267498908368943
660.33,696.2388670198495,-35.90886701984948,-5.4380184180409,44,15.0075,15.823610614087489
1592.96,1805.280587335983,-212.32058733598296,-13.328682913317532,92,17.31478260869565,19.622615079738946
1483.52,1505.9077098327978,-22.387709832797782,-1.5090939005067532,82,18.09170731707317,18.364728168692654
1296.46,1325.8529978619156,-29.392997861915546,-2.2671735234342396,83,15.620000000000001,15.974132504360428
1515.05,1505.352342525868,9.69765747413203,0.6400882792074208,94,16.11755319148936,16.014386622615618
1177.4,1198.464644464978,-21.064644464977846,-1.7890814052129986,78,15.094871794871796,15.36493133929459
1482.95,1616.4979746533772,-133.5479746533772,-9.005561526240074,81,18.308024691358025,19.956765119177497
1040.65,1360.2040633056617,-319.55406330566166,-30.7071602657629,60,17.34416666666667,22.67006772176103
1175.85,1174.5199613083464,1.330038691653499,0.11311295587477137,90,13.065,13.05022179231496
1578.75,1696.1647305194356,-117.41473051943558,-7.437195915720385,103,15.327669902912621,16.467618742907142
1258.62,1308.401669359358,-49.78166935935815,-3.9552580889671347,83,15.164096385542168,15.763875534450097
1480.7,1488.162520535749,-7.462520535749036,-0.5039859887721372,99,14.956565656565656,15.031944651876254
1372.28,1380.0731611128622,-7.793161112862208,-0.5678987606656227,98,14.002857142857142,14.082379195029207
1218.3,1242.151911583878,-23.851911583878064,-1.957802805867033,91,13.387912087912087,13.650021006416242
822.19,854.4742301528079,-32.28423015280782,-3.926614304821005,61,13.478524590163936,14.00777426480013
1386.2,1374.6424007704434,11.557599229556672,0.8337613064173043,87,15.933333333333334,15.80048736517751
951.7,1038.6508737281754,-86.95087372817534,-9.136374249046478,83,11.466265060240964,12.513865948532233
1357.23,1354.8670841793512,2.3629158206488228,0.17409840783425232,91,14.914615384615384,14.888649276696167
1313.42,1317.7618713244367,-4.3418713244366245,-0.33057752466359763,92,14.276304347826088,14.323498601352572
1214.5,1233.0251623903716,-18.525162390371634,-1.5253324323072568,93,13.059139784946236,13.258335079466361
1494.35,1464.0134542981714,30.336545701828527,2.0300830261872074,110,13.584999999999999,13.309213220892467
793.17,879.3713608577582,-86.20136085775823,-10.867955275383364,66,12.017727272727273,13.323808497844821
1079.19,1108.8904957614768,-29.70049576147676,-2.752109986330188,71,15.199859154929579,15.618175996640518
1277.15,1432.5458885172716,-155.3958885172715,-12.16739525641244,99,12.900505050505052,14.47016049007345
3694.76,3107.7373917491113,587.0226082508889,15.887976708930724,82,45.05804878048781,37.89923648474526
1076.9,1169.343326557627,-92.44332655762696,-8.584207127646666,75,14.358666666666668,15.591244354101693
1595.42,1617.424772448044,-22.004772448043923,-1.3792463707389855,92,17.341521739130435,17.580704048348306
1022.7,1053.0805279778356,-30.380527977835527,-2.9706197299144934,68,15.039705882352942,15.48647835261523
836.93,943.3283681325734,-106.39836813257341,-12.712935147810859,69,12.129420289855071,13.671425625109759
1147.12,1171.4763993247466,-24.35639932474669,-2.1232651618615916,76,15.093684210526314,15.414163149009823
1203.75,1373.7414866262354,-169.99148662623543,-14.121826511006057,92,13.084239130434783,14.93197268071995
797.89,926.8452636876041,-128.9552636876041,-16.162035329131093,72,11.081805555555555,12.872850884550056
1187.26,1253.5425826992112,-66.28258269921116,-5.582819491872982,85,13.967764705882352,14.747559796461308
1063.75,1077.1892944059719,-13.43929440597185,-1.263388428293476,92,11.5625,11.708579287021433
1158.43,1185.1981185817326,-26.76811858173255,-2.3107238747039136,84,13.790833333333333,14.109501411687294
785.35,888.882487082758,-103.53248708275794,-13.182974098523962,58,13.54051724137931,15.325560122116517
995.67,969.3487775857716,26.321222414228373,2.643568894737049,78,12.764999999999999,12.427548430586816
1322.59,1311.1026936161686,11.48730638383131,0.8685462905232394,78,16.95628205128205,16.80900889251498
1133.27,1355.2089879201455,-221.93898792014556,-19.58394627230453,95,11.929157894736841,14.265357767580479
1668.96,1705.8148471801032,-36.85484718010321,-2.2082522756748637,100,16.6896,17.058148471801033
1025.64,1046.9794419990967,-21.339441999096607,-2.0805976755095945,84,12.21,12.464040976179723
1458.0,1427.7578164306478,30.242183569352164,2.0742238387758687,93,15.67741935483871,15.352234585275783
613.08,658.7506822170187,-45.67068221701868,-7.449383802606295,42,14.597142857142858,15.68454005278616
1411.2,1536.0228680861928,-124.82286808619278,-8.84515788592636,81,17.422222222222224,18.963245285014725
966.88,1032.1131292522218,-65.23312925222183,-6.746765808809969,69,14.012753623188406,14.95816129351046
1457.17,1430.1975353718963,26.972464628103808,1.8510170143568567,91,16.012857142857143,15.7164564326582
1095.25,1102.264694216342,-7.014694216341923,-0.6404651190451425,77,14.224025974025974,14.315125898913532
1418.5,1527.5924666032956,-109.09246660329563,-7.690692041120595,98,14.474489795918368,15.587678230645874
1115.2,1193.4184477453878,-78.21844774538772,-7.01384933154481,89,12.530337078651685,13.409196042083009
1201.9,2327.3500832978716,-1125.4500832978715,-93.63924480388313,65,18.49076923076923,35.805385896890336
1826.47,1778.5487405274102,47.92125947258978,2.62370909309158,109,16.756605504587156,16.316960922269818
1518.93,1716.2674635573962,-197.33746355739618,-12.991873460751723,108,14.064166666666667,15.891365403309225
1468.35,1505.9246149254016,-37.57461492540165,-2.558968565083369,94,15.620744680851063,16.020474626865973
2271.44,3306.690221424652,-1035.250221424652,-45.5768244560566,90,25.238222222222223,36.74100246027391
1144.02,1119.5693201940678,24.450679805932168,2.137259821151044,83,13.783373493975903,13.488786990289974
1532.7,1691.044431056764,-158.34443105676405,-10.331077905445557,96,15.965625000000001,17.61504615684129
614.46,712.7002868982335,-98.24028689823342,-15.988068694175931,48,12.801250000000001,14.847922643713197
1510.56,1515.7526193601504,-5.192619360150502,-0.34375459168457406,91,16.599560439560438,16.656622190770886
1287.0,1236.23044384829,50.76955615171005,3.9447984577863284,90,14.3,13.735893820536555
3559.95,2736.158225828299,823.791774171701,23.14054338324137,66,53.93863636363636,41.456942815580284
1363.07,1445.2480139155448,-82.17801391554485,-6.0288916868205495,99,13.768383838383837,14.598464787025705
1732.19,1761.8728706604707,-29.6828706604706,-1.7136036266501133,121,14.315619834710745,14.560932815375791
1138.42,1197.7107107092568,-59.2907107092567,-5.208157859951221,82,13.883170731707319,14.60622817938118
2491.48,2319.46006634794,172.01993365206,6.904327293498643,53,47.00905660377359,43.763397478263016
1134.6,1199.9905843391093,-65.39058433910941,-5.763316088410842,74,15.332432432432432,16.216088977555533
2115.13,1755.8652066897216,359.2647933102785,16.985471025907557,93,22.743333333333336,18.880271039674426
1261.95,1229.028728853616,32.921271146384015,2.6087619276820804,77,16.38896103896104,15.961412063033974
1702.92,1708.3824424908498,-5.462442490849753,-0.32076917828493134,94,18.116170212765958,18.174281303094148
1687.68,1734.7157816641889,-47.03578166418879,-2.787008299214827,104,16.22769230769231,16.67995943907874
1292.7,1351.3702672110849,-58.67026721108482,-4.538583369001688,93,13.9,14.530863088291236
730.17,801.6698922130109,-71.49989221301098,-9.792225401346396,51,14.317058823529411,15.719017494372764
1578.52,1716.5751652178278,-138.05516521782783,-8.745861010175851,97,16.27340206185567,17.69665118781266
1429.29,1396.6842476209226,32.60575237907733,2.2812551951722417,77,18.562207792207793,18.138756462609386
1755.08,1904.9737447726047,-149.8937447726048,-8.540564804601773,84,20.893809523809523,22.67825886634053
1676.88,1755.4529520656954,-78.57295206569529,-4.685663378756696,91,18.427252747252748,19.290691780941707
1644.16,1727.085826107064,-82.92582610706381,-5.043659139442865,97,16.950103092783507,17.805008516567668
2611.07,3313.9404386897268,-702.8704386897266,-26.91886616175463,109,23.954770642201836,30.40312329073144
914.38,1046.2659879440498,-131.88598794404982,-14.42354250355977,71,12.878591549295775,14.736140675268308
2010.2,1991.9020897768628,18.29791022313725,0.9102532197362078,97,20.723711340206187,20.53507309048312
1488.3,1570.209150994741,-81.90915099474114,-5.5035376600645805,97,15.343298969072164,16.187723206131352
1409.05,1486.5742470013195,-77.52424700131951,-5.501880486946489,103,13.680097087378641,14.43275967962446
1585.32,1661.3675291624527,-76.04752916245275,-4.796982890675242,80,19.816499999999998,20.767094114530657
1851.36,1877.3001854048857,-25.940185404885824,-1.4011421552202612,108,17.14222222222222,17.382409124119313
1662.28,1719.82964928491,-57.54964928490995,-3.462091181083208,93,17.873978494623657,18.49279192779473
670.67,728.8608471434117,-58.1908471434117,-8.676524541639212,53,12.654150943396226,13.75209145553607
1379.53,1398.4331503927276,-18.90315039272764,-1.3702601895375701,105,13.138380952380952,13.318410956121216
2321.5,1707.3321158009112,614.1678841990888,26.455648684001243,91,25.51098901098901,18.761891382427596
1212.33,1195.953705297901,16.376294702098903,1.3508116356189241,95,12.76136842105263,12.588986371556853
2159.11,2045.136926646227,113.97307335377309,5.278706196246281,97,22.258865979381444,21.08388584171368
2263.26,2189.776424627673,73.48357537232732,3.246802195608428,109,20.763853211009177,20.08969196906122
1107.84,1146.8727354853118,-39.03273548531183,-3.5233188443558485,92,12.041739130434781,12.466007994405562
631.19,685.9285669822615,-54.73856698226143,-8.672280451569485,36,17.533055555555556,19.053571305062817
1795.2,1788.572182063352,6.6278179366479435,0.36919663194340147,100,17.952,17.88572182063352
2407.34,1632.5531685682151,774.786831431785,32.184354159852155,84,28.658809523809527,19.435156768669227
1433.12,1590.2445525652508,-157.12455256525095,-10.963809908817892,116,12.354482758620689,13.709004763493542
1498.86,1555.563492294776,-56.7034922947762,-3.783107981717852,98,15.294489795918366,15.873096860150776
2242.72,2191.864383264861,50.85561673513894,2.267586534883487,110,20.388363636363636,19.92603984786237
1593.2,1731.3530526688437,-138.15305266884366,-8.67141932392943,90,17.702222222222222,19.23725614076493
993.3,1579.586863986789,-586.2868639867891,-59.024148191562375,71,13.990140845070423,22.247702309673084
1935.28,1963.9392616506075,-28.659261650607505,-1.4808845051159267,123,15.733983739837399,15.96698586707811
1089.84,1122.6966211146723,-32.85662111467241,-3.014811450733356,78,13.972307692307691,14.39354642454708
1804.29,1839.7515173338188,-35.46151733381885,-1.9654000927688369,85,21.22694117647059,21.64413549804493
1171.58,1271.998376853827,-100.41837685382711,-8.571192479713474,78,15.02025641025641,16.307671498125988
978.75,1015.6171440944058,-36.86714409440583,-3.7667580173083866,73,13.407534246575343,13.912563617731587
3206.37,3351.8525266344905,-145.48252663449057,-4.537296900684905,85,37.722,39.43355913687636
495.36,631.0154944782554,-135.65549447825538,-27.385233865926878,31,15.979354838709678,20.355338531556626
2145.9,2194.5566269524907,-48.65662695249057,-2.267422850668278,125,17.1672,17.556453015619926
1467.33,1630.5065082105507,-163.17650821055076,-11.120641451517436,88,16.674204545454543,18.528483047847168
809.38,934.9338161126275,-125.55381611262749,-15.512344771631062,70,11.56257142857143,13.356197373037535
1242.91,1285.253310784638,-42.34331078463788,-3.4067881652442953,79,15.733037974683546,16.269029250438454
1190.11,1268.7812582142392,-78.67125821423929,-6.610419054897387,70,17.001571428571427,18.125446545917704
1900.67,1914.5181573746734,-13.848157374673292,-0.7285934630774038,85,22.360823529411764,22.523743027937332
3030.55,3161.2511048576116,-130.70110485761143,-4.312784968326258,68,44.566911764705885,46.48898683614135
1589.45,1549.4041182203875,40.0458817796125,2.5194804353463462,90,17.660555555555558,17.215601313559862
1552.26,1571.2288792141685,-18.96887921416851,-1.2220168795284623,89,17.44112359550562,17.65425706982212
1430.37,2201.704872556808,-771.334872556808,-53.925548813020974,81,17.65888888888889,27.181541636503802
1408.96,1479.6202870667746,-70.66028706677457,-5.015066933537827,94,14.988936170212765,15.740641351774197
1738.88,1832.7878987789359,-93.90789877893576,-5.400481849175087,93,18.697634408602152,19.707396761063826
1718.55,1723.9876371875102,-5.4376371875102905,-0.316408436618678,83,20.705421686746988,20.770935387801327
969.44,966.4562129685842,2.9837870314158863,0.3077846005339047,55,17.62618181818182,17.571931144883347
