filename,variety,actual_class,predicted_class,probability,gradcam_path
OS (1)_aug18.jpg,Assamica,matured,Tender,0.06507711857557297,C:/Users/HP/Desktop/Tea/iTeaGrow---Research-Project/MobileNetV3-Tea-Maturity/gradcam_outputs_final\Assamica_matured\OS (1)_aug18.jpg
OS (1)_aug30.jpg,Assamica,matured,Tender,0.06808605045080185,C:/Users/HP/Desktop/Tea/iTeaGrow---Research-Project/MobileNetV3-Tea-Maturity/gradcam_outputs_final\Assamica_matured\OS (1)_aug30.jpg
OS (1)_aug4.jpg,Assamica,matured,Tender,0.02840876206755638,C:/Users/HP/Desktop/Tea/iTeaGrow---Research-Project/MobileNetV3-Tea-Maturity/gradcam_outputs_final\Assamica_matured\OS (1)_aug4.jpg
OS (1)_aug40.jpg,Assamica,matured,Tender,0.03820021077990532,C:/Users/HP/Desktop/Tea/iTeaGrow---Research-Project/MobileNetV3-Tea-Maturity/gradcam_outputs_final\Assamica_matured\OS (1)_aug40.jpg
OS (1)_aug46.jpg,Assamica,matured,Tender,0.01197790913283825,C:/Users/HP/Desktop/Tea/iTeaGrow---Research-Project/MobileNetV3-Tea-Maturity/gradcam_outputs_final\Assamica_matured\OS (1)_aug46.jpg
OS (1)_aug50.jpg,Assamica,matured,Tender,0.029296787455677986,C:/Users/HP/Desktop/Tea/iTeaGrow---Research-Project/MobileNetV3-Tea-Maturity/gradcam_outputs_final\Assamica_matured\OS (1)_aug50.jpg
OS (1)_aug62.jpg,Assamica,matured,Tender,0.025484878569841385,C:/Users/HP/Desktop/Tea/iTeaGrow---Research-Project/MobileNetV3-Tea-Maturity/gradcam_outputs_final\Assamica_matured\OS (1)_aug62.jpg
OS (1)_aug69.jpg,Assamica,matured,Tender,0.021599985659122467,C:/Users/HP/Desktop/Tea/iTeaGrow---Research-Project/MobileNetV3-Tea-Maturity/gradcam_outputs_final\Assamica_matured\OS (1)_aug69.jpg
OS (1)_aug95.jpg,Assamica,matured,Tender,0.12183265388011932,C:/Users/HP/Desktop/Tea/iTeaGrow---Research-Project/MobileNetV3-Tea-Maturity/gradcam_outputs_final\Assamica_matured\OS (1)_aug95.jpg
OS (1)_aug97.jpg,Assamica,matured,Tender,0.037223026156425476,C:/Users/HP/Desktop/Tea/iTeaGrow---Research-Project/MobileNetV3-Tea-Maturity/gradcam_outputs_final\Assamica_matured\OS (1)_aug97.jpg
OS (1)_aug99.jpg,Assamica,matured,Tender,0.009100658819079399,C:/Users/HP/Desktop/Tea/iTeaGrow---Research-Project/MobileNetV3-Tea-Maturity/gradcam_outputs_final\Assamica_matured\OS (1)_aug99.jpg
OS (10)_aug11.jpg,Assamica,matured,Tender,0.019016137346625328,C:/Users/HP/Desktop/Tea/iTeaGrow---Research-Project/MobileNetV3-Tea-Maturity/gradcam_outputs_final\Assamica_matured\OS (10)_aug11.jpg
OS (10)_aug25.jpg,Assamica,matured,Tender,0.008437735959887505,C:/Users/HP/Desktop/Tea/iTeaGrow---Research-Project/MobileNetV3-Tea-Maturity/gradcam_outputs_final\Assamica_matured\OS (10)_aug25.jpg
OS (10)_aug29.jpg,Assamica,matured,Tender,0.011251640506088734,C:/Users/HP/Desktop/Tea/iTeaGrow---Research-Project/MobileNetV3-Tea-Maturity/gradcam_outputs_final\Assamica_matured\OS (10)_aug29.jpg
OS (10)_aug3.jpg,Assamica,matured,Tender,0.004525449126958847,C:/Users/HP/Desktop/Tea/iTeaGrow---Research-Project/MobileNetV3-Tea-Maturity/gradcam_outputs_final\Assamica_matured\OS (10)_aug3.jpg
OS (10)_aug40.jpg,Assamica,matured,Tender,0.011711600236594677,C:/Users/HP/Desktop/Tea/iTeaGrow---Research-Project/MobileNetV3-Tea-Maturity/gradcam_outputs_final\Assamica_matured\OS (10)_aug40.jpg
OS (10)_aug42.jpg,Assamica,matured,Tender,0.012393228709697723,C:/Users/HP/Desktop/Tea/iTeaGrow---Research-Project/MobileNetV3-Tea-Maturity/gradcam_outputs_final\Assamica_matured\OS (10)_aug42.jpg
OS (10)_aug48.jpg,Assamica,matured,Tender,0.02509176731109619,C:/Users/HP/Desktop/Tea/iTeaGrow---Research-Project/MobileNetV3-Tea-Maturity/gradcam_outputs_final\Assamica_matured\OS (10)_aug48.jpg
OS (10)_aug54.jpg,Assamica,matured,Tender,0.02571629360318184,C:/Users/HP/Desktop/Tea/iTeaGrow---Research-Project/MobileNetV3-Tea-Maturity/gradcam_outputs_final\Assamica_matured\OS (10)_aug54.jpg
OS (10)_aug7.jpg,Assamica,matured,Tender,0.034216392785310745,C:/Users/HP/Desktop/Tea/iTeaGrow---Research-Project/MobileNetV3-Tea-Maturity/gradcam_outputs_final\Assamica_matured\OS (10)_aug7.jpg
OS (10)_aug77.jpg,Assamica,matured,Tender,0.08966018259525299,C:/Users/HP/Desktop/Tea/iTeaGrow---Research-Project/MobileNetV3-Tea-Maturity/gradcam_outputs_final\Assamica_matured\OS (10)_aug77.jpg
OS (11)_aug4.jpg,Assamica,matured,Tender,0.026645418256521225,C:/Users/HP/Desktop/Tea/iTeaGrow---Research-Project/MobileNetV3-Tea-Maturity/gradcam_outputs_final\Assamica_matured\OS (11)_aug4.jpg
OS (11)_aug58.jpg,Assamica,matured,Tender,0.018720051273703575,C:/Users/HP/Desktop/Tea/iTeaGrow---Research-Project/MobileNetV3-Tea-Maturity/gradcam_outputs_final\Assamica_matured\OS (11)_aug58.jpg
OS (11)_aug62.jpg,Assamica,matured,Tender,0.017095811665058136,C:/Users/HP/Desktop/Tea/iTeaGrow---Research-Project/MobileNetV3-Tea-Maturity/gradcam_outputs_final\Assamica_matured\OS (11)_aug62.jpg
OS (11)_aug66.jpg,Assamica,matured,Tender,0.15140889585018158,C:/Users/HP/Desktop/Tea/iTeaGrow---Research-Project/MobileNetV3-Tea-Maturity/gradcam_outputs_final\Assamica_matured\OS (11)_aug66.jpg
OS (11)_aug70.jpg,Assamica,matured,Tender,0.16394047439098358,C:/Users/HP/Desktop/Tea/iTeaGrow---Research-Project/MobileNetV3-Tea-Maturity/gradcam_outputs_final\Assamica_matured\OS (11)_aug70.jpg
OS (11)_aug95.jpg,Assamica,matured,Tender,0.4026533365249634,C:/Users/HP/Desktop/Tea/iTeaGrow---Research-Project/MobileNetV3-Tea-Maturity/gradcam_outputs_final\Assamica_matured\OS (11)_aug95.jpg
OS (12)_aug12.jpg,Assamica,matured,Tender,0.1702050119638443,C:/Users/HP/Desktop/Tea/iTeaGrow---Research-Project/MobileNetV3-Tea-Maturity/gradcam_outputs_final\Assamica_matured\OS (12)_aug12.jpg
OS (12)_aug13.jpg,Assamica,matured,Tender,0.10366629809141159,C:/Users/HP/Desktop/Tea/iTeaGrow---Research-Project/MobileNetV3-Tea-Maturity/gradcam_outputs_final\Assamica_matured\OS (12)_aug13.jpg
OS (12)_aug18.jpg,Assamica,matured,Tender,0.08207717537879944,C:/Users/HP/Desktop/Tea/iTeaGrow---Research-Project/MobileNetV3-Tea-Maturity/gradcam_outputs_final\Assamica_matured\OS (12)_aug18.jpg
OS (12)_aug26.jpg,Assamica,matured,Tender,0.10801149904727936,C:/Users/HP/Desktop/Tea/iTeaGrow---Research-Project/MobileNetV3-Tea-Maturity/gradcam_outputs_final\Assamica_matured\OS (12)_aug26.jpg
OS (12)_aug28.jpg,Assamica,matured,Tender,0.02919379435479641,C:/Users/HP/Desktop/Tea/iTeaGrow---Research-Project/MobileNetV3-Tea-Maturity/gradcam_outputs_final\Assamica_matured\OS (12)_aug28.jpg
OS (12)_aug31.jpg,Assamica,matured,Tender,0.0417143888771534,C:/Users/HP/Desktop/Tea/iTeaGrow---Research-Project/MobileNetV3-Tea-Maturity/gradcam_outputs_final\Assamica_matured\OS (12)_aug31.jpg
OS (12)_aug33.jpg,Assamica,matured,Tender,0.09932685643434525,C:/Users/HP/Desktop/Tea/iTeaGrow---Research-Project/MobileNetV3-Tea-Maturity/gradcam_outputs_final\Assamica_matured\OS (12)_aug33.jpg
OS (12)_aug46.jpg,Assamica,matured,Tender,0.21438772976398468,C:/Users/HP/Desktop/Tea/iTeaGrow---Research-Project/MobileNetV3-Tea-Maturity/gradcam_outputs_final\Assamica_matured\OS (12)_aug46.jpg
OS (12)_aug55.jpg,Assamica,matured,Tender,0.029968446120619774,C:/Users/HP/Desktop/Tea/iTeaGrow---Research-Project/MobileNetV3-Tea-Maturity/gradcam_outputs_final\Assamica_matured\OS (12)_aug55.jpg
OS (12)_aug6.jpg,Assamica,matured,Tender,0.13232086598873138,C:/Users/HP/Desktop/Tea/iTeaGrow---Research-Project/MobileNetV3-Tea-Maturity/gradcam_outputs_final\Assamica_matured\OS (12)_aug6.jpg
OS (12)_aug64.jpg,Assamica,matured,Tender,0.19683535397052765,C:/Users/HP/Desktop/Tea/iTeaGrow---Research-Project/MobileNetV3-Tea-Maturity/gradcam_outputs_final\Assamica_matured\OS (12)_aug64.jpg
OS (12)_aug74.jpg,Assamica,matured,Tender,0.1765407770872116,C:/Users/HP/Desktop/Tea/iTeaGrow---Research-Project/MobileNetV3-Tea-Maturity/gradcam_outputs_final\Assamica_matured\OS (12)_aug74.jpg
OS (12)_aug76.jpg,Assamica,matured,Tender,0.27996641397476196,C:/Users/HP/Desktop/Tea/iTeaGrow---Research-Project/MobileNetV3-Tea-Maturity/gradcam_outputs_final\Assamica_matured\OS (12)_aug76.jpg
OS (12)_aug91.jpg,Assamica,matured,Tender,0.14558932185173035,C:/Users/HP/Desktop/Tea/iTeaGrow---Research-Project/MobileNetV3-Tea-Maturity/gradcam_outputs_final\Assamica_matured\OS (12)_aug91.jpg
OS (2)_aug2.jpg,Assamica,matured,Tender,0.004772610031068325,C:/Users/HP/Desktop/Tea/iTeaGrow---Research-Project/MobileNetV3-Tea-Maturity/gradcam_outputs_final\Assamica_matured\OS (2)_aug2.jpg
OS (2)_aug49.jpg,Assamica,matured,Tender,0.005338141694664955,C:/Users/HP/Desktop/Tea/iTeaGrow---Research-Project/MobileNetV3-Tea-Maturity/gradcam_outputs_final\Assamica_matured\OS (2)_aug49.jpg
OS (2)_aug61.jpg,Assamica,matured,Tender,0.0044853962026536465,C:/Users/HP/Desktop/Tea/iTeaGrow---Research-Project/MobileNetV3-Tea-Maturity/gradcam_outputs_final\Assamica_matured\OS (2)_aug61.jpg
OS (2)_aug62.jpg,Assamica,matured,Tender,0.025227466598153114,C:/Users/HP/Desktop/Tea/iTeaGrow---Research-Project/MobileNetV3-Tea-Maturity/gradcam_outputs_final\Assamica_matured\OS (2)_aug62.jpg
OS (2)_aug77.jpg,Assamica,matured,Tender,0.03703978657722473,C:/Users/HP/Desktop/Tea/iTeaGrow---Research-Project/MobileNetV3-Tea-Maturity/gradcam_outputs_final\Assamica_matured\OS (2)_aug77.jpg
OS (2)_aug78.jpg,Assamica,matured,Tender,0.010481694713234901,C:/Users/HP/Desktop/Tea/iTeaGrow---Research-Project/MobileNetV3-Tea-Maturity/gradcam_outputs_final\Assamica_matured\OS (2)_aug78.jpg
OS (2)_aug85.jpg,Assamica,matured,Tender,0.057633139193058014,C:/Users/HP/Desktop/Tea/iTeaGrow---Research-Project/MobileNetV3-Tea-Maturity/gradcam_outputs_final\Assamica_matured\OS (2)_aug85.jpg
OS (2)_aug98.jpg,Assamica,matured,Tender,0.02708072029054165,C:/Users/HP/Desktop/Tea/iTeaGrow---Research-Project/MobileNetV3-Tea-Maturity/gradcam_outputs_final\Assamica_matured\OS (2)_aug98.jpg
OS (3)_aug16.jpg,Assamica,matured,Tender,0.03313973918557167,C:/Users/HP/Desktop/Tea/iTeaGrow---Research-Project/MobileNetV3-Tea-Maturity/gradcam_outputs_final\Assamica_matured\OS (3)_aug16.jpg
OS (3)_aug52.jpg,Assamica,matured,Tender,0.03430073335766792,C:/Users/HP/Desktop/Tea/iTeaGrow---Research-Project/MobileNetV3-Tea-Maturity/gradcam_outputs_final\Assamica_matured\OS (3)_aug52.jpg
OS (3)_aug58.jpg,Assamica,matured,Tender,0.02867448888719082,C:/Users/HP/Desktop/Tea/iTeaGrow---Research-Project/MobileNetV3-Tea-Maturity/gradcam_outputs_final\Assamica_matured\OS (3)_aug58.jpg
OS (3)_aug7.jpg,Assamica,matured,Tender,0.10487780719995499,C:/Users/HP/Desktop/Tea/iTeaGrow---Research-Project/MobileNetV3-Tea-Maturity/gradcam_outputs_final\Assamica_matured\OS (3)_aug7.jpg
OS (3)_aug75.jpg,Assamica,matured,Tender,0.020466532558202744,C:/Users/HP/Desktop/Tea/iTeaGrow---Research-Project/MobileNetV3-Tea-Maturity/gradcam_outputs_final\Assamica_matured\OS (3)_aug75.jpg
OS (3)_aug88.jpg,Assamica,matured,Tender,0.030871404334902763,C:/Users/HP/Desktop/Tea/iTeaGrow---Research-Project/MobileNetV3-Tea-Maturity/gradcam_outputs_final\Assamica_matured\OS (3)_aug88.jpg
OS (3)_aug91.jpg,Assamica,matured,Tender,0.06655161827802658,C:/Users/HP/Desktop/Tea/iTeaGrow---Research-Project/MobileNetV3-Tea-Maturity/gradcam_outputs_final\Assamica_matured\OS (3)_aug91.jpg
OS (3)_aug98.jpg,Assamica,matured,Tender,0.01920020952820778,C:/Users/HP/Desktop/Tea/iTeaGrow---Research-Project/MobileNetV3-Tea-Maturity/gradcam_outputs_final\Assamica_matured\OS (3)_aug98.jpg
OS (4)_aug17.jpg,Assamica,matured,Tender,0.01030744332820177,C:/Users/HP/Desktop/Tea/iTeaGrow---Research-Project/MobileNetV3-Tea-Maturity/gradcam_outputs_final\Assamica_matured\OS (4)_aug17.jpg
OS (4)_aug24.jpg,Assamica,matured,Tender,0.0027327737770974636,C:/Users/HP/Desktop/Tea/iTeaGrow---Research-Project/MobileNetV3-Tea-Maturity/gradcam_outputs_final\Assamica_matured\OS (4)_aug24.jpg
OS (4)_aug30.jpg,Assamica,matured,Tender,0.004383978899568319,C:/Users/HP/Desktop/Tea/iTeaGrow---Research-Project/MobileNetV3-Tea-Maturity/gradcam_outputs_final\Assamica_matured\OS (4)_aug30.jpg
OS (4)_aug52.jpg,Assamica,matured,Tender,0.008807161822915077,C:/Users/HP/Desktop/Tea/iTeaGrow---Research-Project/MobileNetV3-Tea-Maturity/gradcam_outputs_final\Assamica_matured\OS (4)_aug52.jpg
OS (4)_aug63.jpg,Assamica,matured,Tender,0.009921246208250523,C:/Users/HP/Desktop/Tea/iTeaGrow---Research-Project/MobileNetV3-Tea-Maturity/gradcam_outputs_final\Assamica_matured\OS (4)_aug63.jpg
OS (4)_aug83.jpg,Assamica,matured,Tender,0.010243993252515793,C:/Users/HP/Desktop/Tea/iTeaGrow---Research-Project/MobileNetV3-Tea-Maturity/gradcam_outputs_final\Assamica_matured\OS (4)_aug83.jpg
OS (4)_aug92.jpg,Assamica,matured,Tender,0.06474649161100388,C:/Users/HP/Desktop/Tea/iTeaGrow---Research-Project/MobileNetV3-Tea-Maturity/gradcam_outputs_final\Assamica_matured\OS (4)_aug92.jpg
OS (4)_aug99.jpg,Assamica,matured,Tender,0.014487579464912415,C:/Users/HP/Desktop/Tea/iTeaGrow---Research-Project/MobileNetV3-Tea-Maturity/gradcam_outputs_final\Assamica_matured\OS (4)_aug99.jpg
OS (5)_aug14.jpg,Assamica,matured,Tender,0.009717218577861786,C:/Users/HP/Desktop/Tea/iTeaGrow---Research-Project/MobileNetV3-Tea-Maturity/gradcam_outputs_final\Assamica_matured\OS (5)_aug14.jpg
OS (5)_aug19.jpg,Assamica,matured,Tender,0.015894416719675064,C:/Users/HP/Desktop/Tea/iTeaGrow---Research-Project/MobileNetV3-Tea-Maturity/gradcam_outputs_final\Assamica_matured\OS (5)_aug19.jpg
OS (5)_aug2.jpg,Assamica,matured,Tender,0.03932243213057518,C:/Users/HP/Desktop/Tea/iTeaGrow---Research-Project/MobileNetV3-Tea-Maturity/gradcam_outputs_final\Assamica_matured\OS (5)_aug2.jpg
OS (5)_aug21.jpg,Assamica,matured,Tender,0.03563942760229111,C:/Users/HP/Desktop/Tea/iTeaGrow---Research-Project/MobileNetV3-Tea-Maturity/gradcam_outputs_final\Assamica_matured\OS (5)_aug21.jpg
OS (5)_aug26.jpg,Assamica,matured,Tender,0.005567444954067469,C:/Users/HP/Desktop/Tea/iTeaGrow---Research-Project/MobileNetV3-Tea-Maturity/gradcam_outputs_final\Assamica_matured\OS (5)_aug26.jpg
OS (5)_aug39.jpg,Assamica,matured,Tender,0.008529937826097012,C:/Users/HP/Desktop/Tea/iTeaGrow---Research-Project/MobileNetV3-Tea-Maturity/gradcam_outputs_final\Assamica_matured\OS (5)_aug39.jpg
OS (5)_aug41.jpg,Assamica,matured,Tender,0.023834707215428352,C:/Users/HP/Desktop/Tea/iTeaGrow---Research-Project/MobileNetV3-Tea-Maturity/gradcam_outputs_final\Assamica_matured\OS (5)_aug41.jpg
OS (5)_aug48.jpg,Assamica,matured,Tender,0.013833028264343739,C:/Users/HP/Desktop/Tea/iTeaGrow---Research-Project/MobileNetV3-Tea-Maturity/gradcam_outputs_final\Assamica_matured\OS (5)_aug48.jpg
OS (5)_aug59.jpg,Assamica,matured,Tender,0.010590855032205582,C:/Users/HP/Desktop/Tea/iTeaGrow---Research-Project/MobileNetV3-Tea-Maturity/gradcam_outputs_final\Assamica_matured\OS (5)_aug59.jpg
OS (5)_aug60.jpg,Assamica,matured,Tender,0.023218033835291862,C:/Users/HP/Desktop/Tea/iTeaGrow---Research-Project/MobileNetV3-Tea-Maturity/gradcam_outputs_final\Assamica_matured\OS (5)_aug60.jpg
OS (5)_aug96.jpg,Assamica,matured,Tender,0.009266472421586514,C:/Users/HP/Desktop/Tea/iTeaGrow---Research-Project/MobileNetV3-Tea-Maturity/gradcam_outputs_final\Assamica_matured\OS (5)_aug96.jpg
OS (6).jpg,Assamica,matured,Tender,0.10147343575954437,C:/Users/HP/Desktop/Tea/iTeaGrow---Research-Project/MobileNetV3-Tea-Maturity/gradcam_outputs_final\Assamica_matured\OS (6).jpg
OS (6)_aug13.jpg,Assamica,matured,Tender,0.20655304193496704,C:/Users/HP/Desktop/Tea/iTeaGrow---Research-Project/MobileNetV3-Tea-Maturity/gradcam_outputs_final\Assamica_matured\OS (6)_aug13.jpg
OS (6)_aug21.jpg,Assamica,matured,Tender,0.15009352564811707,C:/Users/HP/Desktop/Tea/iTeaGrow---Research-Project/MobileNetV3-Tea-Maturity/gradcam_outputs_final\Assamica_matured\OS (6)_aug21.jpg
OS (6)_aug33.jpg,Assamica,matured,Tender,0.1375821828842163,C:/Users/HP/Desktop/Tea/iTeaGrow---Research-Project/MobileNetV3-Tea-Maturity/gradcam_outputs_final\Assamica_matured\OS (6)_aug33.jpg
OS (6)_aug36.jpg,Assamica,matured,Tender,0.35139337182044983,C:/Users/HP/Desktop/Tea/iTeaGrow---Research-Project/MobileNetV3-Tea-Maturity/gradcam_outputs_final\Assamica_matured\OS (6)_aug36.jpg
OS (6)_aug41.jpg,Assamica,matured,Tender,0.21519653499126434,C:/Users/HP/Desktop/Tea/iTeaGrow---Research-Project/MobileNetV3-Tea-Maturity/gradcam_outputs_final\Assamica_matured\OS (6)_aug41.jpg
OS (6)_aug49.jpg,Assamica,matured,Tender,0.07975301891565323,C:/Users/HP/Desktop/Tea/iTeaGrow---Research-Project/MobileNetV3-Tea-Maturity/gradcam_outputs_final\Assamica_matured\OS (6)_aug49.jpg
OS (6)_aug50.jpg,Assamica,matured,Tender,0.08903800696134567,C:/Users/HP/Desktop/Tea/iTeaGrow---Research-Project/MobileNetV3-Tea-Maturity/gradcam_outputs_final\Assamica_matured\OS (6)_aug50.jpg
OS (6)_aug54.jpg,Assamica,matured,Tender,0.21416430175304413,C:/Users/HP/Desktop/Tea/iTeaGrow---Research-Project/MobileNetV3-Tea-Maturity/gradcam_outputs_final\Assamica_matured\OS (6)_aug54.jpg
OS (6)_aug56.jpg,Assamica,matured,Tender,0.09448671340942383,C:/Users/HP/Desktop/Tea/iTeaGrow---Research-Project/MobileNetV3-Tea-Maturity/gradcam_outputs_final\Assamica_matured\OS (6)_aug56.jpg
OS (6)_aug74.jpg,Assamica,matured,Tender,0.10227479785680771,C:/Users/HP/Desktop/Tea/iTeaGrow---Research-Project/MobileNetV3-Tea-Maturity/gradcam_outputs_final\Assamica_matured\OS (6)_aug74.jpg
OS (6)_aug75.jpg,Assamica,matured,Tender,0.13826662302017212,C:/Users/HP/Desktop/Tea/iTeaGrow---Research-Project/MobileNetV3-Tea-Maturity/gradcam_outputs_final\Assamica_matured\OS (6)_aug75.jpg
OS (6)_aug78.jpg,Assamica,matured,Tender,0.10727536678314209,C:/Users/HP/Desktop/Tea/iTeaGrow---Research-Project/MobileNetV3-Tea-Maturity/gradcam_outputs_final\Assamica_matured\OS (6)_aug78.jpg
OS (7)_aug3.jpg,Assamica,matured,Tender,0.25759679079055786,C:/Users/HP/Desktop/Tea/iTeaGrow---Research-Project/MobileNetV3-Tea-Maturity/gradcam_outputs_final\Assamica_matured\OS (7)_aug3.jpg
OS (7)_aug32.jpg,Assamica,matured,Tender,0.37051504850387573,C:/Users/HP/Desktop/Tea/iTeaGrow---Research-Project/MobileNetV3-Tea-Maturity/gradcam_outputs_final\Assamica_matured\OS (7)_aug32.jpg
OS (7)_aug36.jpg,Assamica,matured,Tender,0.21557104587554932,C:/Users/HP/Desktop/Tea/iTeaGrow---Research-Project/MobileNetV3-Tea-Maturity/gradcam_outputs_final\Assamica_matured\OS (7)_aug36.jpg
OS (7)_aug41.jpg,Assamica,matured,Tender,0.10562978684902191,C:/Users/HP/Desktop/Tea/iTeaGrow---Research-Project/MobileNetV3-Tea-Maturity/gradcam_outputs_final\Assamica_matured\OS (7)_aug41.jpg
OS (7)_aug5.jpg,Assamica,matured,Tender,0.04570751637220383,C:/Users/HP/Desktop/Tea/iTeaGrow---Research-Project/MobileNetV3-Tea-Maturity/gradcam_outputs_final\Assamica_matured\OS (7)_aug5.jpg
OS (7)_aug7.jpg,Assamica,matured,Tender,0.012394560500979424,C:/Users/HP/Desktop/Tea/iTeaGrow---Research-Project/MobileNetV3-Tea-Maturity/gradcam_outputs_final\Assamica_matured\OS (7)_aug7.jpg
OS (7)_aug79.jpg,Assamica,matured,Tender,0.3127315938472748,C:/Users/HP/Desktop/Tea/iTeaGrow---Research-Project/MobileNetV3-Tea-Maturity/gradcam_outputs_final\Assamica_matured\OS (7)_aug79.jpg
OS (7)_aug89.jpg,Assamica,matured,Tender,0.45069336891174316,C:/Users/HP/Desktop/Tea/iTeaGrow---Research-Project/MobileNetV3-Tea-Maturity/gradcam_outputs_final\Assamica_matured\OS (7)_aug89.jpg
OS (7)_aug90.jpg,Assamica,matured,Tender,0.09887056052684784,C:/Users/HP/Desktop/Tea/iTeaGrow---Research-Project/MobileNetV3-Tea-Maturity/gradcam_outputs_final\Assamica_matured\OS (7)_aug90.jpg
OS (8)_aug2.jpg,Assamica,matured,Tender,0.03406916931271553,C:/Users/HP/Desktop/Tea/iTeaGrow---Research-Project/MobileNetV3-Tea-Maturity/gradcam_outputs_final\Assamica_matured\OS (8)_aug2.jpg
OS (8)_aug28.jpg,Assamica,matured,Tender,0.12026170641183853,C:/Users/HP/Desktop/Tea/iTeaGrow---Research-Project/MobileNetV3-Tea-Maturity/gradcam_outputs_final\Assamica_matured\OS (8)_aug28.jpg
OS (8)_aug42.jpg,Assamica,matured,Tender,0.18827201426029205,C:/Users/HP/Desktop/Tea/iTeaGrow---Research-Project/MobileNetV3-Tea-Maturity/gradcam_outputs_final\Assamica_matured\OS (8)_aug42.jpg
OS (8)_aug54.jpg,Assamica,matured,Tender,0.13405051827430725,C:/Users/HP/Desktop/Tea/iTeaGrow---Research-Project/MobileNetV3-Tea-Maturity/gradcam_outputs_final\Assamica_matured\OS (8)_aug54.jpg
OS (8)_aug71.jpg,Assamica,matured,Tender,0.04126112908124924,C:/Users/HP/Desktop/Tea/iTeaGrow---Research-Project/MobileNetV3-Tea-Maturity/gradcam_outputs_final\Assamica_matured\OS (8)_aug71.jpg
OS (8)_aug74.jpg,Assamica,matured,Tender,0.08873634040355682,C:/Users/HP/Desktop/Tea/iTeaGrow---Research-Project/MobileNetV3-Tea-Maturity/gradcam_outputs_final\Assamica_matured\OS (8)_aug74.jpg
OS (8)_aug77.jpg,Assamica,matured,Tender,0.05969175696372986,C:/Users/HP/Desktop/Tea/iTeaGrow---Research-Project/MobileNetV3-Tea-Maturity/gradcam_outputs_final\Assamica_matured\OS (8)_aug77.jpg
OS (8)_aug79.jpg,Assamica,matured,Tender,0.14962662756443024,C:/Users/HP/Desktop/Tea/iTeaGrow---Research-Project/MobileNetV3-Tea-Maturity/gradcam_outputs_final\Assamica_matured\OS (8)_aug79.jpg
OS (8)_aug89.jpg,Assamica,matured,Tender,0.04637482017278671,C:/Users/HP/Desktop/Tea/iTeaGrow---Research-Project/MobileNetV3-Tea-Maturity/gradcam_outputs_final\Assamica_matured\OS (8)_aug89.jpg
OS (9)_aug15.jpg,Assamica,matured,Tender,0.014963825233280659,C:/Users/HP/Desktop/Tea/iTeaGrow---Research-Project/MobileNetV3-Tea-Maturity/gradcam_outputs_final\Assamica_matured\OS (9)_aug15.jpg
OS (9)_aug17.jpg,Assamica,matured,Tender,0.004089917987585068,C:/Users/HP/Desktop/Tea/iTeaGrow---Research-Project/MobileNetV3-Tea-Maturity/gradcam_outputs_final\Assamica_matured\OS (9)_aug17.jpg
OS (9)_aug29.jpg,Assamica,matured,Tender,0.02999291568994522,C:/Users/HP/Desktop/Tea/iTeaGrow---Research-Project/MobileNetV3-Tea-Maturity/gradcam_outputs_final\Assamica_matured\OS (9)_aug29.jpg
OS (9)_aug4.jpg,Assamica,matured,Tender,0.004230697639286518,C:/Users/HP/Desktop/Tea/iTeaGrow---Research-Project/MobileNetV3-Tea-Maturity/gradcam_outputs_final\Assamica_matured\OS (9)_aug4.jpg
OS (9)_aug49.jpg,Assamica,matured,Tender,0.006906657014042139,C:/Users/HP/Desktop/Tea/iTeaGrow---Research-Project/MobileNetV3-Tea-Maturity/gradcam_outputs_final\Assamica_matured\OS (9)_aug49.jpg
OS (9)_aug54.jpg,Assamica,matured,Tender,0.0033456136006861925,C:/Users/HP/Desktop/Tea/iTeaGrow---Research-Project/MobileNetV3-Tea-Maturity/gradcam_outputs_final\Assamica_matured\OS (9)_aug54.jpg
OS (9)_aug6.jpg,Assamica,matured,Tender,0.0017692542169243097,C:/Users/HP/Desktop/Tea/iTeaGrow---Research-Project/MobileNetV3-Tea-Maturity/gradcam_outputs_final\Assamica_matured\OS (9)_aug6.jpg
OS (9)_aug64.jpg,Assamica,matured,Tender,0.019687345251441002,C:/Users/HP/Desktop/Tea/iTeaGrow---Research-Project/MobileNetV3-Tea-Maturity/gradcam_outputs_final\Assamica_matured\OS (9)_aug64.jpg
OS (9)_aug76.jpg,Assamica,matured,Tender,0.011601144447922707,C:/Users/HP/Desktop/Tea/iTeaGrow---Research-Project/MobileNetV3-Tea-Maturity/gradcam_outputs_final\Assamica_matured\OS (9)_aug76.jpg
OS (9)_aug8.jpg,Assamica,matured,Tender,0.001360242604278028,C:/Users/HP/Desktop/Tea/iTeaGrow---Research-Project/MobileNetV3-Tea-Maturity/gradcam_outputs_final\Assamica_matured\OS (9)_aug8.jpg
OS (9)_aug81.jpg,Assamica,matured,Tender,0.007988742552697659,C:/Users/HP/Desktop/Tea/iTeaGrow---Research-Project/MobileNetV3-Tea-Maturity/gradcam_outputs_final\Assamica_matured\OS (9)_aug81.jpg
OS (9)_aug87.jpg,Assamica,matured,Tender,0.006029620300978422,C:/Users/HP/Desktop/Tea/iTeaGrow---Research-Project/MobileNetV3-Tea-Maturity/gradcam_outputs_final\Assamica_matured\OS (9)_aug87.jpg
OS (9)_aug9.jpg,Assamica,matured,Tender,0.01268699485808611,C:/Users/HP/Desktop/Tea/iTeaGrow---Research-Project/MobileNetV3-Tea-Maturity/gradcam_outputs_final\Assamica_matured\OS (9)_aug9.jpg
TTB (1)_aug10.jpg,Assamica,tender,Tender,0.04877203702926636,C:/Users/HP/Desktop/Tea/iTeaGrow---Research-Project/MobileNetV3-Tea-Maturity/gradcam_outputs_final\Assamica_tender\TTB (1)_aug10.jpg
TTB (1)_aug13.jpg,Assamica,tender,Tender,0.050442084670066833,C:/Users/HP/Desktop/Tea/iTeaGrow---Research-Project/MobileNetV3-Tea-Maturity/gradcam_outputs_final\Assamica_tender\TTB (1)_aug13.jpg
TTB (1)_aug25.jpg,Assamica,tender,Tender,0.0475846529006958,C:/Users/HP/Desktop/Tea/iTeaGrow---Research-Project/MobileNetV3-Tea-Maturity/gradcam_outputs_final\Assamica_tender\TTB (1)_aug25.jpg
TTB (1)_aug33.jpg,Assamica,tender,Tender,0.021581659093499184,C:/Users/HP/Desktop/Tea/iTeaGrow---Research-Project/MobileNetV3-Tea-Maturity/gradcam_outputs_final\Assamica_tender\TTB (1)_aug33.jpg
TTB (1)_aug43.jpg,Assamica,tender,Tender,0.04805015027523041,C:/Users/HP/Desktop/Tea/iTeaGrow---Research-Project/MobileNetV3-Tea-Maturity/gradcam_outputs_final\Assamica_tender\TTB (1)_aug43.jpg
TTB (1)_aug50.jpg,Assamica,tender,Tender,0.1911105215549469,C:/Users/HP/Desktop/Tea/iTeaGrow---Research-Project/MobileNetV3-Tea-Maturity/gradcam_outputs_final\Assamica_tender\TTB (1)_aug50.jpg
TTB (2).jpg,Assamica,tender,Tender,0.05887582525610924,C:/Users/HP/Desktop/Tea/iTeaGrow---Research-Project/MobileNetV3-Tea-Maturity/gradcam_outputs_final\Assamica_tender\TTB (2).jpg
TTB (2)_aug2.jpg,Assamica,tender,Tender,0.03061644919216633,C:/Users/HP/Desktop/Tea/iTeaGrow---Research-Project/MobileNetV3-Tea-Maturity/gradcam_outputs_final\Assamica_tender\TTB (2)_aug2.jpg
TTB (2)_aug33.jpg,Assamica,tender,Tender,0.0437028668820858,C:/Users/HP/Desktop/Tea/iTeaGrow---Research-Project/MobileNetV3-Tea-Maturity/gradcam_outputs_final\Assamica_tender\TTB (2)_aug33.jpg
TTB (2)_aug35.jpg,Assamica,tender,Tender,0.06799671053886414,C:/Users/HP/Desktop/Tea/iTeaGrow---Research-Project/MobileNetV3-Tea-Maturity/gradcam_outputs_final\Assamica_tender\TTB (2)_aug35.jpg
TTB (2)_aug49.jpg,Assamica,tender,Tender,0.05093671754002571,C:/Users/HP/Desktop/Tea/iTeaGrow---Research-Project/MobileNetV3-Tea-Maturity/gradcam_outputs_final\Assamica_tender\TTB (2)_aug49.jpg
TTB (2)_aug6.jpg,Assamica,tender,Tender,0.04247142747044563,C:/Users/HP/Desktop/Tea/iTeaGrow---Research-Project/MobileNetV3-Tea-Maturity/gradcam_outputs_final\Assamica_tender\TTB (2)_aug6.jpg
TTB (2)_aug8.jpg,Assamica,tender,Tender,0.06563016772270203,C:/Users/HP/Desktop/Tea/iTeaGrow---Research-Project/MobileNetV3-Tea-Maturity/gradcam_outputs_final\Assamica_tender\TTB (2)_aug8.jpg
TTB (3)_aug15.jpg,Assamica,tender,Tender,0.043295685201883316,C:/Users/HP/Desktop/Tea/iTeaGrow---Research-Project/MobileNetV3-Tea-Maturity/gradcam_outputs_final\Assamica_tender\TTB (3)_aug15.jpg
TTB (3)_aug2.jpg,Assamica,tender,Tender,0.10569605976343155,C:/Users/HP/Desktop/Tea/iTeaGrow---Research-Project/MobileNetV3-Tea-Maturity/gradcam_outputs_final\Assamica_tender\TTB (3)_aug2.jpg
TTB (3)_aug41.jpg,Assamica,tender,Tender,0.08799371123313904,C:/Users/HP/Desktop/Tea/iTeaGrow---Research-Project/MobileNetV3-Tea-Maturity/gradcam_outputs_final\Assamica_tender\TTB (3)_aug41.jpg
TTB (3)_aug45.jpg,Assamica,tender,Tender,0.0585670992732048,C:/Users/HP/Desktop/Tea/iTeaGrow---Research-Project/MobileNetV3-Tea-Maturity/gradcam_outputs_final\Assamica_tender\TTB (3)_aug45.jpg
TTB (3)_aug51.jpg,Assamica,tender,Tender,0.0390714630484581,C:/Users/HP/Desktop/Tea/iTeaGrow---Research-Project/MobileNetV3-Tea-Maturity/gradcam_outputs_final\Assamica_tender\TTB (3)_aug51.jpg
TTB (3)_aug7.jpg,Assamica,tender,Tender,0.0285211019217968,C:/Users/HP/Desktop/Tea/iTeaGrow---Research-Project/MobileNetV3-Tea-Maturity/gradcam_outputs_final\Assamica_tender\TTB (3)_aug7.jpg
TTB (4)_aug27.jpg,Assamica,tender,Tender,0.01661309227347374,C:/Users/HP/Desktop/Tea/iTeaGrow---Research-Project/MobileNetV3-Tea-Maturity/gradcam_outputs_final\Assamica_tender\TTB (4)_aug27.jpg
TTB (4)_aug4.jpg,Assamica,tender,Tender,0.04433778300881386,C:/Users/HP/Desktop/Tea/iTeaGrow---Research-Project/MobileNetV3-Tea-Maturity/gradcam_outputs_final\Assamica_tender\TTB (4)_aug4.jpg
TTB (4)_aug42.jpg,Assamica,tender,Tender,0.10533569008111954,C:/Users/HP/Desktop/Tea/iTeaGrow---Research-Project/MobileNetV3-Tea-Maturity/gradcam_outputs_final\Assamica_tender\TTB (4)_aug42.jpg
TTB (5).jpg,Assamica,tender,Tender,0.2266882061958313,C:/Users/HP/Desktop/Tea/iTeaGrow---Research-Project/MobileNetV3-Tea-Maturity/gradcam_outputs_final\Assamica_tender\TTB (5).jpg
TTB (5)_aug35.jpg,Assamica,tender,Tender,0.10947135835886002,C:/Users/HP/Desktop/Tea/iTeaGrow---Research-Project/MobileNetV3-Tea-Maturity/gradcam_outputs_final\Assamica_tender\TTB (5)_aug35.jpg
TTB (5)_aug49.jpg,Assamica,tender,Tender,0.217018723487854,C:/Users/HP/Desktop/Tea/iTeaGrow---Research-Project/MobileNetV3-Tea-Maturity/gradcam_outputs_final\Assamica_tender\TTB (5)_aug49.jpg
TTB (5)_aug59.jpg,Assamica,tender,Tender,0.38170963525772095,C:/Users/HP/Desktop/Tea/iTeaGrow---Research-Project/MobileNetV3-Tea-Maturity/gradcam_outputs_final\Assamica_tender\TTB (5)_aug59.jpg
TTB (5)_aug6.jpg,Assamica,tender,Tender,0.19065719842910767,C:/Users/HP/Desktop/Tea/iTeaGrow---Research-Project/MobileNetV3-Tea-Maturity/gradcam_outputs_final\Assamica_tender\TTB (5)_aug6.jpg
TTB (5)_aug61.jpg,Assamica,tender,Tender,0.2016610950231552,C:/Users/HP/Desktop/Tea/iTeaGrow---Research-Project/MobileNetV3-Tea-Maturity/gradcam_outputs_final\Assamica_tender\TTB (5)_aug61.jpg
TTB (6)_aug2.jpg,Assamica,tender,Tender,0.1402435451745987,C:/Users/HP/Desktop/Tea/iTeaGrow---Research-Project/MobileNetV3-Tea-Maturity/gradcam_outputs_final\Assamica_tender\TTB (6)_aug2.jpg
TTB (6)_aug28.jpg,Assamica,tender,Tender,0.09763220697641373,C:/Users/HP/Desktop/Tea/iTeaGrow---Research-Project/MobileNetV3-Tea-Maturity/gradcam_outputs_final\Assamica_tender\TTB (6)_aug28.jpg
TTB (6)_aug48.jpg,Assamica,tender,Tender,0.20053572952747345,C:/Users/HP/Desktop/Tea/iTeaGrow---Research-Project/MobileNetV3-Tea-Maturity/gradcam_outputs_final\Assamica_tender\TTB (6)_aug48.jpg
TTB (6)_aug9.jpg,Assamica,tender,Tender,0.22130024433135986,C:/Users/HP/Desktop/Tea/iTeaGrow---Research-Project/MobileNetV3-Tea-Maturity/gradcam_outputs_final\Assamica_tender\TTB (6)_aug9.jpg
TTTB (1).jpg,Assamica,tender,Tender,0.008881325833499432,C:/Users/HP/Desktop/Tea/iTeaGrow---Research-Project/MobileNetV3-Tea-Maturity/gradcam_outputs_final\Assamica_tender\TTTB (1).jpg
TTTB (1)_aug13.jpg,Assamica,tender,Tender,0.016442956402897835,C:/Users/HP/Desktop/Tea/iTeaGrow---Research-Project/MobileNetV3-Tea-Maturity/gradcam_outputs_final\Assamica_tender\TTTB (1)_aug13.jpg
TTTB (1)_aug2.jpg,Assamica,tender,Tender,0.036516059190034866,C:/Users/HP/Desktop/Tea/iTeaGrow---Research-Project/MobileNetV3-Tea-Maturity/gradcam_outputs_final\Assamica_tender\TTTB (1)_aug2.jpg
TTTB (1)_aug33.jpg,Assamica,tender,Tender,0.018477344885468483,C:/Users/HP/Desktop/Tea/iTeaGrow---Research-Project/MobileNetV3-Tea-Maturity/gradcam_outputs_final\Assamica_tender\TTTB (1)_aug33.jpg
TTTB (1)_aug45.jpg,Assamica,tender,Tender,0.018431300297379494,C:/Users/HP/Desktop/Tea/iTeaGrow---Research-Project/MobileNetV3-Tea-Maturity/gradcam_outputs_final\Assamica_tender\TTTB (1)_aug45.jpg
TTTB (1)_aug51.jpg,Assamica,tender,Tender,0.01608574204146862,C:/Users/HP/Desktop/Tea/iTeaGrow---Research-Project/MobileNetV3-Tea-Maturity/gradcam_outputs_final\Assamica_tender\TTTB (1)_aug51.jpg
TTTB (1)_aug52.jpg,Assamica,tender,Tender,0.017967715859413147,C:/Users/HP/Desktop/Tea/iTeaGrow---Research-Project/MobileNetV3-Tea-Maturity/gradcam_outputs_final\Assamica_tender\TTTB (1)_aug52.jpg
TTTB (1)_aug56.jpg,Assamica,tender,Tender,0.02736828103661537,C:/Users/HP/Desktop/Tea/iTeaGrow---Research-Project/MobileNetV3-Tea-Maturity/gradcam_outputs_final\Assamica_tender\TTTB (1)_aug56.jpg
TTTB (1)_aug8.jpg,Assamica,tender,Tender,0.027913840487599373,C:/Users/HP/Desktop/Tea/iTeaGrow---Research-Project/MobileNetV3-Tea-Maturity/gradcam_outputs_final\Assamica_tender\TTTB (1)_aug8.jpg
TTTB (10)_aug14.jpg,Assamica,tender,Tender,0.03525839000940323,C:/Users/HP/Desktop/Tea/iTeaGrow---Research-Project/MobileNetV3-Tea-Maturity/gradcam_outputs_final\Assamica_tender\TTTB (10)_aug14.jpg
TTTB (10)_aug17.jpg,Assamica,tender,Tender,0.11126373708248138,C:/Users/HP/Desktop/Tea/iTeaGrow---Research-Project/MobileNetV3-Tea-Maturity/gradcam_outputs_final\Assamica_tender\TTTB (10)_aug17.jpg
TTTB (10)_aug2.jpg,Assamica,tender,Tender,0.027554089203476906,C:/Users/HP/Desktop/Tea/iTeaGrow---Research-Project/MobileNetV3-Tea-Maturity/gradcam_outputs_final\Assamica_tender\TTTB (10)_aug2.jpg
TTTB (10)_aug27.jpg,Assamica,tender,Tender,0.031906094402074814,C:/Users/HP/Desktop/Tea/iTeaGrow---Research-Project/MobileNetV3-Tea-Maturity/gradcam_outputs_final\Assamica_tender\TTTB (10)_aug27.jpg
TTTB (10)_aug4.jpg,Assamica,tender,Tender,0.02301843836903572,C:/Users/HP/Desktop/Tea/iTeaGrow---Research-Project/MobileNetV3-Tea-Maturity/gradcam_outputs_final\Assamica_tender\TTTB (10)_aug4.jpg
TTTB (10)_aug40.jpg,Assamica,tender,Tender,0.0286587905138731,C:/Users/HP/Desktop/Tea/iTeaGrow---Research-Project/MobileNetV3-Tea-Maturity/gradcam_outputs_final\Assamica_tender\TTTB (10)_aug40.jpg
TTTB (10)_aug45.jpg,Assamica,tender,Tender,0.03181401267647743,C:/Users/HP/Desktop/Tea/iTeaGrow---Research-Project/MobileNetV3-Tea-Maturity/gradcam_outputs_final\Assamica_tender\TTTB (10)_aug45.jpg
TTTB (11)_aug15.jpg,Assamica,tender,Tender,0.05838910862803459,C:/Users/HP/Desktop/Tea/iTeaGrow---Research-Project/MobileNetV3-Tea-Maturity/gradcam_outputs_final\Assamica_tender\TTTB (11)_aug15.jpg
TTTB (11)_aug47.jpg,Assamica,tender,Tender,0.05869114771485329,C:/Users/HP/Desktop/Tea/iTeaGrow---Research-Project/MobileNetV3-Tea-Maturity/gradcam_outputs_final\Assamica_tender\TTTB (11)_aug47.jpg
TTTB (11)_aug6.jpg,Assamica,tender,Tender,0.08586746454238892,C:/Users/HP/Desktop/Tea/iTeaGrow---Research-Project/MobileNetV3-Tea-Maturity/gradcam_outputs_final\Assamica_tender\TTTB (11)_aug6.jpg
TTTB (11)_aug62.jpg,Assamica,tender,Tender,0.06428208202123642,C:/Users/HP/Desktop/Tea/iTeaGrow---Research-Project/MobileNetV3-Tea-Maturity/gradcam_outputs_final\Assamica_tender\TTTB (11)_aug62.jpg
TTTB (11)_aug9.jpg,Assamica,tender,Tender,0.0910298302769661,C:/Users/HP/Desktop/Tea/iTeaGrow---Research-Project/MobileNetV3-Tea-Maturity/gradcam_outputs_final\Assamica_tender\TTTB (11)_aug9.jpg
TTTB (12).jpg,Assamica,tender,Tender,0.11949239671230316,C:/Users/HP/Desktop/Tea/iTeaGrow---Research-Project/MobileNetV3-Tea-Maturity/gradcam_outputs_final\Assamica_tender\TTTB (12).jpg
TTTB (12)_aug14.jpg,Assamica,tender,Tender,0.08755427598953247,C:/Users/HP/Desktop/Tea/iTeaGrow---Research-Project/MobileNetV3-Tea-Maturity/gradcam_outputs_final\Assamica_tender\TTTB (12)_aug14.jpg
TTTB (12)_aug21.jpg,Assamica,tender,Tender,0.1308784782886505,C:/Users/HP/Desktop/Tea/iTeaGrow---Research-Project/MobileNetV3-Tea-Maturity/gradcam_outputs_final\Assamica_tender\TTTB (12)_aug21.jpg
TTTB (12)_aug25.jpg,Assamica,tender,Tender,0.08810535818338394,C:/Users/HP/Desktop/Tea/iTeaGrow---Research-Project/MobileNetV3-Tea-Maturity/gradcam_outputs_final\Assamica_tender\TTTB (12)_aug25.jpg
TTTB (12)_aug27.jpg,Assamica,tender,Tender,0.06888202577829361,C:/Users/HP/Desktop/Tea/iTeaGrow---Research-Project/MobileNetV3-Tea-Maturity/gradcam_outputs_final\Assamica_tender\TTTB (12)_aug27.jpg
TTTB (12)_aug3.jpg,Assamica,tender,Tender,0.04803840443491936,C:/Users/HP/Desktop/Tea/iTeaGrow---Research-Project/MobileNetV3-Tea-Maturity/gradcam_outputs_final\Assamica_tender\TTTB (12)_aug3.jpg
TTTB (12)_aug30.jpg,Assamica,tender,Tender,0.04960540682077408,C:/Users/HP/Desktop/Tea/iTeaGrow---Research-Project/MobileNetV3-Tea-Maturity/gradcam_outputs_final\Assamica_tender\TTTB (12)_aug30.jpg
TTTB (12)_aug32.jpg,Assamica,tender,Tender,0.0727129653096199,C:/Users/HP/Desktop/Tea/iTeaGrow---Research-Project/MobileNetV3-Tea-Maturity/gradcam_outputs_final\Assamica_tender\TTTB (12)_aug32.jpg
TTTB (12)_aug5.jpg,Assamica,tender,Tender,0.07217144221067429,C:/Users/HP/Desktop/Tea/iTeaGrow---Research-Project/MobileNetV3-Tea-Maturity/gradcam_outputs_final\Assamica_tender\TTTB (12)_aug5.jpg
TTTB (12)_aug58.jpg,Assamica,tender,Tender,0.0997249111533165,C:/Users/HP/Desktop/Tea/iTeaGrow---Research-Project/MobileNetV3-Tea-Maturity/gradcam_outputs_final\Assamica_tender\TTTB (12)_aug58.jpg
TTTB (13).jpg,Assamica,tender,Tender,0.0717807188630104,C:/Users/HP/Desktop/Tea/iTeaGrow---Research-Project/MobileNetV3-Tea-Maturity/gradcam_outputs_final\Assamica_tender\TTTB (13).jpg
TTTB (13)_aug14.jpg,Assamica,tender,Tender,0.08700617402791977,C:/Users/HP/Desktop/Tea/iTeaGrow---Research-Project/MobileNetV3-Tea-Maturity/gradcam_outputs_final\Assamica_tender\TTTB (13)_aug14.jpg
TTTB (13)_aug2.jpg,Assamica,tender,Tender,0.06619629263877869,C:/Users/HP/Desktop/Tea/iTeaGrow---Research-Project/MobileNetV3-Tea-Maturity/gradcam_outputs_final\Assamica_tender\TTTB (13)_aug2.jpg
TTTB (13)_aug3.jpg,Assamica,tender,Tender,0.029518134891986847,C:/Users/HP/Desktop/Tea/iTeaGrow---Research-Project/MobileNetV3-Tea-Maturity/gradcam_outputs_final\Assamica_tender\TTTB (13)_aug3.jpg
TTTB (13)_aug38.jpg,Assamica,tender,Tender,0.022174103185534477,C:/Users/HP/Desktop/Tea/iTeaGrow---Research-Project/MobileNetV3-Tea-Maturity/gradcam_outputs_final\Assamica_tender\TTTB (13)_aug38.jpg
TTTB (13)_aug48.jpg,Assamica,tender,Tender,0.03591383993625641,C:/Users/HP/Desktop/Tea/iTeaGrow---Research-Project/MobileNetV3-Tea-Maturity/gradcam_outputs_final\Assamica_tender\TTTB (13)_aug48.jpg
TTTB (13)_aug49.jpg,Assamica,tender,Tender,0.08463071286678314,C:/Users/HP/Desktop/Tea/iTeaGrow---Research-Project/MobileNetV3-Tea-Maturity/gradcam_outputs_final\Assamica_tender\TTTB (13)_aug49.jpg
TTTB (13)_aug54.jpg,Assamica,tender,Tender,0.13475434482097626,C:/Users/HP/Desktop/Tea/iTeaGrow---Research-Project/MobileNetV3-Tea-Maturity/gradcam_outputs_final\Assamica_tender\TTTB (13)_aug54.jpg
TTTB (13)_aug6.jpg,Assamica,tender,Tender,0.06442970782518387,C:/Users/HP/Desktop/Tea/iTeaGrow---Research-Project/MobileNetV3-Tea-Maturity/gradcam_outputs_final\Assamica_tender\TTTB (13)_aug6.jpg
TTTB (2)_aug1.jpg,Assamica,tender,Tender,0.2974817156791687,C:/Users/HP/Desktop/Tea/iTeaGrow---Research-Project/MobileNetV3-Tea-Maturity/gradcam_outputs_final\Assamica_tender\TTTB (2)_aug1.jpg
TTTB (2)_aug12.jpg,Assamica,tender,Tender,0.07290449738502502,C:/Users/HP/Desktop/Tea/iTeaGrow---Research-Project/MobileNetV3-Tea-Maturity/gradcam_outputs_final\Assamica_tender\TTTB (2)_aug12.jpg
TTTB (2)_aug26.jpg,Assamica,tender,Tender,0.24294725060462952,C:/Users/HP/Desktop/Tea/iTeaGrow---Research-Project/MobileNetV3-Tea-Maturity/gradcam_outputs_final\Assamica_tender\TTTB (2)_aug26.jpg
TTTB (2)_aug35.jpg,Assamica,tender,Tender,0.10072507709264755,C:/Users/HP/Desktop/Tea/iTeaGrow---Research-Project/MobileNetV3-Tea-Maturity/gradcam_outputs_final\Assamica_tender\TTTB (2)_aug35.jpg
TTTB (2)_aug58.jpg,Assamica,tender,Tender,0.20466476678848267,C:/Users/HP/Desktop/Tea/iTeaGrow---Research-Project/MobileNetV3-Tea-Maturity/gradcam_outputs_final\Assamica_tender\TTTB (2)_aug58.jpg
TTTB (3)_aug10.jpg,Assamica,tender,Tender,0.5081532001495361,C:/Users/HP/Desktop/Tea/iTeaGrow---Research-Project/MobileNetV3-Tea-Maturity/gradcam_outputs_final\Assamica_tender\TTTB (3)_aug10.jpg
TTTB (3)_aug13.jpg,Assamica,tender,Tender,0.28416261076927185,C:/Users/HP/Desktop/Tea/iTeaGrow---Research-Project/MobileNetV3-Tea-Maturity/gradcam_outputs_final\Assamica_tender\TTTB (3)_aug13.jpg
TTTB (3)_aug15.jpg,Assamica,tender,Tender,0.11613775789737701,C:/Users/HP/Desktop/Tea/iTeaGrow---Research-Project/MobileNetV3-Tea-Maturity/gradcam_outputs_final\Assamica_tender\TTTB (3)_aug15.jpg
TTTB (3)_aug18.jpg,Assamica,tender,Tender,0.3221273422241211,C:/Users/HP/Desktop/Tea/iTeaGrow---Research-Project/MobileNetV3-Tea-Maturity/gradcam_outputs_final\Assamica_tender\TTTB (3)_aug18.jpg
TTTB (3)_aug4.jpg,Assamica,tender,Tender,0.1116257756948471,C:/Users/HP/Desktop/Tea/iTeaGrow---Research-Project/MobileNetV3-Tea-Maturity/gradcam_outputs_final\Assamica_tender\TTTB (3)_aug4.jpg
TTTB (3)_aug44.jpg,Assamica,tender,Tender,0.24272315204143524,C:/Users/HP/Desktop/Tea/iTeaGrow---Research-Project/MobileNetV3-Tea-Maturity/gradcam_outputs_final\Assamica_tender\TTTB (3)_aug44.jpg
TTTB (3)_aug6.jpg,Assamica,tender,Tender,0.2551983892917633,C:/Users/HP/Desktop/Tea/iTeaGrow---Research-Project/MobileNetV3-Tea-Maturity/gradcam_outputs_final\Assamica_tender\TTTB (3)_aug6.jpg
TTTB (3)_aug8.jpg,Assamica,tender,Tender,0.16105109453201294,C:/Users/HP/Desktop/Tea/iTeaGrow---Research-Project/MobileNetV3-Tea-Maturity/gradcam_outputs_final\Assamica_tender\TTTB (3)_aug8.jpg
TTTB (4)_aug12.jpg,Assamica,tender,Tender,0.02729971520602703,C:/Users/HP/Desktop/Tea/iTeaGrow---Research-Project/MobileNetV3-Tea-Maturity/gradcam_outputs_final\Assamica_tender\TTTB (4)_aug12.jpg
TTTB (4)_aug19.jpg,Assamica,tender,Tender,0.060203924775123596,C:/Users/HP/Desktop/Tea/iTeaGrow---Research-Project/MobileNetV3-Tea-Maturity/gradcam_outputs_final\Assamica_tender\TTTB (4)_aug19.jpg
TTTB (4)_aug28.jpg,Assamica,tender,Tender,0.16678030788898468,C:/Users/HP/Desktop/Tea/iTeaGrow---Research-Project/MobileNetV3-Tea-Maturity/gradcam_outputs_final\Assamica_tender\TTTB (4)_aug28.jpg
TTTB (4)_aug44.jpg,Assamica,tender,Tender,0.0811195820569992,C:/Users/HP/Desktop/Tea/iTeaGrow---Research-Project/MobileNetV3-Tea-Maturity/gradcam_outputs_final\Assamica_tender\TTTB (4)_aug44.jpg
TTTB (4)_aug47.jpg,Assamica,tender,Tender,0.08975639194250107,C:/Users/HP/Desktop/Tea/iTeaGrow---Research-Project/MobileNetV3-Tea-Maturity/gradcam_outputs_final\Assamica_tender\TTTB (4)_aug47.jpg
TTTB (4)_aug49.jpg,Assamica,tender,Tender,0.0852859690785408,C:/Users/HP/Desktop/Tea/iTeaGrow---Research-Project/MobileNetV3-Tea-Maturity/gradcam_outputs_final\Assamica_tender\TTTB (4)_aug49.jpg
TTTB (4)_aug53.jpg,Assamica,tender,Tender,0.22890937328338623,C:/Users/HP/Desktop/Tea/iTeaGrow---Research-Project/MobileNetV3-Tea-Maturity/gradcam_outputs_final\Assamica_tender\TTTB (4)_aug53.jpg
TTTB (4)_aug54.jpg,Assamica,tender,Tender,0.0295381098985672,C:/Users/HP/Desktop/Tea/iTeaGrow---Research-Project/MobileNetV3-Tea-Maturity/gradcam_outputs_final\Assamica_tender\TTTB (4)_aug54.jpg
TTTB (5)_aug19.jpg,Assamica,tender,Tender,0.01641109585762024,C:/Users/HP/Desktop/Tea/iTeaGrow---Research-Project/MobileNetV3-Tea-Maturity/gradcam_outputs_final\Assamica_tender\TTTB (5)_aug19.jpg
TTTB (5)_aug43.jpg,Assamica,tender,Tender,0.16960978507995605,C:/Users/HP/Desktop/Tea/iTeaGrow---Research-Project/MobileNetV3-Tea-Maturity/gradcam_outputs_final\Assamica_tender\TTTB (5)_aug43.jpg
TTTB (5)_aug50.jpg,Assamica,tender,Tender,0.05671379342675209,C:/Users/HP/Desktop/Tea/iTeaGrow---Research-Project/MobileNetV3-Tea-Maturity/gradcam_outputs_final\Assamica_tender\TTTB (5)_aug50.jpg
TTTB (5)_aug56.jpg,Assamica,tender,Tender,0.01341221947222948,C:/Users/HP/Desktop/Tea/iTeaGrow---Research-Project/MobileNetV3-Tea-Maturity/gradcam_outputs_final\Assamica_tender\TTTB (5)_aug56.jpg
TTTB (5)_aug62.jpg,Assamica,tender,Tender,0.23331254720687866,C:/Users/HP/Desktop/Tea/iTeaGrow---Research-Project/MobileNetV3-Tea-Maturity/gradcam_outputs_final\Assamica_tender\TTTB (5)_aug62.jpg
TTTB (6)_aug25.jpg,Assamica,tender,Tender,0.05904112011194229,C:/Users/HP/Desktop/Tea/iTeaGrow---Research-Project/MobileNetV3-Tea-Maturity/gradcam_outputs_final\Assamica_tender\TTTB (6)_aug25.jpg
TTTB (6)_aug26.jpg,Assamica,tender,Tender,0.03355688229203224,C:/Users/HP/Desktop/Tea/iTeaGrow---Research-Project/MobileNetV3-Tea-Maturity/gradcam_outputs_final\Assamica_tender\TTTB (6)_aug26.jpg
TTTB (6)_aug48.jpg,Assamica,tender,Tender,0.07925285398960114,C:/Users/HP/Desktop/Tea/iTeaGrow---Research-Project/MobileNetV3-Tea-Maturity/gradcam_outputs_final\Assamica_tender\TTTB (6)_aug48.jpg
TTTB (6)_aug59.jpg,Assamica,tender,Tender,0.03632491081953049,C:/Users/HP/Desktop/Tea/iTeaGrow---Research-Project/MobileNetV3-Tea-Maturity/gradcam_outputs_final\Assamica_tender\TTTB (6)_aug59.jpg
TTTB (7).jpg,Assamica,tender,Tender,0.3722881078720093,C:/Users/HP/Desktop/Tea/iTeaGrow---Research-Project/MobileNetV3-Tea-Maturity/gradcam_outputs_final\Assamica_tender\TTTB (7).jpg
TTTB (7)_aug14.jpg,Assamica,tender,Tender,0.14702236652374268,C:/Users/HP/Desktop/Tea/iTeaGrow---Research-Project/MobileNetV3-Tea-Maturity/gradcam_outputs_final\Assamica_tender\TTTB (7)_aug14.jpg
TTTB (7)_aug2.jpg,Assamica,tender,Tender,0.02587253227829933,C:/Users/HP/Desktop/Tea/iTeaGrow---Research-Project/MobileNetV3-Tea-Maturity/gradcam_outputs_final\Assamica_tender\TTTB (7)_aug2.jpg
TTTB (7)_aug20.jpg,Assamica,tender,Tender,0.06454066932201385,C:/Users/HP/Desktop/Tea/iTeaGrow---Research-Project/MobileNetV3-Tea-Maturity/gradcam_outputs_final\Assamica_tender\TTTB (7)_aug20.jpg
TTTB (7)_aug4.jpg,Assamica,tender,Tender,0.11202161759138107,C:/Users/HP/Desktop/Tea/iTeaGrow---Research-Project/MobileNetV3-Tea-Maturity/gradcam_outputs_final\Assamica_tender\TTTB (7)_aug4.jpg
TTTB (7)_aug53.jpg,Assamica,tender,Tender,0.04634362831711769,C:/Users/HP/Desktop/Tea/iTeaGrow---Research-Project/MobileNetV3-Tea-Maturity/gradcam_outputs_final\Assamica_tender\TTTB (7)_aug53.jpg
TTTB (7)_aug6.jpg,Assamica,tender,Tender,0.0343388170003891,C:/Users/HP/Desktop/Tea/iTeaGrow---Research-Project/MobileNetV3-Tea-Maturity/gradcam_outputs_final\Assamica_tender\TTTB (7)_aug6.jpg
TTTB (7)_aug62.jpg,Assamica,tender,Tender,0.028539378196001053,C:/Users/HP/Desktop/Tea/iTeaGrow---Research-Project/MobileNetV3-Tea-Maturity/gradcam_outputs_final\Assamica_tender\TTTB (7)_aug62.jpg
TTTB (7)_aug63.jpg,Assamica,tender,Tender,0.0538107268512249,C:/Users/HP/Desktop/Tea/iTeaGrow---Research-Project/MobileNetV3-Tea-Maturity/gradcam_outputs_final\Assamica_tender\TTTB (7)_aug63.jpg
TTTB (8)_aug10.jpg,Assamica,tender,Tender,0.02593752183020115,C:/Users/HP/Desktop/Tea/iTeaGrow---Research-Project/MobileNetV3-Tea-Maturity/gradcam_outputs_final\Assamica_tender\TTTB (8)_aug10.jpg
TTTB (8)_aug16.jpg,Assamica,tender,Tender,0.01969713717699051,C:/Users/HP/Desktop/Tea/iTeaGrow---Research-Project/MobileNetV3-Tea-Maturity/gradcam_outputs_final\Assamica_tender\TTTB (8)_aug16.jpg
TTTB (8)_aug36.jpg,Assamica,tender,Tender,0.016941679641604424,C:/Users/HP/Desktop/Tea/iTeaGrow---Research-Project/MobileNetV3-Tea-Maturity/gradcam_outputs_final\Assamica_tender\TTTB (8)_aug36.jpg
TTTB (8)_aug47.jpg,Assamica,tender,Tender,0.09613777697086334,C:/Users/HP/Desktop/Tea/iTeaGrow---Research-Project/MobileNetV3-Tea-Maturity/gradcam_outputs_final\Assamica_tender\TTTB (8)_aug47.jpg
TTTB (8)_aug50.jpg,Assamica,tender,Tender,0.02826605923473835,C:/Users/HP/Desktop/Tea/iTeaGrow---Research-Project/MobileNetV3-Tea-Maturity/gradcam_outputs_final\Assamica_tender\TTTB (8)_aug50.jpg
TTTB (9)_aug1.jpg,Assamica,tender,Tender,0.1037532165646553,C:/Users/HP/Desktop/Tea/iTeaGrow---Research-Project/MobileNetV3-Tea-Maturity/gradcam_outputs_final\Assamica_tender\TTTB (9)_aug1.jpg
TTTB (9)_aug21.jpg,Assamica,tender,Tender,0.18374934792518616,C:/Users/HP/Desktop/Tea/iTeaGrow---Research-Project/MobileNetV3-Tea-Maturity/gradcam_outputs_final\Assamica_tender\TTTB (9)_aug21.jpg
TTTB (9)_aug37.jpg,Assamica,tender,Tender,0.07966496795415878,C:/Users/HP/Desktop/Tea/iTeaGrow---Research-Project/MobileNetV3-Tea-Maturity/gradcam_outputs_final\Assamica_tender\TTTB (9)_aug37.jpg
TTTB (9)_aug41.jpg,Assamica,tender,Tender,0.03996986150741577,C:/Users/HP/Desktop/Tea/iTeaGrow---Research-Project/MobileNetV3-Tea-Maturity/gradcam_outputs_final\Assamica_tender\TTTB (9)_aug41.jpg
TTTB (9)_aug5.jpg,Assamica,tender,Tender,0.18402835726737976,C:/Users/HP/Desktop/Tea/iTeaGrow---Research-Project/MobileNetV3-Tea-Maturity/gradcam_outputs_final\Assamica_tender\TTTB (9)_aug5.jpg
TTTB (9)_aug50.jpg,Assamica,tender,Tender,0.18737058341503143,C:/Users/HP/Desktop/Tea/iTeaGrow---Research-Project/MobileNetV3-Tea-Maturity/gradcam_outputs_final\Assamica_tender\TTTB (9)_aug50.jpg
TTTB (9)_aug63.jpg,Assamica,tender,Tender,0.19110359251499176,C:/Users/HP/Desktop/Tea/iTeaGrow---Research-Project/MobileNetV3-Tea-Maturity/gradcam_outputs_final\Assamica_tender\TTTB (9)_aug63.jpg
OS (1)_aug120.jpg,DT1,matured,Tender,0.9937342405319214,C:/Users/HP/Desktop/Tea/iTeaGrow---Research-Project/MobileNetV3-Tea-Maturity/gradcam_outputs_final\DT1_matured\OS (1)_aug120.jpg
OS (1)_aug127.jpg,DT1,matured,Tender,0.9772182106971741,C:/Users/HP/Desktop/Tea/iTeaGrow---Research-Project/MobileNetV3-Tea-Maturity/gradcam_outputs_final\DT1_matured\OS (1)_aug127.jpg
OS (1)_aug132.jpg,DT1,matured,Tender,0.9906414747238159,C:/Users/HP/Desktop/Tea/iTeaGrow---Research-Project/MobileNetV3-Tea-Maturity/gradcam_outputs_final\DT1_matured\OS (1)_aug132.jpg
OS (1)_aug4.jpg,DT1,matured,Tender,0.9950879216194153,C:/Users/HP/Desktop/Tea/iTeaGrow---Research-Project/MobileNetV3-Tea-Maturity/gradcam_outputs_final\DT1_matured\OS (1)_aug4.jpg
OS (1)_aug40.jpg,DT1,matured,Tender,0.9937594532966614,C:/Users/HP/Desktop/Tea/iTeaGrow---Research-Project/MobileNetV3-Tea-Maturity/gradcam_outputs_final\DT1_matured\OS (1)_aug40.jpg
OS (1)_aug62.jpg,DT1,matured,Tender,0.9935747981071472,C:/Users/HP/Desktop/Tea/iTeaGrow---Research-Project/MobileNetV3-Tea-Maturity/gradcam_outputs_final\DT1_matured\OS (1)_aug62.jpg
OS (1)_aug63.jpg,DT1,matured,Tender,0.944822371006012,C:/Users/HP/Desktop/Tea/iTeaGrow---Research-Project/MobileNetV3-Tea-Maturity/gradcam_outputs_final\DT1_matured\OS (1)_aug63.jpg
OS (1)_aug88.jpg,DT1,matured,Tender,0.9549264907836914,C:/Users/HP/Desktop/Tea/iTeaGrow---Research-Project/MobileNetV3-Tea-Maturity/gradcam_outputs_final\DT1_matured\OS (1)_aug88.jpg
OS (1)_aug92.jpg,DT1,matured,Tender,0.9858983159065247,C:/Users/HP/Desktop/Tea/iTeaGrow---Research-Project/MobileNetV3-Tea-Maturity/gradcam_outputs_final\DT1_matured\OS (1)_aug92.jpg
OS (1)_aug99.jpg,DT1,matured,Tender,0.9582913517951965,C:/Users/HP/Desktop/Tea/iTeaGrow---Research-Project/MobileNetV3-Tea-Maturity/gradcam_outputs_final\DT1_matured\OS (1)_aug99.jpg
OS (2)_aug10.jpg,DT1,matured,Tender,0.9828903079032898,C:/Users/HP/Desktop/Tea/iTeaGrow---Research-Project/MobileNetV3-Tea-Maturity/gradcam_outputs_final\DT1_matured\OS (2)_aug10.jpg
OS (2)_aug18.jpg,DT1,matured,Tender,0.9489200711250305,C:/Users/HP/Desktop/Tea/iTeaGrow---Research-Project/MobileNetV3-Tea-Maturity/gradcam_outputs_final\DT1_matured\OS (2)_aug18.jpg
OS (2)_aug31.jpg,DT1,matured,Tender,0.9270015954971313,C:/Users/HP/Desktop/Tea/iTeaGrow---Research-Project/MobileNetV3-Tea-Maturity/gradcam_outputs_final\DT1_matured\OS (2)_aug31.jpg
OS (2)_aug44.jpg,DT1,matured,Tender,0.9560554623603821,C:/Users/HP/Desktop/Tea/iTeaGrow---Research-Project/MobileNetV3-Tea-Maturity/gradcam_outputs_final\DT1_matured\OS (2)_aug44.jpg
OS (2)_aug49.jpg,DT1,matured,Tender,0.9861968159675598,C:/Users/HP/Desktop/Tea/iTeaGrow---Research-Project/MobileNetV3-Tea-Maturity/gradcam_outputs_final\DT1_matured\OS (2)_aug49.jpg
OS (2)_aug59.jpg,DT1,matured,Tender,0.9438900947570801,C:/Users/HP/Desktop/Tea/iTeaGrow---Research-Project/MobileNetV3-Tea-Maturity/gradcam_outputs_final\DT1_matured\OS (2)_aug59.jpg
OS (2)_aug6.jpg,DT1,matured,Tender,0.9448221325874329,C:/Users/HP/Desktop/Tea/iTeaGrow---Research-Project/MobileNetV3-Tea-Maturity/gradcam_outputs_final\DT1_matured\OS (2)_aug6.jpg
OS (2)_aug60.jpg,DT1,matured,Tender,0.9455161690711975,C:/Users/HP/Desktop/Tea/iTeaGrow---Research-Project/MobileNetV3-Tea-Maturity/gradcam_outputs_final\DT1_matured\OS (2)_aug60.jpg
OS (2)_aug61.jpg,DT1,matured,Tender,0.837592363357544,C:/Users/HP/Desktop/Tea/iTeaGrow---Research-Project/MobileNetV3-Tea-Maturity/gradcam_outputs_final\DT1_matured\OS (2)_aug61.jpg
OS (2)_aug66.jpg,DT1,matured,Tender,0.9467911720275879,C:/Users/HP/Desktop/Tea/iTeaGrow---Research-Project/MobileNetV3-Tea-Maturity/gradcam_outputs_final\DT1_matured\OS (2)_aug66.jpg
OS (2)_aug7.jpg,DT1,matured,Tender,0.9589430093765259,C:/Users/HP/Desktop/Tea/iTeaGrow---Research-Project/MobileNetV3-Tea-Maturity/gradcam_outputs_final\DT1_matured\OS (2)_aug7.jpg
OS (3).jpg,DT1,matured,Tender,0.9939554929733276,C:/Users/HP/Desktop/Tea/iTeaGrow---Research-Project/MobileNetV3-Tea-Maturity/gradcam_outputs_final\DT1_matured\OS (3).jpg
OS (3)_aug10.jpg,DT1,matured,Tender,0.9956579804420471,C:/Users/HP/Desktop/Tea/iTeaGrow---Research-Project/MobileNetV3-Tea-Maturity/gradcam_outputs_final\DT1_matured\OS (3)_aug10.jpg
OS (3)_aug107.jpg,DT1,matured,Tender,0.9961346387863159,C:/Users/HP/Desktop/Tea/iTeaGrow---Research-Project/MobileNetV3-Tea-Maturity/gradcam_outputs_final\DT1_matured\OS (3)_aug107.jpg
OS (3)_aug26.jpg,DT1,matured,Tender,0.9822126030921936,C:/Users/HP/Desktop/Tea/iTeaGrow---Research-Project/MobileNetV3-Tea-Maturity/gradcam_outputs_final\DT1_matured\OS (3)_aug26.jpg
OS (3)_aug3.jpg,DT1,matured,Tender,0.9975179433822632,C:/Users/HP/Desktop/Tea/iTeaGrow---Research-Project/MobileNetV3-Tea-Maturity/gradcam_outputs_final\DT1_matured\OS (3)_aug3.jpg
OS (3)_aug34.jpg,DT1,matured,Tender,0.9940860867500305,C:/Users/HP/Desktop/Tea/iTeaGrow---Research-Project/MobileNetV3-Tea-Maturity/gradcam_outputs_final\DT1_matured\OS (3)_aug34.jpg
OS (3)_aug35.jpg,DT1,matured,Tender,0.9945061206817627,C:/Users/HP/Desktop/Tea/iTeaGrow---Research-Project/MobileNetV3-Tea-Maturity/gradcam_outputs_final\DT1_matured\OS (3)_aug35.jpg
OS (3)_aug44.jpg,DT1,matured,Tender,0.9949420690536499,C:/Users/HP/Desktop/Tea/iTeaGrow---Research-Project/MobileNetV3-Tea-Maturity/gradcam_outputs_final\DT1_matured\OS (3)_aug44.jpg
OS (3)_aug46.jpg,DT1,matured,Tender,0.9863139986991882,C:/Users/HP/Desktop/Tea/iTeaGrow---Research-Project/MobileNetV3-Tea-Maturity/gradcam_outputs_final\DT1_matured\OS (3)_aug46.jpg
OS (3)_aug47.jpg,DT1,matured,Tender,0.9950167536735535,C:/Users/HP/Desktop/Tea/iTeaGrow---Research-Project/MobileNetV3-Tea-Maturity/gradcam_outputs_final\DT1_matured\OS (3)_aug47.jpg
OS (3)_aug56.jpg,DT1,matured,Tender,0.9914333820343018,C:/Users/HP/Desktop/Tea/iTeaGrow---Research-Project/MobileNetV3-Tea-Maturity/gradcam_outputs_final\DT1_matured\OS (3)_aug56.jpg
OS (3)_aug57.jpg,DT1,matured,Tender,0.9920745491981506,C:/Users/HP/Desktop/Tea/iTeaGrow---Research-Project/MobileNetV3-Tea-Maturity/gradcam_outputs_final\DT1_matured\OS (3)_aug57.jpg
OS (3)_aug62.jpg,DT1,matured,Tender,0.9991114139556885,C:/Users/HP/Desktop/Tea/iTeaGrow---Research-Project/MobileNetV3-Tea-Maturity/gradcam_outputs_final\DT1_matured\OS (3)_aug62.jpg
OS (3)_aug65.jpg,DT1,matured,Tender,0.9934086203575134,C:/Users/HP/Desktop/Tea/iTeaGrow---Research-Project/MobileNetV3-Tea-Maturity/gradcam_outputs_final\DT1_matured\OS (3)_aug65.jpg
OS (3)_aug7.jpg,DT1,matured,Tender,0.9937710762023926,C:/Users/HP/Desktop/Tea/iTeaGrow---Research-Project/MobileNetV3-Tea-Maturity/gradcam_outputs_final\DT1_matured\OS (3)_aug7.jpg
OS (3)_aug70.jpg,DT1,matured,Tender,0.994367241859436,C:/Users/HP/Desktop/Tea/iTeaGrow---Research-Project/MobileNetV3-Tea-Maturity/gradcam_outputs_final\DT1_matured\OS (3)_aug70.jpg
OS (3)_aug74.jpg,DT1,matured,Tender,0.9939900040626526,C:/Users/HP/Desktop/Tea/iTeaGrow---Research-Project/MobileNetV3-Tea-Maturity/gradcam_outputs_final\DT1_matured\OS (3)_aug74.jpg
OS (3)_aug76.jpg,DT1,matured,Tender,0.9985520243644714,C:/Users/HP/Desktop/Tea/iTeaGrow---Research-Project/MobileNetV3-Tea-Maturity/gradcam_outputs_final\DT1_matured\OS (3)_aug76.jpg
OS (4)_aug100.jpg,DT1,matured,Tender,0.984744131565094,C:/Users/HP/Desktop/Tea/iTeaGrow---Research-Project/MobileNetV3-Tea-Maturity/gradcam_outputs_final\DT1_matured\OS (4)_aug100.jpg
OS (4)_aug111.jpg,DT1,matured,Tender,0.9698491096496582,C:/Users/HP/Desktop/Tea/iTeaGrow---Research-Project/MobileNetV3-Tea-Maturity/gradcam_outputs_final\DT1_matured\OS (4)_aug111.jpg
OS (4)_aug119.jpg,DT1,matured,Tender,0.9863720536231995,C:/Users/HP/Desktop/Tea/iTeaGrow---Research-Project/MobileNetV3-Tea-Maturity/gradcam_outputs_final\DT1_matured\OS (4)_aug119.jpg
OS (4)_aug125.jpg,DT1,matured,Tender,0.9393956065177917,C:/Users/HP/Desktop/Tea/iTeaGrow---Research-Project/MobileNetV3-Tea-Maturity/gradcam_outputs_final\DT1_matured\OS (4)_aug125.jpg
OS (4)_aug131.jpg,DT1,matured,Tender,0.9539244771003723,C:/Users/HP/Desktop/Tea/iTeaGrow---Research-Project/MobileNetV3-Tea-Maturity/gradcam_outputs_final\DT1_matured\OS (4)_aug131.jpg
OS (4)_aug142.jpg,DT1,matured,Tender,0.9812163710594177,C:/Users/HP/Desktop/Tea/iTeaGrow---Research-Project/MobileNetV3-Tea-Maturity/gradcam_outputs_final\DT1_matured\OS (4)_aug142.jpg
OS (4)_aug143.jpg,DT1,matured,Tender,0.9645561575889587,C:/Users/HP/Desktop/Tea/iTeaGrow---Research-Project/MobileNetV3-Tea-Maturity/gradcam_outputs_final\DT1_matured\OS (4)_aug143.jpg
OS (4)_aug15.jpg,DT1,matured,Tender,0.9800211191177368,C:/Users/HP/Desktop/Tea/iTeaGrow---Research-Project/MobileNetV3-Tea-Maturity/gradcam_outputs_final\DT1_matured\OS (4)_aug15.jpg
OS (4)_aug22.jpg,DT1,matured,Tender,0.9086813926696777,C:/Users/HP/Desktop/Tea/iTeaGrow---Research-Project/MobileNetV3-Tea-Maturity/gradcam_outputs_final\DT1_matured\OS (4)_aug22.jpg
OS (4)_aug27.jpg,DT1,matured,Tender,0.8895037770271301,C:/Users/HP/Desktop/Tea/iTeaGrow---Research-Project/MobileNetV3-Tea-Maturity/gradcam_outputs_final\DT1_matured\OS (4)_aug27.jpg
OS (4)_aug30.jpg,DT1,matured,Tender,0.9780405759811401,C:/Users/HP/Desktop/Tea/iTeaGrow---Research-Project/MobileNetV3-Tea-Maturity/gradcam_outputs_final\DT1_matured\OS (4)_aug30.jpg
OS (4)_aug36.jpg,DT1,matured,Tender,0.9363307356834412,C:/Users/HP/Desktop/Tea/iTeaGrow---Research-Project/MobileNetV3-Tea-Maturity/gradcam_outputs_final\DT1_matured\OS (4)_aug36.jpg
OS (4)_aug44.jpg,DT1,matured,Tender,0.9211708903312683,C:/Users/HP/Desktop/Tea/iTeaGrow---Research-Project/MobileNetV3-Tea-Maturity/gradcam_outputs_final\DT1_matured\OS (4)_aug44.jpg
OS (4)_aug59.jpg,DT1,matured,Tender,0.9245473742485046,C:/Users/HP/Desktop/Tea/iTeaGrow---Research-Project/MobileNetV3-Tea-Maturity/gradcam_outputs_final\DT1_matured\OS (4)_aug59.jpg
OS (4)_aug60.jpg,DT1,matured,Tender,0.9010827541351318,C:/Users/HP/Desktop/Tea/iTeaGrow---Research-Project/MobileNetV3-Tea-Maturity/gradcam_outputs_final\DT1_matured\OS (4)_aug60.jpg
OS (4)_aug66.jpg,DT1,matured,Tender,0.7981035709381104,C:/Users/HP/Desktop/Tea/iTeaGrow---Research-Project/MobileNetV3-Tea-Maturity/gradcam_outputs_final\DT1_matured\OS (4)_aug66.jpg
OS (4)_aug73.jpg,DT1,matured,Tender,0.9674340486526489,C:/Users/HP/Desktop/Tea/iTeaGrow---Research-Project/MobileNetV3-Tea-Maturity/gradcam_outputs_final\DT1_matured\OS (4)_aug73.jpg
OS (4)_aug8.jpg,DT1,matured,Tender,0.9457385540008545,C:/Users/HP/Desktop/Tea/iTeaGrow---Research-Project/MobileNetV3-Tea-Maturity/gradcam_outputs_final\DT1_matured\OS (4)_aug8.jpg
OS (4)_aug80.jpg,DT1,matured,Tender,0.96773362159729,C:/Users/HP/Desktop/Tea/iTeaGrow---Research-Project/MobileNetV3-Tea-Maturity/gradcam_outputs_final\DT1_matured\OS (4)_aug80.jpg
OS (5)_aug1.jpg,DT1,matured,Tender,0.783454418182373,C:/Users/HP/Desktop/Tea/iTeaGrow---Research-Project/MobileNetV3-Tea-Maturity/gradcam_outputs_final\DT1_matured\OS (5)_aug1.jpg
OS (5)_aug105.jpg,DT1,matured,Tender,0.8131267428398132,C:/Users/HP/Desktop/Tea/iTeaGrow---Research-Project/MobileNetV3-Tea-Maturity/gradcam_outputs_final\DT1_matured\OS (5)_aug105.jpg
OS (5)_aug106.jpg,DT1,matured,Tender,0.9427255392074585,C:/Users/HP/Desktop/Tea/iTeaGrow---Research-Project/MobileNetV3-Tea-Maturity/gradcam_outputs_final\DT1_matured\OS (5)_aug106.jpg
OS (5)_aug112.jpg,DT1,matured,Tender,0.9898972511291504,C:/Users/HP/Desktop/Tea/iTeaGrow---Research-Project/MobileNetV3-Tea-Maturity/gradcam_outputs_final\DT1_matured\OS (5)_aug112.jpg
OS (5)_aug115.jpg,DT1,matured,Tender,0.8780830502510071,C:/Users/HP/Desktop/Tea/iTeaGrow---Research-Project/MobileNetV3-Tea-Maturity/gradcam_outputs_final\DT1_matured\OS (5)_aug115.jpg
OS (5)_aug116.jpg,DT1,matured,Tender,0.9021037817001343,C:/Users/HP/Desktop/Tea/iTeaGrow---Research-Project/MobileNetV3-Tea-Maturity/gradcam_outputs_final\DT1_matured\OS (5)_aug116.jpg
OS (5)_aug128.jpg,DT1,matured,Tender,0.9136154651641846,C:/Users/HP/Desktop/Tea/iTeaGrow---Research-Project/MobileNetV3-Tea-Maturity/gradcam_outputs_final\DT1_matured\OS (5)_aug128.jpg
OS (5)_aug135.jpg,DT1,matured,Tender,0.9547311067581177,C:/Users/HP/Desktop/Tea/iTeaGrow---Research-Project/MobileNetV3-Tea-Maturity/gradcam_outputs_final\DT1_matured\OS (5)_aug135.jpg
OS (5)_aug15.jpg,DT1,matured,Tender,0.9416778683662415,C:/Users/HP/Desktop/Tea/iTeaGrow---Research-Project/MobileNetV3-Tea-Maturity/gradcam_outputs_final\DT1_matured\OS (5)_aug15.jpg
OS (5)_aug40.jpg,DT1,matured,Tender,0.9112521409988403,C:/Users/HP/Desktop/Tea/iTeaGrow---Research-Project/MobileNetV3-Tea-Maturity/gradcam_outputs_final\DT1_matured\OS (5)_aug40.jpg
OS (5)_aug44.jpg,DT1,matured,Tender,0.9746775031089783,C:/Users/HP/Desktop/Tea/iTeaGrow---Research-Project/MobileNetV3-Tea-Maturity/gradcam_outputs_final\DT1_matured\OS (5)_aug44.jpg
OS (5)_aug5.jpg,DT1,matured,Tender,0.9769668579101562,C:/Users/HP/Desktop/Tea/iTeaGrow---Research-Project/MobileNetV3-Tea-Maturity/gradcam_outputs_final\DT1_matured\OS (5)_aug5.jpg
OS (5)_aug60.jpg,DT1,matured,Tender,0.9923586845397949,C:/Users/HP/Desktop/Tea/iTeaGrow---Research-Project/MobileNetV3-Tea-Maturity/gradcam_outputs_final\DT1_matured\OS (5)_aug60.jpg
OS (5)_aug62.jpg,DT1,matured,Tender,0.9092919230461121,C:/Users/HP/Desktop/Tea/iTeaGrow---Research-Project/MobileNetV3-Tea-Maturity/gradcam_outputs_final\DT1_matured\OS (5)_aug62.jpg
OS (5)_aug64.jpg,DT1,matured,Tender,0.9933450222015381,C:/Users/HP/Desktop/Tea/iTeaGrow---Research-Project/MobileNetV3-Tea-Maturity/gradcam_outputs_final\DT1_matured\OS (5)_aug64.jpg
OS (5)_aug85.jpg,DT1,matured,Tender,0.9152865409851074,C:/Users/HP/Desktop/Tea/iTeaGrow---Research-Project/MobileNetV3-Tea-Maturity/gradcam_outputs_final\DT1_matured\OS (5)_aug85.jpg
OS (5)_aug87.jpg,DT1,matured,Tender,0.9599969983100891,C:/Users/HP/Desktop/Tea/iTeaGrow---Research-Project/MobileNetV3-Tea-Maturity/gradcam_outputs_final\DT1_matured\OS (5)_aug87.jpg
OS (5)_aug96.jpg,DT1,matured,Tender,0.9969885945320129,C:/Users/HP/Desktop/Tea/iTeaGrow---Research-Project/MobileNetV3-Tea-Maturity/gradcam_outputs_final\DT1_matured\OS (5)_aug96.jpg
OS (6)_aug10.jpg,DT1,matured,Tender,0.9859476089477539,C:/Users/HP/Desktop/Tea/iTeaGrow---Research-Project/MobileNetV3-Tea-Maturity/gradcam_outputs_final\DT1_matured\OS (6)_aug10.jpg
OS (6)_aug100.jpg,DT1,matured,Tender,0.9962118864059448,C:/Users/HP/Desktop/Tea/iTeaGrow---Research-Project/MobileNetV3-Tea-Maturity/gradcam_outputs_final\DT1_matured\OS (6)_aug100.jpg
OS (6)_aug21.jpg,DT1,matured,Tender,0.960254967212677,C:/Users/HP/Desktop/Tea/iTeaGrow---Research-Project/MobileNetV3-Tea-Maturity/gradcam_outputs_final\DT1_matured\OS (6)_aug21.jpg
OS (6)_aug34.jpg,DT1,matured,Tender,0.9949363470077515,C:/Users/HP/Desktop/Tea/iTeaGrow---Research-Project/MobileNetV3-Tea-Maturity/gradcam_outputs_final\DT1_matured\OS (6)_aug34.jpg
OS (6)_aug73.jpg,DT1,matured,Tender,0.9584898352622986,C:/Users/HP/Desktop/Tea/iTeaGrow---Research-Project/MobileNetV3-Tea-Maturity/gradcam_outputs_final\DT1_matured\OS (6)_aug73.jpg
OS (7)_aug10.jpg,DT1,matured,Tender,0.8617463111877441,C:/Users/HP/Desktop/Tea/iTeaGrow---Research-Project/MobileNetV3-Tea-Maturity/gradcam_outputs_final\DT1_matured\OS (7)_aug10.jpg
OS (7)_aug101.jpg,DT1,matured,Tender,0.8886501789093018,C:/Users/HP/Desktop/Tea/iTeaGrow---Research-Project/MobileNetV3-Tea-Maturity/gradcam_outputs_final\DT1_matured\OS (7)_aug101.jpg
OS (7)_aug104.jpg,DT1,matured,Tender,0.914463460445404,C:/Users/HP/Desktop/Tea/iTeaGrow---Research-Project/MobileNetV3-Tea-Maturity/gradcam_outputs_final\DT1_matured\OS (7)_aug104.jpg
OS (7)_aug113.jpg,DT1,matured,Tender,0.929955780506134,C:/Users/HP/Desktop/Tea/iTeaGrow---Research-Project/MobileNetV3-Tea-Maturity/gradcam_outputs_final\DT1_matured\OS (7)_aug113.jpg
OS (7)_aug116.jpg,DT1,matured,Tender,0.900360643863678,C:/Users/HP/Desktop/Tea/iTeaGrow---Research-Project/MobileNetV3-Tea-Maturity/gradcam_outputs_final\DT1_matured\OS (7)_aug116.jpg
OS (7)_aug117.jpg,DT1,matured,Tender,0.9169492125511169,C:/Users/HP/Desktop/Tea/iTeaGrow---Research-Project/MobileNetV3-Tea-Maturity/gradcam_outputs_final\DT1_matured\OS (7)_aug117.jpg
OS (7)_aug121.jpg,DT1,matured,Tender,0.9123955965042114,C:/Users/HP/Desktop/Tea/iTeaGrow---Research-Project/MobileNetV3-Tea-Maturity/gradcam_outputs_final\DT1_matured\OS (7)_aug121.jpg
OS (7)_aug129.jpg,DT1,matured,Tender,0.9010198712348938,C:/Users/HP/Desktop/Tea/iTeaGrow---Research-Project/MobileNetV3-Tea-Maturity/gradcam_outputs_final\DT1_matured\OS (7)_aug129.jpg
OS (7)_aug142.jpg,DT1,matured,Tender,0.8430768251419067,C:/Users/HP/Desktop/Tea/iTeaGrow---Research-Project/MobileNetV3-Tea-Maturity/gradcam_outputs_final\DT1_matured\OS (7)_aug142.jpg
OS (7)_aug21.jpg,DT1,matured,Tender,0.8889346718788147,C:/Users/HP/Desktop/Tea/iTeaGrow---Research-Project/MobileNetV3-Tea-Maturity/gradcam_outputs_final\DT1_matured\OS (7)_aug21.jpg
OS (7)_aug34.jpg,DT1,matured,Tender,0.8724578619003296,C:/Users/HP/Desktop/Tea/iTeaGrow---Research-Project/MobileNetV3-Tea-Maturity/gradcam_outputs_final\DT1_matured\OS (7)_aug34.jpg
OS (7)_aug43.jpg,DT1,matured,Tender,0.9223108291625977,C:/Users/HP/Desktop/Tea/iTeaGrow---Research-Project/MobileNetV3-Tea-Maturity/gradcam_outputs_final\DT1_matured\OS (7)_aug43.jpg
OS (7)_aug47.jpg,DT1,matured,Tender,0.9385346174240112,C:/Users/HP/Desktop/Tea/iTeaGrow---Research-Project/MobileNetV3-Tea-Maturity/gradcam_outputs_final\DT1_matured\OS (7)_aug47.jpg
OS (7)_aug62.jpg,DT1,matured,Tender,0.8538031578063965,C:/Users/HP/Desktop/Tea/iTeaGrow---Research-Project/MobileNetV3-Tea-Maturity/gradcam_outputs_final\DT1_matured\OS (7)_aug62.jpg
OS (7)_aug67.jpg,DT1,matured,Tender,0.890613853931427,C:/Users/HP/Desktop/Tea/iTeaGrow---Research-Project/MobileNetV3-Tea-Maturity/gradcam_outputs_final\DT1_matured\OS (7)_aug67.jpg
OS (7)_aug71.jpg,DT1,matured,Tender,0.9443820714950562,C:/Users/HP/Desktop/Tea/iTeaGrow---Research-Project/MobileNetV3-Tea-Maturity/gradcam_outputs_final\DT1_matured\OS (7)_aug71.jpg
OS (7)_aug82.jpg,DT1,matured,Tender,0.8665494322776794,C:/Users/HP/Desktop/Tea/iTeaGrow---Research-Project/MobileNetV3-Tea-Maturity/gradcam_outputs_final\DT1_matured\OS (7)_aug82.jpg
OS (7)_aug86.jpg,DT1,matured,Tender,0.8526804447174072,C:/Users/HP/Desktop/Tea/iTeaGrow---Research-Project/MobileNetV3-Tea-Maturity/gradcam_outputs_final\DT1_matured\OS (7)_aug86.jpg
OS (8)_aug12.jpg,DT1,matured,Tender,0.9713705778121948,C:/Users/HP/Desktop/Tea/iTeaGrow---Research-Project/MobileNetV3-Tea-Maturity/gradcam_outputs_final\DT1_matured\OS (8)_aug12.jpg
OS (8)_aug129.jpg,DT1,matured,Tender,0.9935534000396729,C:/Users/HP/Desktop/Tea/iTeaGrow---Research-Project/MobileNetV3-Tea-Maturity/gradcam_outputs_final\DT1_matured\OS (8)_aug129.jpg
OS (8)_aug37.jpg,DT1,matured,Tender,0.9988255500793457,C:/Users/HP/Desktop/Tea/iTeaGrow---Research-Project/MobileNetV3-Tea-Maturity/gradcam_outputs_final\DT1_matured\OS (8)_aug37.jpg
OS (8)_aug42.jpg,DT1,matured,Tender,0.9440209269523621,C:/Users/HP/Desktop/Tea/iTeaGrow---Research-Project/MobileNetV3-Tea-Maturity/gradcam_outputs_final\DT1_matured\OS (8)_aug42.jpg
OS (8)_aug6.jpg,DT1,matured,Tender,0.9888712167739868,C:/Users/HP/Desktop/Tea/iTeaGrow---Research-Project/MobileNetV3-Tea-Maturity/gradcam_outputs_final\DT1_matured\OS (8)_aug6.jpg
OS (8)_aug66.jpg,DT1,matured,Tender,0.8725301027297974,C:/Users/HP/Desktop/Tea/iTeaGrow---Research-Project/MobileNetV3-Tea-Maturity/gradcam_outputs_final\DT1_matured\OS (8)_aug66.jpg
OS (8)_aug72.jpg,DT1,matured,Tender,0.8833749890327454,C:/Users/HP/Desktop/Tea/iTeaGrow---Research-Project/MobileNetV3-Tea-Maturity/gradcam_outputs_final\DT1_matured\OS (8)_aug72.jpg
OS (8)_aug75.jpg,DT1,matured,Tender,0.98354172706604,C:/Users/HP/Desktop/Tea/iTeaGrow---Research-Project/MobileNetV3-Tea-Maturity/gradcam_outputs_final\DT1_matured\OS (8)_aug75.jpg
OS (8)_aug80.jpg,DT1,matured,Tender,0.9655172228813171,C:/Users/HP/Desktop/Tea/iTeaGrow---Research-Project/MobileNetV3-Tea-Maturity/gradcam_outputs_final\DT1_matured\OS (8)_aug80.jpg
OS (8)_aug81.jpg,DT1,matured,Tender,0.9932134747505188,C:/Users/HP/Desktop/Tea/iTeaGrow---Research-Project/MobileNetV3-Tea-Maturity/gradcam_outputs_final\DT1_matured\OS (8)_aug81.jpg
TTB (1)_aug30.jpg,DT1,tender,Tender,0.968289315700531,C:/Users/HP/Desktop/Tea/iTeaGrow---Research-Project/MobileNetV3-Tea-Maturity/gradcam_outputs_final\DT1_tender\TTB (1)_aug30.jpg
TTB (1)_aug31.jpg,DT1,tender,Tender,0.9286759495735168,C:/Users/HP/Desktop/Tea/iTeaGrow---Research-Project/MobileNetV3-Tea-Maturity/gradcam_outputs_final\DT1_tender\TTB (1)_aug31.jpg
TTB (1)_aug53.jpg,DT1,tender,Tender,0.8210743069648743,C:/Users/HP/Desktop/Tea/iTeaGrow---Research-Project/MobileNetV3-Tea-Maturity/gradcam_outputs_final\DT1_tender\TTB (1)_aug53.jpg
TTB (2)_aug24.jpg,DT1,tender,Tender,0.9123652577400208,C:/Users/HP/Desktop/Tea/iTeaGrow---Research-Project/MobileNetV3-Tea-Maturity/gradcam_outputs_final\DT1_tender\TTB (2)_aug24.jpg
TTB (2)_aug25.jpg,DT1,tender,Tender,0.8451563119888306,C:/Users/HP/Desktop/Tea/iTeaGrow---Research-Project/MobileNetV3-Tea-Maturity/gradcam_outputs_final\DT1_tender\TTB (2)_aug25.jpg
TTB (2)_aug28.jpg,DT1,tender,Tender,0.7992844581604004,C:/Users/HP/Desktop/Tea/iTeaGrow---Research-Project/MobileNetV3-Tea-Maturity/gradcam_outputs_final\DT1_tender\TTB (2)_aug28.jpg
TTB (2)_aug29.jpg,DT1,tender,Tender,0.8047928214073181,C:/Users/HP/Desktop/Tea/iTeaGrow---Research-Project/MobileNetV3-Tea-Maturity/gradcam_outputs_final\DT1_tender\TTB (2)_aug29.jpg
TTB (2)_aug34.jpg,DT1,tender,Tender,0.9185001850128174,C:/Users/HP/Desktop/Tea/iTeaGrow---Research-Project/MobileNetV3-Tea-Maturity/gradcam_outputs_final\DT1_tender\TTB (2)_aug34.jpg
TTB (2)_aug36.jpg,DT1,tender,Tender,0.8972611427307129,C:/Users/HP/Desktop/Tea/iTeaGrow---Research-Project/MobileNetV3-Tea-Maturity/gradcam_outputs_final\DT1_tender\TTB (2)_aug36.jpg
TTB (2)_aug54.jpg,DT1,tender,Tender,0.940080463886261,C:/Users/HP/Desktop/Tea/iTeaGrow---Research-Project/MobileNetV3-Tea-Maturity/gradcam_outputs_final\DT1_tender\TTB (2)_aug54.jpg
TTB (2)_aug55.jpg,DT1,tender,Tender,0.9325349926948547,C:/Users/HP/Desktop/Tea/iTeaGrow---Research-Project/MobileNetV3-Tea-Maturity/gradcam_outputs_final\DT1_tender\TTB (2)_aug55.jpg
TTB (2)_aug56.jpg,DT1,tender,Tender,0.7954320907592773,C:/Users/HP/Desktop/Tea/iTeaGrow---Research-Project/MobileNetV3-Tea-Maturity/gradcam_outputs_final\DT1_tender\TTB (2)_aug56.jpg
TTB (3)_aug13.jpg,DT1,tender,Tender,0.9325922131538391,C:/Users/HP/Desktop/Tea/iTeaGrow---Research-Project/MobileNetV3-Tea-Maturity/gradcam_outputs_final\DT1_tender\TTB (3)_aug13.jpg
TTB (3)_aug21.jpg,DT1,tender,Tender,0.9522750973701477,C:/Users/HP/Desktop/Tea/iTeaGrow---Research-Project/MobileNetV3-Tea-Maturity/gradcam_outputs_final\DT1_tender\TTB (3)_aug21.jpg
TTB (3)_aug24.jpg,DT1,tender,Tender,0.9097743630409241,C:/Users/HP/Desktop/Tea/iTeaGrow---Research-Project/MobileNetV3-Tea-Maturity/gradcam_outputs_final\DT1_tender\TTB (3)_aug24.jpg
TTB (3)_aug31.jpg,DT1,tender,Tender,0.9003435373306274,C:/Users/HP/Desktop/Tea/iTeaGrow---Research-Project/MobileNetV3-Tea-Maturity/gradcam_outputs_final\DT1_tender\TTB (3)_aug31.jpg
TTB (3)_aug35.jpg,DT1,tender,Tender,0.9320898056030273,C:/Users/HP/Desktop/Tea/iTeaGrow---Research-Project/MobileNetV3-Tea-Maturity/gradcam_outputs_final\DT1_tender\TTB (3)_aug35.jpg
TTB (3)_aug36.jpg,DT1,tender,Tender,0.9203165173530579,C:/Users/HP/Desktop/Tea/iTeaGrow---Research-Project/MobileNetV3-Tea-Maturity/gradcam_outputs_final\DT1_tender\TTB (3)_aug36.jpg
TTB (3)_aug38.jpg,DT1,tender,Tender,0.905522882938385,C:/Users/HP/Desktop/Tea/iTeaGrow---Research-Project/MobileNetV3-Tea-Maturity/gradcam_outputs_final\DT1_tender\TTB (3)_aug38.jpg
TTB (4)_aug22.jpg,DT1,tender,Tender,0.64522784948349,C:/Users/HP/Desktop/Tea/iTeaGrow---Research-Project/MobileNetV3-Tea-Maturity/gradcam_outputs_final\DT1_tender\TTB (4)_aug22.jpg
TTB (4)_aug35.jpg,DT1,tender,Tender,0.8269825577735901,C:/Users/HP/Desktop/Tea/iTeaGrow---Research-Project/MobileNetV3-Tea-Maturity/gradcam_outputs_final\DT1_tender\TTB (4)_aug35.jpg
TTB (4)_aug38.jpg,DT1,tender,Tender,0.7264870405197144,C:/Users/HP/Desktop/Tea/iTeaGrow---Research-Project/MobileNetV3-Tea-Maturity/gradcam_outputs_final\DT1_tender\TTB (4)_aug38.jpg
TTB (4)_aug41.jpg,DT1,tender,Tender,0.6431901454925537,C:/Users/HP/Desktop/Tea/iTeaGrow---Research-Project/MobileNetV3-Tea-Maturity/gradcam_outputs_final\DT1_tender\TTB (4)_aug41.jpg
TTB (5)_aug20.jpg,DT1,tender,Tender,0.8074392080307007,C:/Users/HP/Desktop/Tea/iTeaGrow---Research-Project/MobileNetV3-Tea-Maturity/gradcam_outputs_final\DT1_tender\TTB (5)_aug20.jpg
TTB (5)_aug24.jpg,DT1,tender,Tender,0.9026677012443542,C:/Users/HP/Desktop/Tea/iTeaGrow---Research-Project/MobileNetV3-Tea-Maturity/gradcam_outputs_final\DT1_tender\TTB (5)_aug24.jpg
TTB (5)_aug33.jpg,DT1,tender,Tender,0.8852433562278748,C:/Users/HP/Desktop/Tea/iTeaGrow---Research-Project/MobileNetV3-Tea-Maturity/gradcam_outputs_final\DT1_tender\TTB (5)_aug33.jpg
TTB (5)_aug37.jpg,DT1,tender,Tender,0.8485590219497681,C:/Users/HP/Desktop/Tea/iTeaGrow---Research-Project/MobileNetV3-Tea-Maturity/gradcam_outputs_final\DT1_tender\TTB (5)_aug37.jpg
TTB (5)_aug42.jpg,DT1,tender,Tender,0.8568263649940491,C:/Users/HP/Desktop/Tea/iTeaGrow---Research-Project/MobileNetV3-Tea-Maturity/gradcam_outputs_final\DT1_tender\TTB (5)_aug42.jpg
TTB (5)_aug6.jpg,DT1,tender,Tender,0.808612585067749,C:/Users/HP/Desktop/Tea/iTeaGrow---Research-Project/MobileNetV3-Tea-Maturity/gradcam_outputs_final\DT1_tender\TTB (5)_aug6.jpg
TTB (6)_aug18.jpg,DT1,tender,Tender,0.8937550187110901,C:/Users/HP/Desktop/Tea/iTeaGrow---Research-Project/MobileNetV3-Tea-Maturity/gradcam_outputs_final\DT1_tender\TTB (6)_aug18.jpg
TTB (6)_aug20.jpg,DT1,tender,Tender,0.8597407937049866,C:/Users/HP/Desktop/Tea/iTeaGrow---Research-Project/MobileNetV3-Tea-Maturity/gradcam_outputs_final\DT1_tender\TTB (6)_aug20.jpg
TTB (6)_aug34.jpg,DT1,tender,Tender,0.9676036834716797,C:/Users/HP/Desktop/Tea/iTeaGrow---Research-Project/MobileNetV3-Tea-Maturity/gradcam_outputs_final\DT1_tender\TTB (6)_aug34.jpg
TTB (6)_aug46.jpg,DT1,tender,Tender,0.9672131538391113,C:/Users/HP/Desktop/Tea/iTeaGrow---Research-Project/MobileNetV3-Tea-Maturity/gradcam_outputs_final\DT1_tender\TTB (6)_aug46.jpg
TTB (7)_aug23.jpg,DT1,tender,Tender,0.48315706849098206,C:/Users/HP/Desktop/Tea/iTeaGrow---Research-Project/MobileNetV3-Tea-Maturity/gradcam_outputs_final\DT1_tender\TTB (7)_aug23.jpg
TTB (7)_aug26.jpg,DT1,tender,Tender,0.8461757898330688,C:/Users/HP/Desktop/Tea/iTeaGrow---Research-Project/MobileNetV3-Tea-Maturity/gradcam_outputs_final\DT1_tender\TTB (7)_aug26.jpg
TTB (7)_aug27.jpg,DT1,tender,Tender,0.47887295484542847,C:/Users/HP/Desktop/Tea/iTeaGrow---Research-Project/MobileNetV3-Tea-Maturity/gradcam_outputs_final\DT1_tender\TTB (7)_aug27.jpg
TTB (7)_aug40.jpg,DT1,tender,Tender,0.5050956606864929,C:/Users/HP/Desktop/Tea/iTeaGrow---Research-Project/MobileNetV3-Tea-Maturity/gradcam_outputs_final\DT1_tender\TTB (7)_aug40.jpg
TTB (7)_aug43.jpg,DT1,tender,Tender,0.5053378939628601,C:/Users/HP/Desktop/Tea/iTeaGrow---Research-Project/MobileNetV3-Tea-Maturity/gradcam_outputs_final\DT1_tender\TTB (7)_aug43.jpg
TTB (7)_aug47.jpg,DT1,tender,Tender,0.8360165953636169,C:/Users/HP/Desktop/Tea/iTeaGrow---Research-Project/MobileNetV3-Tea-Maturity/gradcam_outputs_final\DT1_tender\TTB (7)_aug47.jpg
TTB (7)_aug50.jpg,DT1,tender,Tender,0.5330966114997864,C:/Users/HP/Desktop/Tea/iTeaGrow---Research-Project/MobileNetV3-Tea-Maturity/gradcam_outputs_final\DT1_tender\TTB (7)_aug50.jpg
TTB (7)_aug7.jpg,DT1,tender,Tender,0.5754784345626831,C:/Users/HP/Desktop/Tea/iTeaGrow---Research-Project/MobileNetV3-Tea-Maturity/gradcam_outputs_final\DT1_tender\TTB (7)_aug7.jpg
TTB (7)_aug8.jpg,DT1,tender,Tender,0.7664494514465332,C:/Users/HP/Desktop/Tea/iTeaGrow---Research-Project/MobileNetV3-Tea-Maturity/gradcam_outputs_final\DT1_tender\TTB (7)_aug8.jpg
TTB (8)_aug20.jpg,DT1,tender,Tender,0.940133810043335,C:/Users/HP/Desktop/Tea/iTeaGrow---Research-Project/MobileNetV3-Tea-Maturity/gradcam_outputs_final\DT1_tender\TTB (8)_aug20.jpg
TTB (8)_aug28.jpg,DT1,tender,Tender,0.8182135224342346,C:/Users/HP/Desktop/Tea/iTeaGrow---Research-Project/MobileNetV3-Tea-Maturity/gradcam_outputs_final\DT1_tender\TTB (8)_aug28.jpg
TTB (8)_aug32.jpg,DT1,tender,Tender,0.8998448252677917,C:/Users/HP/Desktop/Tea/iTeaGrow---Research-Project/MobileNetV3-Tea-Maturity/gradcam_outputs_final\DT1_tender\TTB (8)_aug32.jpg
TTB (8)_aug35.jpg,DT1,tender,Tender,0.8690399527549744,C:/Users/HP/Desktop/Tea/iTeaGrow---Research-Project/MobileNetV3-Tea-Maturity/gradcam_outputs_final\DT1_tender\TTB (8)_aug35.jpg
TTB (8)_aug39.jpg,DT1,tender,Tender,0.5607898235321045,C:/Users/HP/Desktop/Tea/iTeaGrow---Research-Project/MobileNetV3-Tea-Maturity/gradcam_outputs_final\DT1_tender\TTB (8)_aug39.jpg
TTB (8)_aug4.jpg,DT1,tender,Tender,0.543235719203949,C:/Users/HP/Desktop/Tea/iTeaGrow---Research-Project/MobileNetV3-Tea-Maturity/gradcam_outputs_final\DT1_tender\TTB (8)_aug4.jpg
TTB (8)_aug44.jpg,DT1,tender,Tender,0.6156700253486633,C:/Users/HP/Desktop/Tea/iTeaGrow---Research-Project/MobileNetV3-Tea-Maturity/gradcam_outputs_final\DT1_tender\TTB (8)_aug44.jpg
TTB (8)_aug54.jpg,DT1,tender,Tender,0.6880464553833008,C:/Users/HP/Desktop/Tea/iTeaGrow---Research-Project/MobileNetV3-Tea-Maturity/gradcam_outputs_final\DT1_tender\TTB (8)_aug54.jpg
TTB (9)_aug13.jpg,DT1,tender,Tender,0.9510871767997742,C:/Users/HP/Desktop/Tea/iTeaGrow---Research-Project/MobileNetV3-Tea-Maturity/gradcam_outputs_final\DT1_tender\TTB (9)_aug13.jpg
TTB (9)_aug17.jpg,DT1,tender,Tender,0.6498008966445923,C:/Users/HP/Desktop/Tea/iTeaGrow---Research-Project/MobileNetV3-Tea-Maturity/gradcam_outputs_final\DT1_tender\TTB (9)_aug17.jpg
TTB (9)_aug22.jpg,DT1,tender,Tender,0.9579004049301147,C:/Users/HP/Desktop/Tea/iTeaGrow---Research-Project/MobileNetV3-Tea-Maturity/gradcam_outputs_final\DT1_tender\TTB (9)_aug22.jpg
TTB (9)_aug32.jpg,DT1,tender,Tender,0.8598899841308594,C:/Users/HP/Desktop/Tea/iTeaGrow---Research-Project/MobileNetV3-Tea-Maturity/gradcam_outputs_final\DT1_tender\TTB (9)_aug32.jpg
TTB (9)_aug37.jpg,DT1,tender,Tender,0.8865721821784973,C:/Users/HP/Desktop/Tea/iTeaGrow---Research-Project/MobileNetV3-Tea-Maturity/gradcam_outputs_final\DT1_tender\TTB (9)_aug37.jpg
TTB (9)_aug44.jpg,DT1,tender,Tender,0.8213033080101013,C:/Users/HP/Desktop/Tea/iTeaGrow---Research-Project/MobileNetV3-Tea-Maturity/gradcam_outputs_final\DT1_tender\TTB (9)_aug44.jpg
TTB (9)_aug57.jpg,DT1,tender,Tender,0.7471204400062561,C:/Users/HP/Desktop/Tea/iTeaGrow---Research-Project/MobileNetV3-Tea-Maturity/gradcam_outputs_final\DT1_tender\TTB (9)_aug57.jpg
TTTB (1)_aug2.jpg,DT1,tender,Tender,0.9421394467353821,C:/Users/HP/Desktop/Tea/iTeaGrow---Research-Project/MobileNetV3-Tea-Maturity/gradcam_outputs_final\DT1_tender\TTTB (1)_aug2.jpg
TTTB (10).jpg,DT1,tender,Tender,0.9481406211853027,C:/Users/HP/Desktop/Tea/iTeaGrow---Research-Project/MobileNetV3-Tea-Maturity/gradcam_outputs_final\DT1_tender\TTTB (10).jpg
TTTB (10)_aug14.jpg,DT1,tender,Tender,0.9546781182289124,C:/Users/HP/Desktop/Tea/iTeaGrow---Research-Project/MobileNetV3-Tea-Maturity/gradcam_outputs_final\DT1_tender\TTTB (10)_aug14.jpg
TTTB (10)_aug16.jpg,DT1,tender,Tender,0.9682453870773315,C:/Users/HP/Desktop/Tea/iTeaGrow---Research-Project/MobileNetV3-Tea-Maturity/gradcam_outputs_final\DT1_tender\TTTB (10)_aug16.jpg
TTTB (10)_aug32.jpg,DT1,tender,Tender,0.9748998284339905,C:/Users/HP/Desktop/Tea/iTeaGrow---Research-Project/MobileNetV3-Tea-Maturity/gradcam_outputs_final\DT1_tender\TTTB (10)_aug32.jpg
TTTB (10)_aug34.jpg,DT1,tender,Tender,0.9751278162002563,C:/Users/HP/Desktop/Tea/iTeaGrow---Research-Project/MobileNetV3-Tea-Maturity/gradcam_outputs_final\DT1_tender\TTTB (10)_aug34.jpg
TTTB (10)_aug41.jpg,DT1,tender,Tender,0.9348874092102051,C:/Users/HP/Desktop/Tea/iTeaGrow---Research-Project/MobileNetV3-Tea-Maturity/gradcam_outputs_final\DT1_tender\TTTB (10)_aug41.jpg
TTTB (10)_aug42.jpg,DT1,tender,Tender,0.952180027961731,C:/Users/HP/Desktop/Tea/iTeaGrow---Research-Project/MobileNetV3-Tea-Maturity/gradcam_outputs_final\DT1_tender\TTTB (10)_aug42.jpg
TTTB (10)_aug50.jpg,DT1,tender,Tender,0.9626909494400024,C:/Users/HP/Desktop/Tea/iTeaGrow---Research-Project/MobileNetV3-Tea-Maturity/gradcam_outputs_final\DT1_tender\TTTB (10)_aug50.jpg
TTTB (10)_aug52.jpg,DT1,tender,Tender,0.9294221997261047,C:/Users/HP/Desktop/Tea/iTeaGrow---Research-Project/MobileNetV3-Tea-Maturity/gradcam_outputs_final\DT1_tender\TTTB (10)_aug52.jpg
TTTB (10)_aug7.jpg,DT1,tender,Tender,0.9737760424613953,C:/Users/HP/Desktop/Tea/iTeaGrow---Research-Project/MobileNetV3-Tea-Maturity/gradcam_outputs_final\DT1_tender\TTTB (10)_aug7.jpg
TTTB (11).jpg,DT1,tender,Tender,0.6876935362815857,C:/Users/HP/Desktop/Tea/iTeaGrow---Research-Project/MobileNetV3-Tea-Maturity/gradcam_outputs_final\DT1_tender\TTTB (11).jpg
TTTB (11)_aug2.jpg,DT1,tender,Tender,0.4344015419483185,C:/Users/HP/Desktop/Tea/iTeaGrow---Research-Project/MobileNetV3-Tea-Maturity/gradcam_outputs_final\DT1_tender\TTTB (11)_aug2.jpg
TTTB (11)_aug29.jpg,DT1,tender,Tender,0.5962666869163513,C:/Users/HP/Desktop/Tea/iTeaGrow---Research-Project/MobileNetV3-Tea-Maturity/gradcam_outputs_final\DT1_tender\TTTB (11)_aug29.jpg
TTTB (11)_aug42.jpg,DT1,tender,Tender,0.1990138441324234,C:/Users/HP/Desktop/Tea/iTeaGrow---Research-Project/MobileNetV3-Tea-Maturity/gradcam_outputs_final\DT1_tender\TTTB (11)_aug42.jpg
TTTB (11)_aug45.jpg,DT1,tender,Tender,0.640105128288269,C:/Users/HP/Desktop/Tea/iTeaGrow---Research-Project/MobileNetV3-Tea-Maturity/gradcam_outputs_final\DT1_tender\TTTB (11)_aug45.jpg
TTTB (11)_aug5.jpg,DT1,tender,Tender,0.37525346875190735,C:/Users/HP/Desktop/Tea/iTeaGrow---Research-Project/MobileNetV3-Tea-Maturity/gradcam_outputs_final\DT1_tender\TTTB (11)_aug5.jpg
TTTB (11)_aug53.jpg,DT1,tender,Tender,0.5159844756126404,C:/Users/HP/Desktop/Tea/iTeaGrow---Research-Project/MobileNetV3-Tea-Maturity/gradcam_outputs_final\DT1_tender\TTTB (11)_aug53.jpg
TTTB (12)_aug1.jpg,DT1,tender,Tender,0.6774260997772217,C:/Users/HP/Desktop/Tea/iTeaGrow---Research-Project/MobileNetV3-Tea-Maturity/gradcam_outputs_final\DT1_tender\TTTB (12)_aug1.jpg
TTTB (12)_aug15.jpg,DT1,tender,Tender,0.718121349811554,C:/Users/HP/Desktop/Tea/iTeaGrow---Research-Project/MobileNetV3-Tea-Maturity/gradcam_outputs_final\DT1_tender\TTTB (12)_aug15.jpg
TTTB (12)_aug33.jpg,DT1,tender,Tender,0.700549840927124,C:/Users/HP/Desktop/Tea/iTeaGrow---Research-Project/MobileNetV3-Tea-Maturity/gradcam_outputs_final\DT1_tender\TTTB (12)_aug33.jpg
TTTB (12)_aug4.jpg,DT1,tender,Tender,0.9173607230186462,C:/Users/HP/Desktop/Tea/iTeaGrow---Research-Project/MobileNetV3-Tea-Maturity/gradcam_outputs_final\DT1_tender\TTTB (12)_aug4.jpg
TTTB (12)_aug42.jpg,DT1,tender,Tender,0.8366529941558838,C:/Users/HP/Desktop/Tea/iTeaGrow---Research-Project/MobileNetV3-Tea-Maturity/gradcam_outputs_final\DT1_tender\TTTB (12)_aug42.jpg
TTTB (2)_aug17.jpg,DT1,tender,Tender,0.9913058280944824,C:/Users/HP/Desktop/Tea/iTeaGrow---Research-Project/MobileNetV3-Tea-Maturity/gradcam_outputs_final\DT1_tender\TTTB (2)_aug17.jpg
TTTB (2)_aug38.jpg,DT1,tender,Tender,0.9750542044639587,C:/Users/HP/Desktop/Tea/iTeaGrow---Research-Project/MobileNetV3-Tea-Maturity/gradcam_outputs_final\DT1_tender\TTTB (2)_aug38.jpg
TTTB (2)_aug45.jpg,DT1,tender,Tender,0.9834145307540894,C:/Users/HP/Desktop/Tea/iTeaGrow---Research-Project/MobileNetV3-Tea-Maturity/gradcam_outputs_final\DT1_tender\TTTB (2)_aug45.jpg
TTTB (3)_aug1.jpg,DT1,tender,Tender,0.948705792427063,C:/Users/HP/Desktop/Tea/iTeaGrow---Research-Project/MobileNetV3-Tea-Maturity/gradcam_outputs_final\DT1_tender\TTTB (3)_aug1.jpg
TTTB (3)_aug22.jpg,DT1,tender,Tender,0.6814996004104614,C:/Users/HP/Desktop/Tea/iTeaGrow---Research-Project/MobileNetV3-Tea-Maturity/gradcam_outputs_final\DT1_tender\TTTB (3)_aug22.jpg
TTTB (3)_aug30.jpg,DT1,tender,Tender,0.8603856563568115,C:/Users/HP/Desktop/Tea/iTeaGrow---Research-Project/MobileNetV3-Tea-Maturity/gradcam_outputs_final\DT1_tender\TTTB (3)_aug30.jpg
TTTB (3)_aug43.jpg,DT1,tender,Tender,0.6024090051651001,C:/Users/HP/Desktop/Tea/iTeaGrow---Research-Project/MobileNetV3-Tea-Maturity/gradcam_outputs_final\DT1_tender\TTTB (3)_aug43.jpg
TTTB (4)_aug15.jpg,DT1,tender,Tender,0.8694401979446411,C:/Users/HP/Desktop/Tea/iTeaGrow---Research-Project/MobileNetV3-Tea-Maturity/gradcam_outputs_final\DT1_tender\TTTB (4)_aug15.jpg
TTTB (4)_aug18.jpg,DT1,tender,Tender,0.9586161375045776,C:/Users/HP/Desktop/Tea/iTeaGrow---Research-Project/MobileNetV3-Tea-Maturity/gradcam_outputs_final\DT1_tender\TTTB (4)_aug18.jpg
TTTB (4)_aug23.jpg,DT1,tender,Tender,0.7754920125007629,C:/Users/HP/Desktop/Tea/iTeaGrow---Research-Project/MobileNetV3-Tea-Maturity/gradcam_outputs_final\DT1_tender\TTTB (4)_aug23.jpg
TTTB (4)_aug24.jpg,DT1,tender,Tender,0.8919512033462524,C:/Users/HP/Desktop/Tea/iTeaGrow---Research-Project/MobileNetV3-Tea-Maturity/gradcam_outputs_final\DT1_tender\TTTB (4)_aug24.jpg
TTTB (4)_aug33.jpg,DT1,tender,Tender,0.9636543989181519,C:/Users/HP/Desktop/Tea/iTeaGrow---Research-Project/MobileNetV3-Tea-Maturity/gradcam_outputs_final\DT1_tender\TTTB (4)_aug33.jpg
TTTB (4)_aug4.jpg,DT1,tender,Tender,0.9146322011947632,C:/Users/HP/Desktop/Tea/iTeaGrow---Research-Project/MobileNetV3-Tea-Maturity/gradcam_outputs_final\DT1_tender\TTTB (4)_aug4.jpg
TTTB (4)_aug40.jpg,DT1,tender,Tender,0.8447928428649902,C:/Users/HP/Desktop/Tea/iTeaGrow---Research-Project/MobileNetV3-Tea-Maturity/gradcam_outputs_final\DT1_tender\TTTB (4)_aug40.jpg
TTTB (4)_aug5.jpg,DT1,tender,Tender,0.8855297565460205,C:/Users/HP/Desktop/Tea/iTeaGrow---Research-Project/MobileNetV3-Tea-Maturity/gradcam_outputs_final\DT1_tender\TTTB (4)_aug5.jpg
TTTB (4)_aug57.jpg,DT1,tender,Tender,0.7286775708198547,C:/Users/HP/Desktop/Tea/iTeaGrow---Research-Project/MobileNetV3-Tea-Maturity/gradcam_outputs_final\DT1_tender\TTTB (4)_aug57.jpg
TTTB (5)_aug10.jpg,DT1,tender,Tender,0.8887896537780762,C:/Users/HP/Desktop/Tea/iTeaGrow---Research-Project/MobileNetV3-Tea-Maturity/gradcam_outputs_final\DT1_tender\TTTB (5)_aug10.jpg
TTTB (5)_aug20.jpg,DT1,tender,Tender,0.9494074583053589,C:/Users/HP/Desktop/Tea/iTeaGrow---Research-Project/MobileNetV3-Tea-Maturity/gradcam_outputs_final\DT1_tender\TTTB (5)_aug20.jpg
TTTB (5)_aug26.jpg,DT1,tender,Tender,0.9716697931289673,C:/Users/HP/Desktop/Tea/iTeaGrow---Research-Project/MobileNetV3-Tea-Maturity/gradcam_outputs_final\DT1_tender\TTTB (5)_aug26.jpg
TTTB (5)_aug35.jpg,DT1,tender,Tender,0.9406874775886536,C:/Users/HP/Desktop/Tea/iTeaGrow---Research-Project/MobileNetV3-Tea-Maturity/gradcam_outputs_final\DT1_tender\TTTB (5)_aug35.jpg
TTTB (5)_aug40.jpg,DT1,tender,Tender,0.9837644100189209,C:/Users/HP/Desktop/Tea/iTeaGrow---Research-Project/MobileNetV3-Tea-Maturity/gradcam_outputs_final\DT1_tender\TTTB (5)_aug40.jpg
TTTB (5)_aug8.jpg,DT1,tender,Tender,0.905855655670166,C:/Users/HP/Desktop/Tea/iTeaGrow---Research-Project/MobileNetV3-Tea-Maturity/gradcam_outputs_final\DT1_tender\TTTB (5)_aug8.jpg
TTTB (6)_aug20.jpg,DT1,tender,Tender,0.6237122416496277,C:/Users/HP/Desktop/Tea/iTeaGrow---Research-Project/MobileNetV3-Tea-Maturity/gradcam_outputs_final\DT1_tender\TTTB (6)_aug20.jpg
TTTB (6)_aug27.jpg,DT1,tender,Tender,0.9559684991836548,C:/Users/HP/Desktop/Tea/iTeaGrow---Research-Project/MobileNetV3-Tea-Maturity/gradcam_outputs_final\DT1_tender\TTTB (6)_aug27.jpg
TTTB (6)_aug28.jpg,DT1,tender,Tender,0.8139901757240295,C:/Users/HP/Desktop/Tea/iTeaGrow---Research-Project/MobileNetV3-Tea-Maturity/gradcam_outputs_final\DT1_tender\TTTB (6)_aug28.jpg
TTTB (6)_aug3.jpg,DT1,tender,Tender,0.936980664730072,C:/Users/HP/Desktop/Tea/iTeaGrow---Research-Project/MobileNetV3-Tea-Maturity/gradcam_outputs_final\DT1_tender\TTTB (6)_aug3.jpg
TTTB (6)_aug54.jpg,DT1,tender,Tender,0.7181501984596252,C:/Users/HP/Desktop/Tea/iTeaGrow---Research-Project/MobileNetV3-Tea-Maturity/gradcam_outputs_final\DT1_tender\TTTB (6)_aug54.jpg
TTTB (6)_aug7.jpg,DT1,tender,Tender,0.7990425825119019,C:/Users/HP/Desktop/Tea/iTeaGrow---Research-Project/MobileNetV3-Tea-Maturity/gradcam_outputs_final\DT1_tender\TTTB (6)_aug7.jpg
TTTB (6)_aug9.jpg,DT1,tender,Tender,0.7387707233428955,C:/Users/HP/Desktop/Tea/iTeaGrow---Research-Project/MobileNetV3-Tea-Maturity/gradcam_outputs_final\DT1_tender\TTTB (6)_aug9.jpg
TTTB (7)_aug32.jpg,DT1,tender,Tender,0.7751060128211975,C:/Users/HP/Desktop/Tea/iTeaGrow---Research-Project/MobileNetV3-Tea-Maturity/gradcam_outputs_final\DT1_tender\TTTB (7)_aug32.jpg
TTTB (7)_aug35.jpg,DT1,tender,Tender,0.6495770215988159,C:/Users/HP/Desktop/Tea/iTeaGrow---Research-Project/MobileNetV3-Tea-Maturity/gradcam_outputs_final\DT1_tender\TTTB (7)_aug35.jpg
TTTB (7)_aug57.jpg,DT1,tender,Tender,0.6905633807182312,C:/Users/HP/Desktop/Tea/iTeaGrow---Research-Project/MobileNetV3-Tea-Maturity/gradcam_outputs_final\DT1_tender\TTTB (7)_aug57.jpg
TTTB (8)_aug14.jpg,DT1,tender,Tender,0.9481216073036194,C:/Users/HP/Desktop/Tea/iTeaGrow---Research-Project/MobileNetV3-Tea-Maturity/gradcam_outputs_final\DT1_tender\TTTB (8)_aug14.jpg
TTTB (8)_aug25.jpg,DT1,tender,Tender,0.6593895554542542,C:/Users/HP/Desktop/Tea/iTeaGrow---Research-Project/MobileNetV3-Tea-Maturity/gradcam_outputs_final\DT1_tender\TTTB (8)_aug25.jpg
TTTB (8)_aug3.jpg,DT1,tender,Tender,0.8394562602043152,C:/Users/HP/Desktop/Tea/iTeaGrow---Research-Project/MobileNetV3-Tea-Maturity/gradcam_outputs_final\DT1_tender\TTTB (8)_aug3.jpg
TTTB (8)_aug36.jpg,DT1,tender,Tender,0.6630731821060181,C:/Users/HP/Desktop/Tea/iTeaGrow---Research-Project/MobileNetV3-Tea-Maturity/gradcam_outputs_final\DT1_tender\TTTB (8)_aug36.jpg
TTTB (8)_aug41.jpg,DT1,tender,Tender,0.8267928957939148,C:/Users/HP/Desktop/Tea/iTeaGrow---Research-Project/MobileNetV3-Tea-Maturity/gradcam_outputs_final\DT1_tender\TTTB (8)_aug41.jpg
TTTB (8)_aug43.jpg,DT1,tender,Tender,0.6968408226966858,C:/Users/HP/Desktop/Tea/iTeaGrow---Research-Project/MobileNetV3-Tea-Maturity/gradcam_outputs_final\DT1_tender\TTTB (8)_aug43.jpg
TTTB (8)_aug51.jpg,DT1,tender,Tender,0.8521769642829895,C:/Users/HP/Desktop/Tea/iTeaGrow---Research-Project/MobileNetV3-Tea-Maturity/gradcam_outputs_final\DT1_tender\TTTB (8)_aug51.jpg
TTTB (9)_aug14.jpg,DT1,tender,Tender,0.9930697679519653,C:/Users/HP/Desktop/Tea/iTeaGrow---Research-Project/MobileNetV3-Tea-Maturity/gradcam_outputs_final\DT1_tender\TTTB (9)_aug14.jpg
TTTB (9)_aug24.jpg,DT1,tender,Tender,0.9927194118499756,C:/Users/HP/Desktop/Tea/iTeaGrow---Research-Project/MobileNetV3-Tea-Maturity/gradcam_outputs_final\DT1_tender\TTTB (9)_aug24.jpg
TTTB (9)_aug43.jpg,DT1,tender,Tender,0.9877676963806152,C:/Users/HP/Desktop/Tea/iTeaGrow---Research-Project/MobileNetV3-Tea-Maturity/gradcam_outputs_final\DT1_tender\TTTB (9)_aug43.jpg
TTTB (9)_aug45.jpg,DT1,tender,Tender,0.9720081090927124,C:/Users/HP/Desktop/Tea/iTeaGrow---Research-Project/MobileNetV3-Tea-Maturity/gradcam_outputs_final\DT1_tender\TTTB (9)_aug45.jpg
