Actual_Yield_kg,Predicted_Yield_kg,Prediction_Error_kg,Error_Percent,Log_Efficiency_Actual,Log_Efficiency_Predicted,Labor_Count,Yield_per_Worker_Actual,Yield_per_Worker_Predicted
1078.63,1087.7245908750194,-9.094590875019321,-0.8431613134271548,2.797829964793013,2.805716556082989,70,15.409,15.538922726785993
1610.14,1610.0282814862383,0.1117185137618435,0.006938434779698877,2.9707916417036384,2.9707258120189928,87,18.507356321839083,18.506072200991245
1013.8,1084.3475988909868,-70.54759889098682,-6.958729423060447,2.615386516238791,2.67788957351488,80,12.6725,13.554344986137334
1142.78,1114.8824553175082,27.897544682491798,2.4411999407140303,2.998046260885721,2.9745788213243687,60,19.046333333333333,18.581374255291802
1399.43,3221.1372311701703,-1821.7072311701702,-130.17494488257148,2.882597304422557,3.684090060839522,83,16.860602409638556,38.80888230325506
1890.46,1843.40474623539,47.05525376461014,2.489090156078951,3.0498073335393445,3.0258098145155996,94,20.11127659574468,19.61068878973819
1412.3,1407.8194067314696,4.480593268530356,0.3172550639758094,2.902693901483094,2.899690940793583,82,17.223170731707317,17.168529350383775
4164.88,3007.7937172615525,1157.0862827384476,27.781983700333445,3.889208398395836,3.5715684139235124,87,47.872183908045976,34.572341577718994
1462.62,1522.929225080548,-60.309225080548,-4.123369370072063,2.879856899911444,2.918037378780375,87,16.811724137931034,17.504933621615493
1063.52,1075.088858233879,-11.568858233878927,-1.0877894382690432,2.8257403634576104,2.8359215771096298,67,15.873432835820894,16.046102361699685
1220.49,1229.0659117662503,-8.575911766250329,-0.702661370945303,2.970018116637569,2.976662127928794,66,18.492272727272727,18.622210784337128
4094.91,2775.76959987195,1319.1404001280498,32.21414878783783,4.072010141089691,3.691260279625065,71,57.67478873239436,39.09534647706972
1083.23,1063.8854299176637,19.344570082336304,1.7858229630213625,2.8290785098212266,2.8121323381448264,68,15.92985294117647,15.645373969377408
1393.6,1392.7056603171873,0.8943396828126424,0.06417477632122864,3.053864448239592,3.053252788711087,69,20.19710144927536,20.184140004596916
3405.73,1608.2346532603751,1797.495346739625,52.77856279680494,3.7502871265115623,3.0259033990974253,82,41.53329268292683,19.612617722687503
3306.83,2001.5652318391826,1305.2647681608173,39.471783192992,4.226634112651123,3.7340504588656502,49,67.48632653061225,40.84827003753434
1661.4,1780.863369514392,-119.46336951439184,-7.190524227422164,3.033922235885897,3.1001262702369354,84,19.77857142857143,21.200754398980855
974.85,1002.5288640592044,-27.67886405920433,-2.8392946667902064,2.772444481068293,2.798714513772936,65,14.997692307692308,15.42352098552622
1440.26,1513.9386539568402,-73.67865395684021,-5.115649532503868,2.843902867522334,2.8909575126234945,89,16.18269662921348,17.010546673672362
1906.39,2302.231933006217,-395.8419330062168,-20.763953493577745,3.0181275753784056,3.198353171748832,98,19.45295918367347,23.49216258169609
936.32,989.5968425746345,-53.27684257463443,-5.690025052827498,2.8255268495882944,2.877670765141621,59,15.869830508474577,16.77282784024804
1201.31,1262.8230065278808,-61.51300652788086,-5.120494004701606,2.885909547857949,2.9331246618669407,71,16.919859154929576,17.7862395285617
1899.97,1828.718896251731,71.25110374826909,3.750117304392653,3.106735826051824,3.0702553141003537,89,21.34797752808989,20.547403328671134
1357.96,1323.7598572850495,34.200142714950516,2.5184941172752153,2.7991919253406,2.7752555163666726,88,15.431363636363637,15.042725650966473
1328.0,1472.2892002363176,-144.28920023631758,-10.865150620204638,2.9943026807443966,3.092527843280226,70,18.97142857142857,21.03270286051882
2669.57,2146.074634916858,523.4953650831421,19.609726101325013,3.549388202946708,3.3380978853535965,79,33.7920253164557,27.16550170780833
1089.66,1107.6380391804173,-17.978039180417227,-1.649876032929283,3.001557379894394,3.0171143539067797,57,19.11684210526316,19.43224630141083
1749.81,2206.166003852332,-456.3560038523319,-26.080317511748813,3.1299407806347705,3.3526048246525377,80,21.872625,27.57707504815415
1203.05,1199.4441300668261,3.6058699331738353,0.29972735407288437,2.861065206941612,2.8582354006674753,73,16.480136986301368,16.43074150776474
1087.96,1065.6985009698099,22.26149903019018,2.0461688876604085,2.7537984202072705,2.734453940371764,74,14.702162162162162,14.40133109418662
892.16,886.5493257965143,5.610674203485701,0.6288865454050507,2.661365282034962,2.65549853561355,67,13.315820895522387,13.232079489500213
778.03,792.1482326805681,-14.118232680568099,-1.8146128916067632,2.6213725985080307,2.638059446275304,61,12.754590163934425,12.986036601320787
2436.3,1387.3654655319642,1048.934534468036,43.054407686575374,3.51106771279781,2.970322471958565,75,32.484,18.498206207092856
1140.36,1126.6944607415048,13.665539258495073,1.1983530866125676,2.836819097313681,2.825473827988288,71,16.061408450704224,15.868936066781758
1047.2,1058.3541533916293,-11.15415339162928,-1.0651406982075324,2.730803078627341,2.740711118924095,73,14.345205479452055,14.498002101255196
1213.8,1206.2312410455438,7.568758954456143,0.6235589845490315,2.8694543542164803,2.863555142403921,73,16.627397260273973,16.523715630760876
1162.12,1166.1605840835293,-4.040584083529438,-0.3476907792249887,2.9676593509732805,2.9709520370339755,63,18.446349206349204,18.510485461643324
1364.18,1538.397931011703,-174.21793101170283,-12.770890279266872,2.8699616290351,2.983707787225466,82,16.636341463414634,18.7609503781915
1020.98,1016.4774992946085,4.502500705391526,0.44099793388621966,3.045437052015965,3.0412280342121503,51,20.01921568627451,19.930931358717814
1465.96,1455.6569174511155,10.303082548884504,0.702821533253602,2.949597839069898,2.942915348238121,81,18.098271604938272,17.971073054952043
1491.24,1539.0050947349416,-47.76509473494161,-3.20304543433261,2.954173218853718,2.9840824174244984,82,18.185853658536587,18.76835481384075
4105.25,3063.002629483726,1042.2473705162738,25.388158346416756,3.9572950836220127,3.670907238739221,80,51.315625,38.28753286854658
947.37,966.7787275479535,-19.408727547953504,-2.048695604457974,2.689886230474539,2.708802311962055,69,13.73,14.01128590649208
961.7,952.6669749788451,9.033025021154913,0.9392768036970898,2.703886957445488,2.6950843568786444,69,13.93768115942029,13.806767753316596
1245.38,1259.1232104357582,-13.743210435758101,-1.1035355020763222,2.686860238274598,2.6970916277404973,91,13.685494505494507,13.836518795997343
946.08,942.639191937878,3.4408080621220734,0.36369102635317024,2.90150151096923,2.89805849458649,55,17.201454545454546,17.13889439887051
1081.17,1057.5057881572145,23.664211842785562,2.1887595699830333,2.710791030340405,2.690146984298737,77,14.041168831168832,13.733841404639149
1369.18,1400.1510106861554,-30.971010686155296,-2.262011619082611,2.67801960441485,2.6988669164513097,101,13.556237623762376,13.86288129392233
1167.12,1116.6735844266075,50.446415573392414,4.322298955839367,2.8586695020388837,2.8170718245440063,71,16.438309859154927,15.727796963755035
1565.85,1768.5759513445382,-202.72595134453832,-12.946703154487233,2.933524367754702,3.0491523693414364,88,17.79375,20.09745399255157
923.91,936.6331765076111,-12.723176507611129,-1.3771012877456819,2.8454294444028894,2.8583168329921462,57,16.20894736842105,16.4321609913616
2130.53,1636.842619939272,493.6873800607282,23.172045456329087,3.3310872497441157,3.0782117100528597,79,26.968734177215193,20.71952683467433
833.52,858.1508142370512,-24.630814237051254,-2.9550357804313343,2.716511478460583,2.74373447964474,59,14.127457627118643,14.544929054865275
935.99,933.0102511201474,2.97974887985265,0.318352640503921,2.6922296348666026,2.6892573149659444,68,13.764558823529413,13.72073898706099
1386.0,1368.857540683097,17.142459316902887,1.23682967654422,3.0081547935525483,2.9963276106689403,72,19.25,19.011910287265238
836.33,851.4891853784752,-15.159185378475172,-1.8125841926602146,2.6013953157709624,2.6180375109744025,67,12.482537313432836,12.708793811619033
1030.92,1044.8032150825472,-13.883215082547167,-1.3466820977910183,2.854388127773951,2.8669995214261763,63,16.363809523809525,16.58417801718329
884.25,943.3692243156526,-59.11922431565256,-6.6858042765793115,2.573605149209013,2.6335325307322037,73,12.113013698630137,12.92286608651579
1220.4,1195.6673018964589,24.732698103541225,2.02660587541308,2.887590114934288,2.868267601345567,72,16.950000000000003,16.606490304117486
2372.89,2287.3232377336144,85.56676226638547,3.606014702172687,3.787444661143031,3.7515653672212563,55,43.143454545454546,41.587695231520264
4366.53,2627.4869202323166,1739.0430797676831,39.826660523749595,3.981713143808189,3.4860429652999425,83,52.608795180722886,31.656468918461645
1863.0,1865.9924865830535,-2.9924865830535055,-0.16062729914404217,2.9962423475257745,2.997767184667812,98,19.010204081632654,19.04073965901075
887.08,879.2442306068851,7.8357693931149015,0.8833216162144226,2.9694310762179463,2.9610159833954155,48,18.480833333333333,18.31758813764344
2141.05,3155.2009678144473,-1014.1509678144471,-47.36699132736027,3.1288394690767865,3.5024272251181454,98,21.84744897959184,32.195928243004566
1525.5,2017.1206690217045,-491.62066902170454,-32.22685473757486,2.797835504974565,3.062219968165501,99,15.409090909090908,20.37495625274449
1092.83,1126.2571649500721,-33.42716495007221,-3.0587708015036386,2.8373828403052626,2.865771946615488,68,16.071029411764705,16.562605366912827
703.72,690.6513905038769,13.068609496123145,1.857075185602675,2.832838942425869,2.8152064541452186,44,15.993636363636364,15.696622511451748
991.67,1015.5100733616696,-23.840073361669624,-2.404032930477843,2.8482112085302678,2.8706058100993266,61,16.25688524590164,16.647706120683107
1531.66,1512.3547408396178,19.30525916038232,1.2604141363215282,2.968039079380594,2.9560107907432602,83,18.453734939759038,18.22114145589901
1289.28,1419.3382491392863,-130.05824913928632,-10.087665141729207,2.9264556044617565,3.0176400224592133,73,17.661369863013697,19.4429897142368
1167.0,1205.0522111660284,-38.05221116602843,-3.260686475238083,2.8196076920004374,2.8498095294070254,74,15.77027027027027,16.284489340081464
1536.07,1503.4854313947822,32.58456860521778,2.1212945116575272,2.9046698010269907,2.8844148694115996,89,17.259213483146066,16.893094734772834
1551.53,1644.2989418665004,-92.76894186650043,-5.979190983513076,3.0034370830321158,3.0587064594111286,81,19.154691358024692,20.299986936623462
1224.52,1535.3497729127962,-310.8297729127962,-25.383805320680448,3.032561792611057,3.2489667579194377,62,19.75032258064516,24.76370601472252
1367.0,1456.2476796607443,-89.24767966074432,-6.528725651846695,2.8054243651273865,2.864955317529566,88,15.534090909090908,16.548269087053914
1660.95,1637.8780784316245,23.0719215683755,1.3890798379466873,3.092163803696493,3.0788149974244474,79,21.024683544303798,20.73263390419778
1065.96,1074.4198907137747,-8.459890713774712,-0.793640541274974,2.786738145344201,2.794157899885874,70,15.228,15.348855581625353
1270.08,1277.2519141391156,-7.171914139115643,-0.5646820782246507,2.938550661433365,2.943884276896219,71,17.888450704225352,17.989463579424164
1574.27,1543.3776651135624,30.89233488643754,1.9623276113015897,3.0410625713985184,3.022200194263067,79,19.92746835443038,19.536426140678007
1360.81,1364.34421972834,-3.5342197283400765,-0.25971441482206015,2.801160994331119,2.803597418739457,88,15.46375,15.503911587822046
2452.5,2165.7480009118685,286.75199908813147,11.692232378720957,3.874600674216244,3.7530038274151285,52,47.16346153846154,41.64900001753593
1436.48,1487.6846357551935,-51.20463575519352,-3.5645909274889678,2.8628443520184543,2.8959021812896495,87,16.511264367816093,17.099823399484983
1262.08,1264.0735541376491,-1.9935541376491983,-0.15795782657590632,2.831782686007659,2.8332681110878593,79,15.975696202531644,16.000931065033534
1253.55,1241.9424020723905,11.607597927609504,0.9259780565282202,3.0246461469998738,3.0157971229562186,64,19.58671875,19.4053500323811
1394.3,1349.8830737091707,44.416926290829224,3.1856075658631013,3.082389110089641,3.0515221001054407,67,20.81044776119403,20.147508562823443
1470.84,1481.393940204265,-10.553940204265018,-0.7175450901705841,2.976459126311669,2.98324574166926,79,18.618227848101263,18.751822027902087
1117.8,1119.089849048012,-1.2898490480120017,-0.11539175595025959,3.059816145899916,3.0609153446359842,55,20.323636363636364,20.34708816450931
2596.03,811.4170576335428,1784.6129423664574,68.74392600880796,4.02953366356761,2.904942460836702,47,55.234680851063835,17.264192715607294
1731.96,1717.0900746520467,14.869925347953313,0.8585605526659571,3.0292329873291366,3.0210289578979883,88,19.68136363636364,19.512387211955076
1580.04,1591.3007883485716,-11.260788348571623,-0.7126900805404688,2.97495316965968,2.981693476437667,85,18.58870588235294,18.721185745277314
1265.55,1273.9637781653612,-8.413778165361236,-0.6648317463048664,2.990157059397204,2.9964512524635367,67,18.888805970149253,19.014384748736735
1899.91,1920.6221705906933,-20.712170590693177,-1.090165881051901,2.9676274138255847,2.9779153501425055,103,18.445728155339808,18.646817190200906
1678.35,1749.2136943950882,-70.86369439508826,-4.222223874346129,2.8688828912152786,2.9079359050441203,101,16.617326732673266,17.318947469258298
1992.9,2488.2494369644155,-495.3494369644154,-24.855709617362407,3.1103562026198257,3.323429345430897,93,21.429032258064517,26.75537028993995
734.38,725.4343092752416,8.945690724758379,1.2181283156892044,2.8947291756120417,2.8831549644841616,43,17.07860465116279,16.870565331982363
1409.28,1416.8141422070773,-7.534142207077366,-0.5346093187356215,2.9979460375854283,3.003012560676758,74,19.044324324324325,19.146137056852396
1591.2,1664.8764099170319,-73.67640991703183,-4.630241950542473,2.8763558638880347,2.919121972327952,95,16.74947368421053,17.525014841231915
1455.88,1474.9479456461702,-19.067945646170074,-1.3097195954453713,2.864717192878889,2.8769922112595454,88,16.54409090909091,16.76077210961557
1344.2,1298.960697023086,45.23930297691413,3.365518745492794,2.9790663882016184,2.9466008927561194,72,18.669444444444444,18.041120791987304
1640.32,1669.444306825422,-29.12430682542208,-1.7755259233211862,3.1427066863106567,3.159552829083541,74,22.166486486486484,22.56005820034354
1255.61,1241.6151046430643,13.994895356935558,1.1145893515451102,3.120091340790246,3.109380415713352,58,21.648448275862066,21.407156976604558
2717.24,2379.1906992706486,338.0493007293512,12.44090697654058,3.938066105879809,3.8079746734479807,54,50.319259259259255,44.05908702353053
1416.38,1447.967483324092,-31.587483324091863,-2.2301559838526286,2.9287775023004734,2.94966705427909,80,17.70475,18.09959354155115
852.8,898.61308771389,-45.81308771389001,-5.372078765700048,2.605735152231566,2.6542905940913712,68,12.541176470588235,13.214898348733676
1061.9,1103.1833457124367,-41.283345712436585,-3.8876867607530445,2.6354795082673745,2.6709335164569454,82,12.950000000000001,13.45345543551752
1348.1,1370.3243296862565,-22.224329686256624,-1.6485668486207719,3.0502628595673595,3.065845940377199,67,20.120895522388057,20.452601935615768
1393.8,1391.4600079579234,2.339992042076574,0.16788578290117476,2.949756327573433,2.948164095154318,77,18.1012987012987,18.070909194258746
807.5,838.9299809969929,-31.429980996992867,-3.8922577086059276,2.5155360305858365,2.5506877755498936,71,11.373239436619718,11.815915225309759
852.0,848.0401248900959,3.9598751099041465,0.4647740739324116,2.9923933722884763,2.9879690227844136,45,18.933333333333334,18.845336108668796
1248.72,1256.9362108267767,-8.21621082677666,-0.6579706280652716,3.035959805702212,3.0422039628899573,63,19.82095238095238,19.95136842582185
3154.8,2519.237056029394,635.5629439706063,20.14590287722221,3.762687381258656,3.5435596334519595,75,42.064,33.58982741372525
1319.83,1371.3088550521634,-51.47885505216345,-3.9004155877774753,2.9230397094938763,2.9592818590802326,75,17.597733333333334,18.28411806736218
2868.04,2164.3335983343727,703.7064016656273,24.536143208101254,3.794480849848736,3.520251706905061,66,43.45515151515151,32.79293330809656
1761.14,1726.4465592714048,34.693440728595306,1.9699422379024556,3.2108109586521696,3.191724908395341,74,23.79918918918919,23.330358909073038
1962.02,2740.548260586152,-778.5282605861521,-39.67993499485999,3.215954488747284,3.538676147138152,82,23.927073170731706,33.42132025105064
752.48,761.026739098333,-8.546739098332978,-1.1358094697975996,2.854068523889236,2.864715405182783,46,16.358260869565218,16.544059545615934
1166.78,1209.1430282267597,-42.36302822675975,-3.630764002362035,2.9565203103624285,2.9903608641312585,64,18.2309375,18.89285981604312
4093.21,1626.473450426799,2466.736549573201,60.264109331629726,4.030936932916772,3.1345968983172,74,55.31364864864865,21.9793709517135
1127.12,1095.9145616801118,31.205438319888117,2.7685994676598873,2.969253640749112,2.9426380155919927,61,18.477377049180326,17.96581248655921
1895.43,1856.9736714240614,38.45632857593864,2.0288973254585314,3.230819597807037,3.211140172182528,78,24.300384615384615,23.80735476184694
1307.82,1303.0944576632514,4.725542336748504,0.3613297194375758,2.8417605900516136,2.838352228932952,81,16.145925925925926,16.08758589707718
3653.83,2611.2061600649827,1042.6238399350173,28.53509440600732,3.6156777733627496,3.2903971470529023,101,36.176534653465346,25.853526337277057
923.65,972.7657507377166,-49.11575073771667,-5.317571670840326,2.766166936966895,2.814795967248733,62,14.89758064516129,15.689770173188979
3202.6800000000003,3208.0933133378376,-5.41331333783728,-0.16902448380223062,3.578275748327719,3.5799174467747927,92,34.81173913043479,34.870579492802584
2178.99,2101.5890240408535,77.40097595914631,3.552149204867683,3.3051596280032056,3.27034239235819,83,26.252891566265056,25.320349687239197
1459.44,1584.4656453339553,-125.02564533395525,-8.566686217587243,2.7563207497754094,2.8334899815662826,99,14.741818181818182,16.00470348822177
1483.65,1479.6180983264298,4.031901673570246,0.2717555807346912,2.915319399338057,2.9127457900761153,85,17.454705882352943,17.40727174501682
1464.31,1508.501842811358,-44.19184281135813,-3.0179294556042184,3.0473299736602137,3.075670766826705,73,20.05904109589041,20.66440880563504
2878.87,2049.5278275781106,829.3421724218892,28.807906311222432,3.5630968733161703,3.2347153468579224,84,34.272261904761905,24.399140804501318
1521.45,1788.795855448441,-267.34585544844094,-17.571780567776855,3.1802294921814176,3.3358751759878666,66,23.05227272727273,27.10296750679456
1179.88,1201.1547343581672,-21.274734358167052,-1.8031269585184129,2.8689227055632744,2.8857875059684086,71,16.618028169014085,16.91767231490376
1898.11,1916.2201451601402,-18.11014516014029,-0.9541146277160066,3.095130047347448,3.104198035520275,90,21.09011111111111,21.29133494622378
1811.7,1891.2409364103705,-79.54093641037048,-4.390403290300297,3.040169702529505,3.0811237632505653,91,19.90879120879121,20.782867433080995
2909.53,2875.7038536034443,33.82614639655594,1.1625983027002966,3.5393021128738336,3.5279494757643457,87,33.44287356321839,33.05406728279821
1999.9,2076.9793659053844,-77.0793659053843,-3.8541610033193807,3.234316970017475,3.2706716259586512,82,24.389024390243904,25.329016657382738
1528.1,1533.1854067041,-5.0854067041000235,-0.33279279524245947,3.155810727512406,3.1589918079263226,68,22.47205882352941,22.546844216236764
845.92,865.3967019472337,-19.476701947233778,-2.3024283557823173,3.0069419371273387,3.0285917808410825,44,19.225454545454543,19.66810686243713
1974.96,1937.721199043879,37.23880095612094,1.885547097466325,3.222265196404785,3.2039955133300153,82,24.08487804878049,23.630746329803404
1107.0,1098.6529633237076,8.347036676292419,0.7540231866569485,2.8920797002413208,2.884932172468263,65,17.03076923076923,16.902353281903192
1275.75,1297.0137486947713,-21.263748694771266,-1.6667645459354312,2.866089414669161,2.88168605720662,77,16.568181818181817,16.844334398633393
1132.94,1095.5221076199568,37.41789238004321,3.3027249792613214,3.1637351387517563,3.1315927958164527,50,22.6588,21.91044215239914
1179.86,1389.8451019767422,-209.98510197674227,-17.79745918810217,2.842724775661634,2.9976790772853326,73,16.162465753424655,19.0389739996814
1045.83,1063.9258774504847,-18.09587745048475,-1.7302886176993155,2.9460982189263896,2.9623590104756183,58,18.03155172413793,18.343549611215252
868.82,891.172593208832,-22.35259320883199,-2.5727530683952935,2.804247433246697,2.8281296384413857,56,15.514642857142858,15.913796307300572
1173.03,1185.11655132638,-12.086551326380004,-1.0303701803346892,2.8244549099250564,2.834100511079948,74,15.851756756756757,16.015088531437566
1240.79,1218.7498030355557,22.04019696444425,1.776303561798874,3.029895960181473,3.012846730603887,63,19.695079365079366,19.345234968818346
866.2,857.8853169146852,8.314683085314869,0.9599033808952745,3.0294747216642803,3.020297734950887,44,19.686363636363637,19.497393566242845
1154.4,1109.564550732197,44.83544926780314,3.883874676698124,3.181713791179433,3.143776820896984,50,23.088,22.191291014643937
1024.86,1048.793956943321,-23.933956943321164,-2.335339162746245,2.8050669129328107,2.826770132812568,66,15.528181818181817,15.89081752944426
1184.04,1163.9615651276874,20.078434872312528,1.6957564670376446,3.097547225408169,3.081222942502193,56,21.143571428571427,20.785027948708706
1077.05,1097.905541898735,-20.855541898735055,-1.9363578198537723,2.8956926736843247,2.9138208927361657,63,17.096031746031745,17.427072093630713
1505.7,1487.3795750139852,18.320424986014814,1.2167380611021328,3.113959654918641,3.102264686209778,70,21.51,21.248279643056932
1462.6,1441.5879037176335,21.01209628236643,1.4366263012694127,3.217957370431137,3.204070305494841,61,23.977049180327867,23.632588585534975
1288.74,1327.3066443437172,-38.566644343717144,-2.9925853425607296,3.112581540050283,3.1407749182596674,60,21.479,22.12177740572862
2096.3,1459.114259469467,637.1857405305332,30.39573250634609,3.721188392099577,3.3693588592767676,52,40.31346153846154,28.059889605182057
779.21,817.4935546551337,-38.283554655133685,-4.9131241456261705,2.8084504348774506,2.853585076572914,50,15.584200000000001,16.349871093102674
1068.65,1072.5720251077355,-3.922025107735408,-0.36700744937401464,3.0170044088295307,3.020488764465727,55,19.430000000000003,19.501309547413374
1228.37,1229.73582492551,-1.3658249255101964,-0.11119002625513458,2.9761246272477826,2.9771792753157995,66,18.611666666666665,18.63236098371985
1636.76,1659.1972361201083,-22.43723612010831,-1.37083238349595,3.0543272407907143,3.0673045852040626,81,20.206913580246912,20.48391649530998
1338.48,1313.1469899943388,25.333010005661208,1.89267004405454,3.197942453258402,3.1796220371989197,57,23.482105263157894,23.03766649112875
2590.92,2471.5306222442173,119.38937775578279,4.60799166920564,3.532720348492761,3.486955724811822,78,33.21692307692308,31.686290028772017
957.73,883.4050305414687,74.32496945853131,7.760534749723963,3.2166032445125228,3.139188503790624,40,23.94325,22.085125763536716
1729.71,2534.6996152870715,-804.9896152870715,-46.53899296917238,3.2747612065241958,3.6447967937307237,68,25.436911764705883,37.274994342456935
4002.47,2899.010737709016,1103.4592622909836,27.5694574173194,3.884619996840359,3.5698715852992224,84,47.64845238095238,34.512032591774
1248.43,1311.2420079100998,-62.81200791009974,-5.031279920387986,2.896010321383263,2.9424485409495045,73,17.10178082191781,17.962219286439723
1023.66,1018.0897909518943,5.570209048105653,0.5441464009637627,2.959049765003715,2.953877185077284,56,18.279642857142857,18.180174838426684
1143.9,1109.940306406038,33.95969359396213,2.9687641921463523,2.923078864312309,2.894585352333412,65,17.59846153846154,17.076004713939046
1345.14,1340.1639058175283,4.9760941824717975,0.36993132183057503,2.9284813051252674,2.924973679964502,76,17.69921052631579,17.633735602862213
361.86,377.99636555439616,-16.13636555439615,-4.459284130436122,2.7025479117466125,2.7433093437467178,26,13.917692307692308,14.53832175209216
1252.86,1250.6232184099686,2.2367815900313417,0.17853404131597642,2.8490235306636658,2.847340146849425,77,16.27090909090909,16.24185997935024
714.97,710.9645926725017,4.005407327498347,0.5602203347690597,2.805952538782128,2.8006750826345077,46,15.542826086956522,15.455752014619602
922.76,957.226077774727,-34.466077774726955,-3.735107479163266,2.9309475682694357,2.965695337897928,52,17.745384615384616,18.408193803360135
1269.0,1238.9879836771108,30.012016322889167,2.3650131066106512,3.0665514333500203,3.043744857204245,62,20.467741935483872,19.983677156082432
3164.31,2644.175055646186,520.1349443538138,16.43754702775056,3.7399274262046407,3.5650136499010148,77,41.094935064935065,34.33993578761281
1181.7,1199.3938074275404,-17.693807427540378,-1.497318052597138,2.883762664284619,2.8977995064650743,70,16.88142857142857,17.134197248964863
1798.11,2329.793861846952,-531.6838618469521,-29.56903981663815,3.5906340885103334,3.843363633721839,51,35.25705882352941,45.68223258523435
1005.64,978.638238582603,27.001761417397006,2.685032558111949,2.9767004602154987,2.950888156555889,54,18.622962962962962,18.122930344122278
1020.68,1034.8431105771754,-14.163110577175416,-1.3876151758803363,3.0832945191957832,3.096448141474412,49,20.83020408163265,21.11924715463623
1424.12,1430.4751652680552,-6.355165268055316,-0.4462520902771759,3.033964250205148,3.0382030183169726,72,19.779444444444444,19.86771062872299
1317.33,1279.0432140214066,38.28678597859334,2.9063929295311994,2.9731769879282512,2.9452120042650654,71,18.55394366197183,18.01469315523108
816.39,801.8196415698233,14.570358430176725,1.7847301449278807,2.815397203925729,2.798476260361667,52,15.699807692307692,15.41960849172737
1266.83,1284.199419041283,-17.36941904128298,-1.371093125461426,2.884301519369072,2.8971630293943655,75,16.891066666666667,17.12265892055044
677.11,680.576626406942,-3.4666264069419412,-0.5119738900536015,2.863050693952101,2.8678665101765657,41,16.51487804878049,16.59942991236444
1853.68,2083.2694539384242,-229.58945393842419,-12.385603444954047,3.0412811432925198,3.1527679370912214,93,19.93204301075269,22.400746816542195
937.58,929.9388731158815,7.641126884118535,0.8149839890055818,2.92799871661423,2.920255020649211,53,17.690188679245285,17.546016473884556
1261.53,1274.6391516094232,-13.10915160942318,-1.0391470364892772,2.9189187215408072,2.9287011310890945,72,17.52125,17.703321550130877
779.45,799.6535415686906,-20.203541568690525,-2.592025347192318,2.847147671557061,2.8712709819299684,48,16.238541666666666,16.659448782681054
976.62,986.4548233302257,-9.834823330225731,-1.0070266152880067,2.745758098118788,2.7551377304755413,67,14.576417910447761,14.723206318361578
901.08,914.9891492130431,-13.909149213043065,-1.543608693239564,2.7582237431179477,2.772577604568393,61,14.771803278688525,14.999822118246609
2127.38,1793.6722942180213,333.7077057819788,15.686323354641804,3.992394889686356,3.825196499104166,40,53.1845,44.841807355450534
1444.27,1381.0613934613837,63.20860653861632,4.376509000298859,3.0473425315921445,3.004761796560005,72,20.059305555555554,19.18140824251922
1185.42,1201.3228584050798,-15.902858405079769,-1.3415378857349942,2.956847503965351,2.969485322732662,65,18.23723076923077,18.48189012930892
1121.32,1117.759669670016,3.5603303299840263,0.3175124255327673,2.769517343715295,2.7665368378654143,75,14.950933333333332,14.90346226226688
926.61,927.8055935212624,-1.1955935212623672,-0.12902877383822398,2.784414018803356,2.785623879392414,61,15.19032786885246,15.209927762643646
757.66,767.8438304907743,-10.183830490774312,-1.3441161590653212,2.6929796326615407,2.7054332410482664,55,13.775636363636362,13.960796918014077
1021.52,1004.2987536526961,17.221246347303918,1.68584524505677,2.907660241819012,2.8915939426004376,59,17.313898305084745,17.02201277377451
551.85,542.4649797210636,9.385020278936395,1.7006469654682241,2.9039081977219974,2.887703234791329,32,17.2453125,16.95203061628324
1254.96,1202.2886129990497,52.67138700095029,4.19705703775023,2.862922425065156,2.8225441009226384,76,16.512631578947367,15.81958701314539
1085.6,1067.9595777003876,17.640422299612283,1.6249467851522001,2.998010378455812,2.9824511152254503,57,19.045614035087716,18.736132942112064
692.34,676.3779980619846,15.962001938015419,2.3055149114619145,2.7963866257542414,2.7745007792902747,45,15.385333333333334,15.030622179155214
2661.36,2190.3306563426636,471.02934365733654,17.698821041021752,3.882064408993838,3.691701653826562,56,47.52428571428572,39.11304743469042
724.43,734.9423939537957,-10.512393953795709,-1.4511262584094682,2.8389874912096165,2.8525575732805937,45,16.098444444444443,16.332053198973238
1051.38,1059.007843979422,-7.627843979421868,-0.7255078068273952,2.814943869239126,2.8217411555183505,67,15.69223880597015,15.806087223573462
676.88,693.3714761978005,-16.491476197800466,-2.436395845319771,2.8400248270384814,2.8627061630458823,42,16.116190476190475,16.508844671376202
1317.9,1252.8133684019808,65.08663159801927,4.938662386980747,3.200056999194753,3.1515244893047356,56,23.53392857142857,22.371667292892514
1397.65,1369.305969487565,28.344030512434983,2.027977713478695,3.099033852874544,3.07947858259442,66,21.176515151515154,20.747060143750986
1236.82,1387.4897152851597,-150.66971528515978,-12.182024489025062,3.15647417051885,3.266792683339382,55,22.487636363636362,25.22708573245745
1363.56,1346.1935116644936,17.366488335506347,1.2736138003099495,2.966637417726717,2.9544833239264965,74,18.426486486486485,18.191804211682346
1096.88,1250.9132665149664,-154.03326651496627,-14.04285487154167,2.9913087109080045,3.1165094938213778,58,18.911724137931035,21.56747011232701
3734.8,2429.068759132129,1305.7312408678713,34.96120919106435,3.981601620826591,3.5613936370896098,71,52.60281690140845,34.21223604411449
968.44,973.109872208623,-4.669872208622905,-0.48220563056285426,3.135928904047274,3.140530791898239,44,22.01,22.116133459286885
1197.5,1196.958627553078,0.5413724469219687,0.04520855506655271,2.882910501998021,2.882483629310833,71,16.866197183098592,16.858572219057436
1615.0,1633.8760147742848,-18.87601477428484,-1.1687934844758414,3.053411385140669,3.064486125096284,80,20.1875,20.42345018467856
781.22,792.7504896321977,-11.530489632197714,-1.4759593497603383,2.9532373688716063,2.9671299954661183,43,18.167906976744188,18.436057898423204
1432.78,1395.2531844185528,37.52681558144718,2.619161042270773,3.167268362505152,3.1418598229659076,63,22.742539682539682,22.14687594315163
1126.13,1133.571151506313,-7.441151506312963,-0.6607719807049774,2.984106623470251,2.9903604976208973,60,18.768833333333337,18.89285252510522
1139.81,1154.1355225991274,-14.325522599127453,-1.2568342617741073,3.0784092706760657,3.0903277538885305,55,20.72381818181818,20.984282229075042
785.4,788.301988283935,-2.9019882839349975,-0.3694917601139544,2.874165492809421,2.8776457203721284,47,16.71063829787234,16.772382729445425
1399.41,1370.921609523726,28.488390476274162,2.0357429542645944,3.030616675407493,3.011052076998381,71,19.71,19.30875506371445
1388.85,1356.0219221890393,32.82807781096062,2.363687785647163,3.078652582080515,3.055845384194444,67,20.72910447761194,20.239133167000585
915.3,916.3415201942662,-1.0415201942662407,-0.1137900354273179,3.0396451385826757,3.04072800177221,46,19.89782608695652,19.920467830310134
2357.8,1416.0339070549576,941.7660929450426,39.94257752756988,3.603437093507962,3.111515942822238,66,35.724242424242426,21.455059197802388
1081.2,1118.57180904504,-37.37180904503998,-3.4565121203329614,2.899326255442896,2.9314661462514504,63,17.16190476190476,17.75510808008
1037.52,1045.5008305489478,-7.980830548947779,-0.7692218510436212,2.9385414048263336,2.945799967799792,58,17.888275862068966,18.02587638877496
742.12,730.1033272433309,12.016672756669095,1.6192358050812663,2.949713874248867,2.9342503150563455,41,18.10048780487805,17.807398225447095
1000.28,944.2385437336214,56.04145626637853,5.602576905104424,3.124354898738629,3.069304470881249,46,21.745217391304347,20.52692486377438
872.96,910.4151311764039,-37.455131176403825,-4.290589623396699,2.8429263681245325,2.88253778935048,54,16.165925925925926,16.859539466229702
1971.5,2289.2364398143477,-317.7364398143477,-16.116481857182233,3.538499903220633,3.6838824303602373,59,33.41525423728814,38.800617623971995
1686.3,1531.2970575948407,155.00294240515927,9.19189600931977,3.323836260504687,3.2310534754419873,63,26.766666666666666,24.306302501505407
1130.22,1139.3203537021045,-9.100353702104485,-0.8051842740443882,2.8417649102565643,2.84931854757857,70,16.146,16.276005052887207
1419.19,1434.231737561566,-15.041737561565924,-1.059881873573371,3.04397903054714,3.0540222667344197,71,19.988591549295776,20.20044700790938
561.6,606.5992452145232,-44.99924521452317,-8.012686113697146,2.601207105484161,2.672767228599814,45,12.48,13.479983226989404
2805.74,2143.272434012146,662.467565987854,23.611153064355715,3.9338334196919953,3.670530182101386,56,50.1025,38.272722035931174
904.38,880.6578678609403,23.72213213905968,2.6230270615294105,2.9490389095618066,2.923868715437168,50,18.0876,17.613157357218807
1063.96,1047.2575115847692,16.702488415230846,1.5698417623999816,3.0128217762385776,2.9977824537564715,55,19.344727272727273,19.04104566517762
2243.87,1339.5665820245574,904.3034179754425,40.30106102293994,3.5406867365967147,3.044214346220176,67,33.49059701492537,19.993531074993395
1360.45,1330.7298140722041,29.72018592779591,2.184584948200662,3.196876994579305,3.1757017949802364,58,23.45603448275862,22.943617484003518
910.14,899.2083978070845,10.931602192915534,1.2010901831493543,3.0138020695346035,3.0023152367457273,47,19.36468085106383,19.132093570363498
2085.78,1986.711476172548,99.06852382745228,4.7497110830218086,4.049563916746384,4.0017705563035815,37,56.37243243243244,53.69490476142021
998.97,1000.6190146864578,-1.6490146864578037,-0.1650714922828317,2.739408424640712,2.7409512984132154,69,14.477826086956522,14.501724850528374
907.18,950.7207631387803,-43.540763138780335,-4.799572646969767,2.649540491040915,2.6931776025728555,69,13.147536231884057,13.778561784620004
859.14,879.2497381069389,-20.10973810693895,-2.3406823226644025,2.559743522895533,2.581110514845152,72,11.9325,12.211801918151929
3262.6,1481.6956392567445,1780.9043607432554,54.585433725962595,3.863012817055164,3.09860833073565,70,46.60857142857143,21.167080560810636
1174.36,1113.338760633485,61.02123936651492,5.196127198347604,3.198150532047068,3.1470263863903245,50,23.487199999999998,22.2667752126697
2237.33,2328.371368427049,-91.04136842704929,-4.0691971424443105,3.567289662717605,3.6060709954526833,65,34.42046153846154,35.821097975800754
1047.15,953.9726389438289,93.17736105617121,8.898186607092699,3.2328704647404947,3.143523210505369,43,24.352325581395352,22.18541020799602
1376.55,1373.0152190896335,3.5347809103664076,0.25678550799944844,2.962899116458751,2.9604609697751347,75,18.354,18.30686958786178
1753.75,1646.1055238439171,107.64447615608287,6.137960151451625,3.4584451352408854,3.397157374410486,57,30.767543859649123,28.87904427796346
907.18,908.7872179774012,-1.6072179774012056,-0.1771663812475149,2.811871601895698,2.8135354172370928,58,15.64103448275862,15.6687451375414
1660.28,1611.4942456220465,48.78575437795348,2.9384052315244107,3.128766832250659,3.1002666724527894,76,21.84578947368421,21.203871652921663
1108.36,1107.9483991960647,0.4116008039352437,0.03713602114252082,2.8932394370428627,2.892888587335042,65,17.051692307692306,17.045359987631763
1216.8,1129.8201031071385,86.97989689286146,7.148249251550087,3.2322263092363386,3.1610942454151703,50,24.336,22.59640206214277
785.4,807.1944691942012,-21.79446919420127,-2.7749515144131998,2.9152450226413045,2.9411522612418115,45,17.453333333333333,17.93765487098225
1532.5,1522.271728426159,10.228271573841084,0.6674239199896302,3.1172641420918943,3.1108649948609157,71,21.58450704225352,21.440446879241676
997.12,1003.1587826013035,-6.038782601303524,-0.6056224527944003,2.8081971497071487,2.813871969055561,64,15.58,15.674355978145368
1137.75,1167.3082721348815,-29.558272134881463,-2.597958438574508,2.917978610683926,2.942257063786505,65,17.503846153846155,17.9585888020751
1210.62,1175.9881712548913,34.63182874510858,2.860668809792386,3.0529156870814447,3.025281505567614,60,20.177,19.59980285424819
1267.2,1275.5052405924007,-8.30524059240065,-0.6554009305871725,2.9634785388941176,2.969674868904287,69,18.36521739130435,18.485583196991314
1303.4,1197.5215064977012,105.87849350229885,8.123254066464543,3.298352218369979,3.216891061726442,50,26.068,23.950430129954025
656.1,684.8929923399019,-28.792992339901843,-4.388506681893285,2.7254344475341084,2.765625667237377,46,14.26304347826087,14.888978094345692
2021.3,1841.523671778059,179.77632822194096,8.89409430673037,3.369830928084419,3.2800355567050135,72,28.07361111111111,25.57671766358415
2167.2,3050.68892970001,-883.48892970001,-40.7663773394246,3.323436020355258,3.6548785774865413,81,26.755555555555553,37.66282629259271
582.9,608.0784016715236,-25.178401671523602,-4.319506205442375,2.722418032412433,2.7619814465117924,41,14.217073170731707,14.831180528573746
2591.9700000000003,2436.096158629663,155.87384137033723,6.013720890686899,3.7887134768024735,3.7281386916171577,60,43.19950000000001,40.60160264382772
1796.2,1753.292297106784,42.90770289321608,2.388804303151992,3.339859121428004,3.3165481146800024,66,27.215151515151515,26.565034804648242
1643.46,1601.0721839127384,42.387816087261626,2.579181488278487,3.2689603890356214,3.2438368795712487,65,25.284,24.631879752503668
1130.12,1417.2980026283435,-287.1780026283436,-25.411283990049167,3.087771115095326,3.304916238583036,54,20.928148148148146,26.246259307932288
2363.08,2230.206941232913,132.87305876708706,5.622876024810293,3.3718339571585343,3.3160055350036868,84,28.13190476190476,26.550082633725154
1219.54,1233.3807190001492,-13.840719000149193,-1.1349130819939643,2.95501910395786,2.9657197419526633,67,18.202089552238807,18.40866744776342
2525.76,2968.697148874344,-442.9371488743436,-17.536786902728032,3.337856709125653,3.4941251718613726,93,27.158709677419356,31.921474719078965
1040.13,1021.1483262957942,18.981673704205946,1.8249328164946634,3.008730759339648,2.991229862428983,54,19.26166666666667,18.910154190662855
1279.2,1287.7432662554208,-8.543266255420804,-0.6678600887602254,3.0589306113326065,3.0652755611308184,63,20.304761904761907,20.4403693056416
2190.35,2152.069787672136,38.280212327863865,1.7476755919311464,3.2322745486088853,3.2153450602358293,90,24.33722222222222,23.9118865296904
721.38,699.1532030590299,22.226796940970075,3.081149593968515,3.100860409272514,3.0709941636973763,34,21.217058823529413,20.563329501736174
1250.97,1249.6757609022593,1.2942390977407285,0.10345884375650323,2.680850281175556,2.679886102424784,92,13.5975,13.583432183720209
1238.69,1248.7725343303866,-10.08253433038658,-0.8139675245934478,2.641827924061632,2.649359369869063,95,13.038842105263159,13.144974045583018
2220.8900000000003,1306.36429666754,914.5257033324604,41.178343066629154,3.256318813602258,2.7522744349955643,89,24.953820224719106,14.678250524354382
786.38,815.2925656453646,-28.912565645364566,-3.6766659433562103,2.601371945177932,2.634845030013607,63,12.482222222222223,12.941151835640706
941.06,961.6721854197427,-20.612185419742787,-2.190315752422033,2.5699270860558334,2.5899519094307,78,12.064871794871793,12.329130582304394
1186.52,1183.8078410585301,2.712158941469852,0.2285809713675161,2.641816471015761,2.6396912268220762,91,13.038681318681318,13.008877374269561
1160.39,1172.100041531355,-11.710041531354818,-1.0091470567097973,2.6417743414534547,2.6511032981623304,89,13.038089887640451,13.169663387992752
1297.47,1373.4145706782651,-75.94457067826511,-5.85328143835812,2.5081630954937437,2.560534657552207,115,11.282347826086957,11.942735397202306
1248.75,1278.6324555185372,-29.8824555185372,-2.39298943091389,2.601763330584253,2.6236771265616055,100,12.4875,12.786324555185372
1285.88,1295.0244127123153,-9.144412712315216,-0.7111404417453584,2.601523957704057,2.608086397009873,103,12.484271844660196,12.573052550605004
609.15,625.4166454295363,-16.26664542953631,-2.670384212351032,2.59761257076079,2.622027790107446,49,12.431632653061223,12.763605008766048
1106.89,1111.5653190141966,-4.675319014196475,-0.4223833456076462,2.708800974053975,2.7127356788293517,79,14.01126582278481,14.07044707612907
1473.53,1509.2363736031684,-35.70637360316846,-2.423186063613802,2.601766472220197,2.623953754071401,118,12.487542372881355,12.790138759348885
1135.2,1152.6748875504188,-17.47488755041877,-1.539366415646474,2.580705468742043,2.594833247227906,93,12.206451612903226,12.394353629574395
3573.85,2857.7256985751774,716.1243014248225,20.03789474725639,3.7855167922843194,3.5675710583271347,83,43.05843373493976,34.43043010331539
3069.9,3163.74932962773,-93.84932962772973,-3.057081000284365,3.3046300016563213,3.3336531946435524,117,26.23846153846154,27.040592560920768
2577.4,3008.7240672630487,-431.3240672630486,-16.734851682433792,3.4107726046674203,3.560763264742642,88,29.288636363636364,34.19004621889828
521.7,540.8663587661785,-19.166358766178405,-3.673827633923405,2.642088445424451,2.6756412569441492,40,13.0425,13.521658969154462
1346.8,1433.6909391022023,-86.89093910220231,-6.451658679997202,2.5668705876394307,2.6247274278431516,112,12.025,12.800811956269664
1016.39,1071.4414129480892,-55.05141294808925,-5.416367039039074,2.594881502996572,2.643786038377471,82,12.395,13.066358694488892
978.47,1040.2481705807627,-61.77817058076266,-6.313752141686782,2.5158850054377138,2.572299888322116,86,11.377558139534884,12.095908960241427
1346.8,1359.1337463650516,-12.333746365051638,-0.9157815833866675,2.5668705876394307,2.5752897672432375,112,12.025,12.135122735402247
1232.84,1285.2072084567326,-52.36720845673267,-4.247688950450397,2.60859812213055,2.647192667119814,98,12.579999999999998,13.11435926996666
913.32,970.4333246645997,-57.113324664599645,-6.253375012547589,2.485227883327544,2.5409693340898776,83,11.003855421686747,11.69196776704337
557.44,589.9790627870393,-32.539062787039256,-5.837231412715136,2.594325585573328,2.6469295365898695,45,12.387555555555556,13.110645839711985
1307.6,1360.1164531177674,-52.51645311776747,-4.016247561774814,2.6352310654700504,2.671835599547977,101,12.946534653465346,13.466499535819478
3555.78,3216.704399946693,339.0756000533074,9.535899297856092,3.5892177408985755,3.4919078601111893,101,35.20574257425743,31.84855841531379
1034.74,1079.30340942026,-44.563409420260086,-4.306725304932649,2.6114497583722525,2.6505790348483522,82,12.618780487804878,13.162236700247075
1131.46,1134.0650714981318,-2.6050714981317924,-0.230239822718593,2.6288266023118227,2.6309605738340744,88,12.8575,12.887103085206043
1431.53,1403.7200000293963,27.809999970603712,1.9426767144665995,2.6744934175733674,2.656240388058444,106,13.504999999999999,13.242641509711286
1057.8,1069.027686301083,-11.22768630108294,-1.061418633114288,2.5156131385241367,2.5253222703956535,93,11.374193548387096,11.49492135807616
836.39,1000.6312649356955,-164.24126493569554,-19.636923556677573,2.615392057095684,2.782605868419726,66,12.672575757575757,15.161079771752963
1354.3,1354.292679380856,0.0073206191439112445,0.0005405463445256771,2.667846827078021,2.667841796749184,101,13.408910891089109,13.408838409711446
1164.02,1172.1099238525553,-8.08992385255533,-0.6949986986954976,2.655176711495142,2.661617422814851,88,13.2275,13.319430952869947
1090.58,1127.6817845709725,-37.10178457097254,-3.4020231960032774,2.573951451794122,2.604894483190112,90,12.117555555555555,12.529797606344138
997.6,1051.934208647426,-54.33420864742595,-5.44649244661447,2.4618837893387053,2.5105029614876413,93,10.726881720430107,11.311120523090603
819.18,840.535968493969,-21.355968493969044,-2.6069933950986406,2.515880308253441,2.539561383191378,72,11.3775,11.674110673527347
1229.9,1248.1526364856754,-18.25263648567534,-1.4840748423185086,2.6352153722735365,2.6488979518419122,95,12.946315789473685,13.138448805112374
678.58,700.5482516208122,-21.96825162081211,-3.2373856613534304,2.57394721657873,2.6034146231701523,56,12.117500000000001,12.509790207514502
1164.02,1175.6477694989032,-11.627769498903263,-0.9989321058833408,2.655176711495142,2.6644210580236236,88,13.2275,13.359633744305718
1094.59,1111.6879961424997,-17.097996142499824,-1.5620457104943244,2.587671101957953,2.6020136318717815,89,12.29876404494382,12.490876361151683
1021.2,1051.9966434332725,-30.796643433272493,-3.0157308493216304,2.454232642603185,2.4814254615687883,96,10.637500000000001,10.958298369096589
1414.33,1467.8613135395337,-53.53131353953381,-3.7849238536645493,2.628829882446833,2.663345244260282,110,12.857545454545454,13.344193759450306
990.36,1041.4398140542444,-51.079814054244366,-5.1577016493239185,2.5377595117313394,2.584166074572749,85,11.651294117647058,12.252233106520523
1058.2,1077.7862867942204,-19.586286794220314,-1.8509059529597724,2.655176711495142,2.672238452708636,80,13.227500000000001,13.472328584927755
669.33,687.5744412087772,-18.244441208777175,-2.725776703386547,2.594881502996572,2.6197915027040013,54,12.395000000000001,12.732860022384763
936.25,954.2657885515105,-18.015788551510468,-1.924249778532493,2.5304090322093606,2.5479643185922782,81,11.558641975308642,11.781059117919883
1216.56,1260.9242307731913,-44.364230773191366,-3.6466948422758736,2.615386516238791,2.6486276309741026,96,12.6725,13.134627403887409
739.77,756.2932844450377,-16.52328444503769,-2.2335704942127537,2.5449335206246317,2.565307394024288,63,11.742380952380952,12.004655308651392
3877.47,2698.1602577518,1179.3097422481997,30.414413064400232,3.830527886927314,3.477354287391697,86,45.086860465116274,31.373956485486048
1020.78,1055.9195503738258,-35.13955037382584,-3.4424215182336884,2.5876553238201505,2.618994721350796,83,12.298554216867469,12.721922293660551
984.94,1010.062166869721,-25.1221668697209,-2.5506291621541313,2.500821008602071,2.5239654242669496,88,11.1925,11.477979168974102
685.1,716.8528420638175,-31.752842063817525,-4.6347747867198255,2.566432737141538,2.608330461146301,57,12.019298245614035,12.576365650242414
1172.16,1232.8954219962543,-60.73542199625422,-5.181495870551308,2.580974118534234,2.6277551749063996,96,12.21,12.842660645794316
1055.24,1061.673418487347,-6.4334184873468985,-0.6096640088839409,2.523325759691945,2.5289178303893785,92,11.47,11.539928461818988
841.4,879.3073400198123,-37.907340019812295,-4.505269790802507,2.63509343981816,2.6760644153176685,65,12.944615384615384,13.527805231074035
830.13,856.4960121135794,-26.36601211357936,-3.176130499268712,2.594508159703081,2.623473862007905,67,12.39,12.783522568859393
745.55,788.7158995223728,-43.1658995223728,-5.789806119290832,2.5668705876394307,2.618943844690825,62,12.024999999999999,12.721224185844722
1313.87,1372.7974600544771,-58.92746005447725,-4.4850297255038365,2.594881502996572,2.6355454153769013,106,12.395,12.9509194344762
767.04,794.8161871922729,-27.776187192272914,-3.621217562613803,2.6081875982238416,2.6411817543211917,61,12.574426229508196,13.029773560529064
1094.12,1117.106511963441,-22.986511963441217,-2.1009132420064724,2.60831030118705,2.6275849683872923,87,12.576091954022987,12.840304735211967
889.85,922.2837805906029,-32.43378059060285,-3.644859312311384,2.5668705876394307,2.5999670440700458,74,12.025,12.463294332305445
1273.73,1412.0133353990832,-138.28333539908317,-10.856565787025756,2.60176696502494,2.697546428731851,102,12.487549019607844,13.84326799410866
906.29,945.0452422965903,-38.75524229659038,-4.276251784372595,2.500514661260023,2.5390179658917282,81,11.188765432098766,11.667225213538153
936.25,1035.3406948284992,-99.09069482849918,-10.583785829479218,2.5304090322093606,2.6233622237841074,81,11.558641975308642,12.781983886771595
1080.03,1120.2091517397537,-40.179151739753706,-3.7201884891858286,2.6288266023118227,2.662761526008474,84,12.8575,13.335823234997068
700.91,731.7801494068412,-30.87014940684128,-4.404295759347317,2.5875133772492056,2.6274363695779392,57,12.296666666666667,12.838248235207741
1352.55,1371.1572273428642,-18.607227342864235,-1.3757145645531947,2.6484101268222107,2.6611127459565296,103,13.131553398058252,13.31220609070742
1323.98,1385.707327361284,-61.72732736128387,-4.662255272835229,2.628586613732025,2.6709344686277503,103,12.854174757281553,13.453469197682368
1123.98,1132.39031731351,-8.41031731350995,-0.7482621855824793,2.654881051390458,2.661813505959358,85,13.22329411764706,13.322239027217764
993.48,1051.8538842261826,-58.373884226182554,-5.875697973404855,2.608281150142626,2.661280423637516,79,12.575696202531645,13.314606129445348
2998.65,3069.129641065141,-70.4796410651411,-2.350379039405769,3.493488825266577,3.516022426937773,94,31.90053191489362,32.650315330480225
1194.76,1218.1683738578013,-23.40837385780128,-1.9592532272423986,2.60833454193475,2.626321210472956,95,12.576421052631579,12.822824987976855
2260.26,2737.666571115451,-477.4065711154508,-21.121754626257633,3.519199394951493,3.7056462799266265,69,32.75739130434783,39.67632711761523
1296.48,1290.4320088431518,6.047991156848184,0.46649320906208996,2.6744934175733674,2.670140634407342,96,13.505,13.442000092116166
1160.5,1203.9982611575645,-43.49826115756446,-3.7482344814790567,2.515876347865244,2.549750165125158,102,11.377450980392156,11.803904521152592
1780.22,1507.5789592694948,272.6410407305052,15.31501953300745,2.943492225980213,2.786742477085587,99,17.982020202020202,15.228070295651463
1476.3,1562.3753505587495,-86.0753505587495,-5.830478260431451,2.6354795082673745,2.6881907637537292,114,12.95,13.705046934725873
1168.66,1176.1624254855715,-7.502425485571393,-0.6419681931076098,2.6483717607283843,2.6543194227802958,89,13.131011235955057,13.215308151523274
1094.12,1112.2875232898816,-18.16752328988173,-1.6604689878515821,2.60831030118705,2.623574810201937,87,12.576091954022987,12.784914060803237
637.0,656.1736661452068,-19.173666145206766,-3.0099946852757875,2.566399684039183,2.5938085281835814,53,12.018867924528301,12.38063521028692
3920.04,3073.117711241102,846.922288758898,21.604939968951797,3.532830080252062,3.297441889643998,118,33.2206779661017,26.043370434246626
946.64,1017.1680132115691,-70.52801321156915,-7.4503521097322265,2.485526612610089,2.551594035254445,86,11.007441860465116,11.827535037343827
1377.4,1421.4470976773598,-44.047097677359716,-3.197843594987637,2.6563519664378163,2.6856519257364577,104,13.24423076923077,13.667760554589998
1121.25,1144.363210140393,-23.113210140392994,-2.0613788308042804,2.5304597032202327,2.549254439255156,97,11.559278350515465,11.797558867426732
954.08,987.4284227594214,-33.348422759421396,-3.4953486876804245,2.5945566537213534,2.626387819974334,77,12.390649350649351,12.823745750122356
1029.76,1048.4253650887326,-18.665365088732642,-1.8125937197728248,2.5522787960931828,2.5688545120550965,87,11.83632183908046,12.05086626538773
819.18,936.3828951319707,-117.20289513197076,-14.30734333503879,2.515880308253441,2.639437113769843,72,11.3775,13.005317987944037
1008.81,1029.0753748577717,-20.265374857771803,-2.008839608823446,2.5879565712485832,2.6063643842304764,82,12.302560975609756,12.54969969338746
753.5,828.8153578123354,-75.31535781233538,-9.995402496660303,2.426740476112688,2.513950354869158,73,10.321917808219178,11.353635038525143
1060.79,1123.742285640166,-62.95228564016611,-5.934472010498413,2.5083790059731426,2.5614590554675463,94,11.285,11.954705166384745
3901.12,3217.4137715058328,683.7062284941671,17.525895857963025,3.5788254013405902,3.392052651588884,112,34.83142857142857,28.726908674159223
956.96,997.1612398174381,-40.20123981743802,-4.20093209929757,2.5736359595684104,2.611707728159597,79,12.113417721518989,12.62229417490428
1448.32,1466.3909881221766,-18.070988122176686,-1.247720677901064,2.849159549924203,2.860845862582496,89,16.27325842696629,16.476303237327826
695.64,716.1518446352659,-20.511844635265902,-2.948629267331652,2.5805357579956025,2.607424196953882,57,12.204210526315789,12.564067449741508
1297.5,1393.1110832243075,-95.61108322430755,-7.368869612663395,2.58328530168987,2.6491885061310283,106,12.24056603773585,13.142557388908562
1206.01,1548.8475949918366,-342.83759499183657,-28.42742555964184,2.51587649731414,2.7480251018405455,106,11.377452830188679,14.61176976407393
1593.74,1139.9920771925656,453.7479228074344,28.470636540931043,3.1413586291067555,2.823354510622008,72,22.135277777777777,15.833223294341188
775.53,793.1652880763592,-17.63528807635919,-2.273965942820934,2.6033226989080998,2.6241603845954384,62,12.508548387096774,12.792988517360632
1082.88,1066.1017068041942,16.778293195805873,1.5494138958892834,2.7368579122839822,2.7222613706565957,75,14.438400000000001,14.214689424055923
3271.12,3203.521039300614,67.59896069938577,2.066538699264649,3.642097499414097,3.6217682444192048,88,37.17181818181818,36.403648173870614
762.75,803.3784332186049,-40.62843321860487,-5.326572693360192,2.5879459250635994,2.636032521264142,62,12.30241935483871,12.957716664816207
2266.46,1591.577230371396,674.8827696286041,29.776954794199067,3.4805817530217675,3.140059401797863,72,31.47861111111111,22.10523931071383
1177.19,1235.9160129760153,-58.72601297601523,-4.988660537042892,2.5946182122139616,2.639745824109435,95,12.391473684210528,13.009642241852793
993.63,1027.804064026137,-34.17406402613699,-3.4393148381326037,2.573942568150944,2.6052195125654607,82,12.117439024390244,12.534195902757768
1074.47,1241.3775590749422,-166.90755907494213,-15.533943160343435,2.6578133119182854,2.792737421843851,81,13.265061728395063,15.325648877468423
1284.39,1266.4224709319083,17.967529068091835,1.398915365900687,2.7469722099741496,2.7337936072632694,88,14.59534090909091,14.391164442408048
930.92,959.2759720939302,-28.35597209393029,-3.046015994277735,2.60859812213055,2.6364244961833307,74,12.58,12.963188812080139
592.0,597.6214401822398,-5.62144018223978,-0.9495675983513143,2.552565298261815,2.5612833229647967,50,11.84,11.952428803644796
1229.9,1239.4636152484006,-9.563615248400538,-0.7775929139280052,2.6352153722735365,2.6424078121652683,95,12.946315789473685,13.046985423667374
1029.76,1039.7358812563755,-9.975881256375487,-0.9687578908071285,2.5522787960931828,2.561172012335226,87,11.83632183908046,11.95098714087788
1108.24,1192.6829484314826,-84.44294843148259,-7.619554287111328,2.429868032670288,2.497046793420802,107,10.357383177570094,11.146569611509182
1138.7,1163.9072448858494,-25.207244885849377,-2.2136862111047138,2.6242614094546544,2.6445855559959437,89,12.794382022471911,13.077609493099432
961.2,969.4655395004504,-8.265539500450359,-0.8599187994642488,2.601438301539445,2.6093681902025168,77,12.483116883116883,12.5904615519539
1212.33,1300.5032988213404,-88.1732988213405,-7.2730443708677095,2.62186527676486,2.687133525272247,95,12.76136842105263,13.689508408645688
860.81,1058.5871188868969,-197.77711888689691,-22.975699502433397,2.642093840288001,2.835516499815249,66,13.042575757575756,16.039198771013588
920.93,950.1877148650499,-29.257714865049934,-3.1769748911480717,2.5739472165787296,2.602872626667756,76,12.1175,12.502469932434867
757.57,814.4535223073846,-56.88352230738451,-7.508682010558035,2.4699984537691604,2.5364747233155613,70,10.822428571428572,11.635050318676923
2444.44,2726.492340891601,-282.05234089160103,-11.538525833794285,3.609501966309064,3.7158980327503595,68,35.94764705882353,40.095475601347076
1466.4,1487.1730888532404,-20.773088853240324,-1.4166045317266995,2.688165327433236,2.7012816067303227,107,13.704672897196263,13.898813914516266
1069.49,1104.2495780175286,-34.75957801752861,-3.250107810033624,2.642092787633984,2.6718327469317105,82,13.042560975609756,13.466458268506447
1215.9,1217.176928055349,-1.2769280553488898,-0.10501916731218766,2.66455369308614,2.665530282450022,91,13.361538461538462,13.375570637970869
2163.64,2383.3509545824827,-219.71095458248283,-10.154690918197245,3.645557930325493,3.739863824433049,58,37.30413793103448,41.09225783762901
1018.64,1060.7166837193151,-42.076683719315156,-4.130672634033138,2.608288977821344,2.645839116953187,81,12.575802469135802,13.095267700238459
3805.08,2900.4909399161006,904.5890600838993,23.77319425830467,3.7568666919156617,3.492667677699625,91,41.81406593406593,31.873526812264842
938.69,983.9173320576457,-45.22733205764564,-4.818132936075343,2.477798110550705,2.5209893684585456,86,10.915000000000001,11.440899209972624
1043.94,1065.0305387431147,-21.09053874311462,-2.0202826544738794,2.6196542740476065,2.638212494395699,82,12.730975609756099,12.988177301745301
1332.0,1358.0634233146968,-26.06342331469682,-1.9567134620643258,2.6616571615325,2.6796942258502465,100,13.32,13.580634233146968
1453.14,1464.9902087112462,-11.850208711246069,-0.8154898159328122,2.6972877310294354,2.704864311675731,105,13.839428571428572,13.952287702011867
570.88,586.8812843936761,-16.001284393676087,-2.80291556783844,2.576146662135992,2.601714086603545,47,12.146382978723404,12.486835838163321
1512.48,1542.484733398984,-30.004733398983944,-1.98381025858087,2.761795389101189,2.7802095688715176,102,14.828235294117647,15.122399347048862
903.54,913.2344110834375,-9.694411083437558,-1.0729365698737807,2.580974118534234,2.590842416595772,74,12.209999999999999,12.341005555181589
2592.2200000000003,3051.709842957029,-459.48984295702894,-17.7257270971225,3.520842723406032,3.6795671922421485,79,32.81291139240507,38.62923851844341
1019.07,1024.677635789027,-5.607635789026858,-0.5502699313125554,2.718248026078656,2.723374438264465,72,14.15375,14.231633830403151
1881.0,1705.7424396511537,175.25756034884625,9.317254670326754,2.9045420354893943,2.8123509478718334,109,17.256880733944953,15.64901320780875
1018.16,1047.9450127626887,-29.78501276268878,-2.925376440116365,2.654850328444078,2.681684014046014,77,13.222857142857142,13.609675490424529
887.88,1057.4568468130121,-169.57684681301214,-19.09907271399425,2.7756349253061257,2.9403779762137643,59,15.048813559322033,17.922997403610374
1409.76,1412.315291724823,-2.555291724823064,-0.18125721575467202,2.743005950638809,2.7447003992775554,97,14.53360824742268,14.55995146108065
1281.8,1275.5707797643931,6.229220235606817,0.4859744293654874,2.7557816039234,2.751220354984472,87,14.733333333333333,14.66173310074015
1303.24,1309.124301419119,-5.884301419119083,-0.45151326072857517,2.604994719119601,2.609167449538944,104,12.531153846153845,12.58773366749153
887.04,864.8576356636611,22.18236433633888,2.5007174801969336,2.7283165623077563,2.7046655933910078,62,14.307096774193548,13.949316704252599
1436.4,1579.3626258638767,-142.9626258638766,-9.952842235023434,2.873696019728432,2.963450875759154,86,16.70232558139535,18.36468169609159
1569.38,1602.0866222678533,-32.70662226785316,-2.084047347860503,2.8936152842432663,2.9131104316064214,92,17.058478260869567,17.41398502465058
1248.0,1261.9184220695035,-13.91842206950355,-1.1152581786461178,2.8094026953624978,2.8198288926862927,80,15.6,15.773980275868794
1192.32,1182.2258010610105,10.094198938989393,0.8466014944804577,2.778363157293257,2.7703915325437993,79,15.0926582278481,14.96488355773431
1023.62,1034.3032973805903,-10.683297380590261,-1.043678062229173,2.8476925135936813,2.85747617459532,63,16.247936507936508,16.417512656834766
1472.57,1474.8573847390114,-2.287384739011486,-0.15533283572336026,2.793571463793145,2.7950286627427934,96,15.339270833333332,15.363097757698036
939.82,988.2759888207283,-48.455988820728294,-5.155879723854386,2.930257465179686,2.9779102388690535,53,17.73245283018868,18.64671677020242
1106.08,1091.9137194571167,14.166280542883214,1.280764550745264,2.7442975372844893,2.732240950045483,76,14.553684210526315,14.367285782330484
1652.49,1685.5587346974653,-33.06873469746529,-2.001145828263123,2.854242849842757,2.8729260370464855,101,16.36128712871287,16.68870034353926
1162.32,1209.1773106875705,-46.85731068757059,-4.031360613907581,2.778512699229426,2.8156243511127,77,15.095064935064935,15.703601437500916
1490.58,1534.3046307675938,-43.72463076759391,-2.9333971184098746,2.7666838225843966,2.7938025045937778,100,14.9058,15.34304630767594
2807.7200000000003,3240.2408864019526,-432.52088640195234,-15.404701551506287,3.482697971657469,3.6218632252135983,89,31.547415730337082,36.407200970808454
1065.16,1059.8328916851988,5.327108314801308,0.5001228280071827,2.772729557392468,2.7680298354484827,71,15.002253521126761,14.927223826552096
660.33,675.4232680797637,-15.093268079763675,-2.285715941993196,2.77305736241082,2.7942602405507735,44,15.0075,15.35052881999463
1592.96,1794.1089782958636,-201.14897829586357,-12.627371578436595,2.9077085265832467,3.020482667240572,92,17.31478260869565,19.50118454669417
1483.52,1501.5710626062278,-18.051062606227788,-1.216772447033258,2.949254068891697,2.9607184946296545,82,18.09170731707317,18.311842226905217
1296.46,1318.3578885518966,-21.897888551896585,-1.6890523851022465,2.810606789427302,2.8263563581321067,83,15.620000000000001,15.883829982552971
1515.05,1506.2202825010431,8.829717498956825,0.5828004025581218,2.840104439441544,2.8346017930444725,94,16.11755319148936,16.023620026606842
1177.4,1181.7432384812287,-4.343238481228582,-0.36888385266082735,2.77850069919384,2.781954373507022,78,15.094871794871796,15.150554339502932
1482.95,1613.146649945335,-130.1966499453349,-8.779571121435984,2.9605207966123253,3.04048528700824,81,18.308024691358025,19.915390740065863
1040.65,1286.6163433524498,-245.9663433524497,-23.635837539273503,2.90931163113724,3.1110057505690687,60,17.34416666666667,21.44360572254083
1175.85,1220.7049689578919,-44.85496895789197,-3.814684607551301,2.64368944194182,2.6785107453599126,90,13.065,13.563388543976576
1578.75,1633.9587935696136,-55.20879356961359,-3.496994050331819,2.79286120867608,2.8251620549722296,103,15.327669902912621,15.863677607471976
1258.62,1284.7219276770174,-26.101927677017557,-2.0738529243947785,2.7827925101743314,2.802061200481959,83,15.164096385542168,15.478577441891776
1480.7,1468.6564482673423,12.043551732657761,0.8133687939932303,2.7698703844404617,2.7622172248991244,99,14.956565656565656,14.834913618862043
1372.28,1392.9636392504672,-20.683639250467195,-1.5072462799477655,2.7082406591544,2.722210448976191,98,14.002857142857142,14.213914686229257
1218.3,1190.2035759923183,28.096424007681662,2.3061991305656786,2.6663884157168574,2.6446957023415747,91,13.387912087912087,13.079160175739762
822.19,850.0797023468681,-27.889702346868035,-3.392123760550242,2.672666488821652,2.70375651811468,61,13.478524590163936,13.935732825358492
1386.2,1373.1023080765647,13.097691923435377,0.9448630733974445,2.8292840659163265,2.820353667617773,87,15.933333333333334,15.78278515030534
951.7,980.9986066166201,-29.298606616620077,-3.07855486147106,2.523026200814307,2.5509487525332886,83,11.466265060240964,11.81926032068217
1357.23,1379.0097752202862,-21.779775220286183,-1.6047225024709284,2.7672378935941158,2.7821648230435407,91,14.914615384615384,15.153953573849298
1313.42,1309.9796303096653,3.440369690334819,0.2619397976530599,2.7263028924317645,2.7238519614168846,92,14.276304347826088,14.238909025105057
1214.5,1246.2327719536438,-31.732771953643805,-2.6128260151209393,2.643272702785822,2.667252677574088,93,13.059139784946236,13.400352386598321
1494.35,1485.1741846178427,9.175815382157225,0.6140338864494413,2.6799936033196845,2.6742578501208705,110,13.584999999999999,13.501583496525843
793.17,824.6279049303655,-31.457904930365544,-3.9660986838087102,2.5663120649174727,2.6022719831014705,66,12.017727272727273,12.49436219591463
1079.19,1047.2429794236318,31.94702057636823,2.960277669026606,2.7850025480603944,2.7568340870705184,71,15.199859154929579,14.749901118642702
1277.15,1423.1670215015135,-146.01702150151345,-11.433036174412829,2.6319251740452705,2.7327704204406986,99,12.900505050505052,14.375424459611247
3694.76,3213.5450791556746,481.21492084432566,13.024253830947766,3.829902530935251,3.6936076121383556,82,45.05804878048781,39.18957413604481
1076.9,1076.6210539771337,0.2789460228664211,0.02590268575229094,2.7316799183961504,2.7314377274044523,75,14.358666666666668,14.354947386361783
1595.42,1599.152466965722,-3.732466965721869,-0.23394886398076173,2.90916743716647,2.9113769315731566,92,17.341521739130435,17.38209203223611
1022.7,1019.5354848366871,3.164515163312899,0.3094275118131318,2.77506726575859,2.772161686989279,68,15.039705882352942,14.993168894657163
836.93,873.3168853464001,-36.38688534640016,-4.347661733526121,2.5748555357676475,2.614235109744301,69,12.129420289855071,12.656766454295655
1147.12,1146.8344123093166,0.2855876906833146,0.024896060628645182,2.778426909966027,2.778193391556572,76,15.093684210526314,15.089926477754165
1203.75,1235.9302446927386,-32.1802446927386,-2.6733328924393436,2.645056380020776,2.669588225020976,92,13.084239130434783,13.434024398834115
797.89,838.038921505983,-40.148921505983026,-5.031886789655595,2.491700647857161,2.536821250465888,72,11.081805555555555,11.639429465360875
1187.26,1196.7192776126574,-9.459277612657388,-0.796731770013088,2.7058988690381263,2.7133063847913657,85,13.967764705882352,14.079050324854792
1063.75,1073.6263984151526,-9.876398415152607,-0.9284510848557092,2.5307161858192946,2.539225325495152,92,11.5625,11.669852156686442
1158.43,1185.7850633376906,-27.35506333769058,-2.3613911360799165,2.694007619512255,2.715786124819985,84,13.790833333333333,14.116488849258221
785.35,812.7821886916082,-27.43218869160819,-3.4929889465344353,2.6769390451576043,2.7089488646447606,58,13.54051724137931,14.013486011924279
995.67,1012.6378213254778,-16.96782132547787,-1.7041611503287104,2.62212913859457,2.6378091345752313,78,12.764999999999999,12.98253617083946
1322.59,1333.592568718397,-11.002568718397015,-0.8318956531046671,2.887940028709107,2.8957650006590128,78,16.95628205128205,17.097340624594832
1133.27,1346.6539290492608,-213.38392904926081,-18.829045951032043,2.5594850626455856,2.719669403716744,95,11.929157894736841,14.175304516308008
1668.96,1570.0105747869784,98.94942521302164,5.928807473697491,2.8729768962710494,2.8154150516104326,100,16.6896,15.700105747869785
1025.64,1065.3076152535687,-39.667615253568556,-3.867596354819289,2.580974118534234,2.6160981675022854,84,12.21,12.682233514923436
1458.0,1429.1340747577278,28.86592524227217,1.979830263530327,2.814055670023283,2.795269132556597,93,15.67741935483871,15.367033061911052
613.08,605.3655670606993,7.714432939300764,1.2583077150291584,2.7470877472982984,2.7352415352955584,42,14.597142857142858,14.413465882397603
1411.2,1513.4515951904432,-102.25159519044314,-7.245719613835257,2.9135576653649755,2.9798359739574836,81,17.422222222222224,18.684587594943743
966.88,966.3192401451416,0.560759854858361,0.05799684085495212,2.708900081397513,2.7083585981276364,69,14.012753623188406,14.004626668770168
1457.17,1456.9657331556568,0.2042668443432376,0.014018051726513556,2.8339693607245917,2.833837411183457,91,16.012857142857143,16.010612452259966
1095.25,1083.3589303934884,11.891069606511564,1.0856945543493781,2.722874836116012,2.7126792371383863,77,14.224025974025974,14.069596498616733
1418.5,1535.684867399073,-117.18486739907303,-8.261182051397464,2.739192848458064,2.81362591854068,98,14.474489795918368,15.670253748970133
1115.2,1145.0642937922753,-29.864293792275248,-2.677931652822386,2.604934355298208,2.629431935314569,89,12.530337078651685,12.865890941486239
1201.9,2046.8819736293467,-844.9819736293466,-70.3038500398824,2.9699409807123707,3.480947489670737,65,18.49076923076923,31.490491901989948
1826.47,1736.7524161547963,89.71758384520376,4.912075415703721,2.8767575877976004,2.829294404746141,109,16.756605504587156,15.933508405089874
1518.93,1707.5534815836904,-188.62348158369036,-12.418181323937926,2.7123188551987627,2.822014421618338,108,14.064166666666667,15.810680385034171
1468.35,1482.6137146179258,-14.26371461792587,-0.9714110816852842,2.8106515947322577,2.819739825174956,94,15.620744680851063,15.772486325722614
2271.44,3397.8160277442503,-1126.3760277442502,-49.58863222203757,3.2672172111032007,3.657221368968196,90,25.238222222222223,37.75351141938056
1144.02,1188.366661506891,-44.346661506890996,-3.87638865639508,2.6935031366999715,2.7290071044859405,83,13.783373493975903,14.317670620564952
1532.7,1660.0813699716377,-127.3813699716377,-8.31091341891027,2.831189238111679,2.906491919906283,96,15.965625000000001,17.292514270537893
614.46,652.2764467162235,-37.81644671622348,-6.1544196068456,2.62475916777121,2.6802741700539228,48,12.801250000000001,13.589092639921324
1510.56,1461.2102342585213,49.34976574147868,3.2669848097049226,2.86787392670725,2.8365756452705266,91,16.599560439560438,16.057255321522213
1287.0,1258.7038456564212,28.29615434357879,2.198613391109463,2.72785282839839,2.707089625568641,90,14.3,13.985598285071347
3559.95,2601.477089108539,958.4729108914607,26.92377451625615,4.006216859893794,3.6992336522123317,66,53.93863636363636,39.416319531947565
1363.07,1351.2460437618495,11.823956238150458,0.8674504051993265,2.6924886686459044,2.6843686562380986,99,13.768383838383837,13.648949936988378
1732.19,1810.9716748964518,-78.7816748964517,-4.548096623144788,2.7288732118595336,2.770505808041567,121,14.315619834710745,14.966708056995468
1138.42,1152.2854396999467,-13.865439699946592,-1.2179546828013028,2.700231093513464,2.711528243013189,82,13.883170731707319,14.052261459755448
2491.48,2368.8456312824683,122.63436871753174,4.922149433972247,3.871389672355484,3.8219932724778576,53,47.00905660377359,44.69520059023525
1134.6,1157.542299581792,-22.942299581791985,-2.022060601250836,2.7931528507232883,2.811957471782615,74,15.332432432432432,15.642463507862052
2115.13,1479.0111550918534,636.1188449081467,30.07469256774509,3.1673017893221527,2.8275115759251293,93,22.743333333333336,15.903345753675843
1261.95,1241.7085763087682,20.24142369123183,1.603979847952124,2.855835581840808,2.8406027635475026,77,16.38896103896104,16.12608540660738
1702.92,1754.2490815110807,-51.32908151108063,-3.0141804377821995,2.9505345848803897,2.9786992452164966,94,18.116170212765958,18.662224271394475
1687.68,1710.141683344589,-22.46168334458889,-1.330920751836183,2.846518107019156,2.8589768339657677,104,16.22769230769231,16.44367003215951
1292.7,1359.4908470143869,-66.79084701438683,-5.166770868290154,2.7013612129514133,2.748435694013807,93,13.9,14.618181150692331
730.17,731.8875981926568,-1.717598192656851,-0.23523264344698513,2.7289671630830474,2.731163500206567,51,14.317058823529411,14.35073721946386
1578.52,1690.914628224299,-112.39462822429891,-7.120253669532152,2.849167865338043,2.914094229012016,97,16.27340206185567,17.43210956932267
1429.29,1452.2526592626307,-22.962659262630723,-1.6065780396302167,2.973599531049274,2.988729015200047,77,18.562207792207793,18.86042414626793
1755.08,1879.6276668898302,-124.54766688983023,-7.096409673053664,3.0862039267180355,3.151732093122067,84,20.893809523809523,22.37651984392655
1676.88,1660.1794633447046,16.700536655295537,0.9959291455140222,2.9666768610740744,2.9571853124329435,91,18.427252747252748,18.243730366425325
1644.16,1661.5369995722253,-17.37699957222526,-1.0568922472402478,2.8875958582483525,2.8975265136057,97,16.950103092783507,17.129247418270364
2611.07,3571.395110113006,-960.3251101130058,-36.77898754583392,3.21706501202387,3.5194275100489563,109,23.954770642201836,32.76509275333033
914.38,1022.7443960492295,-108.36439604922953,-11.851133669724788,2.630347476536209,2.73468243700525,71,12.878591549295775,14.404850648580698
2010.2,2041.3737997289109,-31.173799728910808,-1.5507810033285647,3.078404352485634,3.0930899339683537,97,20.723711340206187,21.045090718854752
1488.3,1554.1624700851794,-65.86247008517944,-4.425349061693169,2.7938179643457994,2.834523867652724,97,15.343298969072164,16.022293506032778
1409.05,1476.747872395404,-67.69787239540415,-4.804504623356457,2.6864926367461512,2.7302915506247336,103,13.680097087378641,14.337357984421399
1585.32,1641.9684084199982,-56.648408419998304,-3.5733106514771977,3.0357459414663013,3.069196704280233,80,19.816499999999998,20.52460510524998
1851.36,1954.6878730156989,-103.32787301569897,-5.581187506249404,2.8982419411653697,2.9496339768831845,108,17.14222222222222,18.098961787182397
1662.28,1691.4870627604012,-29.207062760401186,-1.7570483167938726,2.9377841741804387,2.954286799966651,93,17.873978494623657,18.18803293290754
670.67,706.5237571456075,-35.853757145607574,-5.345961075582265,2.614043573819723,2.6623996879755474,53,12.654150943396226,13.330636927275615
1379.53,1393.2937417144756,-13.7637417144756,-0.9977123886015963,2.6488931526666155,2.6581218839586547,105,13.138380952380952,13.26946420680453
2321.5,1648.99735270085,672.5026472991501,28.96845346970278,3.277559326696291,2.950779364254274,91,25.51098901098901,18.12085002967967
1212.33,1236.7971117537643,-24.467111753764357,-2.01818908661539,2.62186527676486,2.6404076293949723,95,12.76136842105263,13.018916965829098
2159.11,2158.595616726423,0.5143832735770957,0.023823856754732073,3.1466863917911403,3.1464583701427866,97,22.258865979381444,22.25356305903529
2263.26,2235.914303310226,27.345696689774286,1.208243714366634,3.080250484023153,3.0686562535528648,109,20.763853211009177,20.512975259726844
1107.84,1118.1235923144095,-10.283592314409589,-0.9282560942383006,2.5681549165040387,2.5766891987341687,92,12.041739130434781,12.153517307765322
631.19,633.2146895603403,-2.024689560340221,-0.32077338999987653,2.919555924466513,2.9225859813426287,36,17.533055555555556,17.589296932231676
1795.2,1864.5723291154904,-69.3723291154904,-3.8643231459163547,2.9419094668564845,2.9778596704112954,100,17.952,18.645723291154905
2407.34,1641.8522786883236,765.4877213116765,31.798072615902882,3.389759198473696,3.022659483209405,84,28.658809523809527,19.54586046057528
1433.12,1542.7484181854009,-109.62841818540096,-7.64963284200911,2.591852115644965,2.6602284409211507,116,12.354482758620689,13.29955532918449
1498.86,1531.3098036275996,-32.44980362759975,-2.1649656157079216,2.790827001331,2.8109442920997165,98,15.294489795918366,15.625610241097956
2242.72,2213.9907450772234,28.729254922776363,1.2810005227035193,3.062847018829164,3.0505607698466815,110,20.388363636363636,20.127188591611123
1593.2,1733.8455367689605,-140.64553676896048,-8.827864472066311,2.9286423522131257,3.00889281292919,90,17.702222222222222,19.264950408544006
993.3,1380.156516715757,-386.85651671575715,-38.94659385037322,2.707392708005683,3.017436238196269,71,13.990140845070423,19.43882417909517
1935.28,1979.6837925795087,-44.40379257950872,-2.294437630705051,2.817441606188783,2.8387854488631525,123,15.733983739837399,16.09499018357324
1089.84,1148.8608020115116,-59.020802011511705,-5.415547420861017,2.7062023410137304,2.75550516579247,78,13.972307692307691,14.728984641173225
1804.29,1863.9008202575296,-59.61082025752967,-3.303838089083776,3.1013051196092998,3.1323695542198813,85,21.22694117647059,21.92824494420623
1171.58,1201.7489377357824,-30.168937735782492,-2.5750642496272125,2.7738539471461072,2.797710368591716,78,15.02025641025641,15.407037663279262
978.75,1020.3734363227292,-41.62343632272916,-4.25271380053427,2.6677512813222397,2.7065636504524817,73,13.407534246575343,13.97771830579081
3206.37,2845.3565860275517,361.01341397244823,11.259256229706747,3.656407913966973,3.5402281398316315,85,37.722,33.47478336503002
495.36,503.4520689472906,-8.092068947290613,-1.6335733501474912,2.831998184796793,2.8472548473982213,31,15.979354838709678,16.240389320880343
2145.9,2309.9499608897854,-164.04996088978532,-7.644809212441647,2.899617770368322,2.969367748060643,125,17.1672,18.479599687118284
1467.33,1611.1805131969845,-143.8505131969846,-9.803555655304846,2.8721062062694536,2.960564548281539,88,16.674204545454543,18.308869468147552
809.38,865.9149764412124,-56.53497644121239,-6.9849732438672065,2.530721871659562,2.593029393166834,70,11.56257142857143,12.370213949160178
1242.91,1261.8826873051794,-18.972687305179306,-1.526473140064792,2.8173850869584687,2.831635545485451,79,15.733037974683546,15.973198573483284
1190.11,1226.5651607671805,-36.45516076718059,-3.063175737299963,2.8904590556729044,2.9189786206461195,70,17.001571428571427,17.52235943953115
1900.67,1884.9553001091388,15.714699890861311,0.8267979128865774,3.151060411166183,3.1431148746843593,85,22.360823529411764,22.175944707166337
3030.55,2867.497113940896,163.05288605910437,5.3803067449507305,3.819181833936265,3.765124387170061,68,44.566911764705885,42.16907520501317
1589.45,1593.2585781178382,-3.808578117838124,-0.23961610103105627,2.926411967513816,2.9286771532460123,90,17.660555555555558,17.702873090198203
1552.26,1554.177035489131,-1.917035489130967,-0.12349963853548808,2.9145831487832883,2.915750493863198,89,17.44112359550562,17.462663320102596
1430.37,2031.5165780669863,-601.1465780669864,-42.027348033514855,2.926322648570697,3.261186052133772,81,17.65888888888889,25.080451581073905
1408.96,1435.7991169229444,-26.839116922944413,-1.9048884938496773,2.7718969936890394,2.7895969273675916,94,14.988936170212765,15.274458690669622
1738.88,1827.377075475049,-88.49707547504886,-5.089314701132272,2.980498547752052,3.027677346062485,93,18.697634408602152,19.649215865323107
1718.55,1746.5088333597014,-27.95883335970143,-1.6268850693725194,3.0775620766553007,3.0929622049427272,83,20.705421686746988,21.042275100719294
969.44,964.3875410818125,5.05245891818754,0.5211729367663331,2.9245682155777444,2.9196240907838065,55,17.62618181818182,17.53431892876023
