Division_ID,Year,Week,Target_Usable_Yield_Kg,Labor_Total,Rainfall_Daily_mm,Temperature_Daily_C,Humidity_Mean_Pct,G_Pct,C_Pct,D_Pct,Kg_Per_Worker_Potential,Date
ELT,2022,7,1800.0,140,15.0,18.7535,89.49744999999999,47.0,41.5,9.5,18.49,2022-02-14
ELT,2022,8,6202.39,517,17.0,18.482071285714287,82.35049657142858,43.285714285714285,41.714285714285715,13.857142857142858,18.495714285714286,2022-02-21
ELT,2022,9,8318.07,533,7.285714285714286,18.628499857142856,81.30238999999999,44.285714285714285,40.714285714285715,13.714285714285714,18.495714285714286,2022-02-28
ELT,2022,10,7316.55,460,18.428571428571427,18.628499714285713,85.47412085714286,44.57142857142857,42.714285714285715,11.571428571428571,18.494285714285713,2022-03-07
ELT,2022,11,6108.49,498,13.857142857142858,18.810642714285713,89.44042785714285,43.714285714285715,41.285714285714285,13.285714285714286,18.494285714285713,2022-03-14
ELT,2022,12,5986.75,472,6.714285714285714,19.107070714285715,90.447142,44.857142857142854,45.42857142857143,8.857142857142858,18.494285714285713,2022-03-21
ELT,2022,13,9046.970000000001,538,18.0,18.82849942857143,89.93936271428572,43.57142857142857,41.142857142857146,14.0,18.51142857142857,2022-03-28
ELT,2022,14,8458.09,598,15.142857142857142,18.867785142857144,91.00954714285714,44.285714285714285,41.285714285714285,12.857142857142858,18.794285714285714,2022-04-04
ELT,2022,15,6926.21,541,11.428571428571429,19.35349942857143,93.10431000000001,46.285714285714285,42.0,10.714285714285714,18.834285714285716,2022-04-11
ELT,2022,16,11919.349999999999,554,18.285714285714285,19.542785142857145,91.90961428571428,45.142857142857146,45.714285714285715,7.857142857142857,18.944285714285712,2022-04-18
ELT,2022,17,9829.25,522,17.0,19.767785428571433,92.74969642857143,45.142857142857146,42.857142857142854,10.571428571428571,18.7,2022-04-25
ELT,2022,18,9123.18,465,29.0,20.210642714285715,93.06202714285713,46.0,42.714285714285715,9.857142857142858,21.812857142857144,2022-05-02
ELT,2022,19,8920.210000000001,523,29.285714285714285,18.992785142857144,96.93055500000001,42.42857142857143,42.42857142857143,14.0,21.627142857142854,2022-05-09
ELT,2022,20,8404.98,541,36.714285714285715,18.95707042857143,96.88684928571429,45.285714285714285,43.0,10.285714285714286,23.012857142857143,2022-05-16
ELT,2022,21,8391.76,574,29.428571428571427,18.917784714285716,95.99718214285714,44.857142857142854,41.57142857142857,12.428571428571429,22.03,2022-05-23
ELT,2022,22,14456.300000000001,529,16.428571428571427,18.453499571428573,97.14491571428572,43.142857142857146,40.42857142857143,15.142857142857142,21.53,2022-05-30
ELT,2022,23,7376.52,512,36.142857142857146,18.789213857142858,94.40642457142857,44.142857142857146,43.857142857142854,10.714285714285714,21.58142857142857,2022-06-06
ELT,2022,24,12390.64,530,38.0,19.214213857142855,92.92117900000001,43.42857142857143,43.857142857142854,11.714285714285714,20.608571428571427,2022-06-13
ELT,2022,25,9249.11,488,29.857142857142858,18.91064242857143,94.00222085714286,44.142857142857146,41.857142857142854,12.428571428571429,21.954285714285714,2022-06-20
ELT,2022,26,10700.56,547,13.714285714285714,19.17135628571429,92.87240142857142,45.57142857142857,41.285714285714285,11.714285714285714,20.0,2022-06-27
ELT,2022,27,8691.52,518,24.571428571428573,18.510642714285716,89.72784728571428,43.714285714285715,41.42857142857143,13.142857142857142,18.654285714285713,2022-07-04
ELT,2022,28,6443.35,524,20.714285714285715,18.389213428571427,93.47341485714286,44.0,41.285714285714285,13.571428571428571,18.914285714285715,2022-07-11
ELT,2022,29,5881.46,489,25.428571428571427,19.117784285714286,94.80531071428572,42.714285714285715,41.57142857142857,14.285714285714286,18.495714285714286,2022-07-18
ELT,2022,30,7622.34,527,22.0,19.38921385714286,90.96561057142857,45.714285714285715,43.57142857142857,9.571428571428571,18.784285714285716,2022-07-25
ELT,2022,31,8837.68,553,9.0,17.549928,97.08086985714286,42.57142857142857,40.857142857142854,15.428571428571429,18.49,2022-08-01
ELT,2022,32,6551.650000000001,530,6.0,18.710642571428572,87.66250714285715,44.857142857142854,42.142857142857146,11.857142857142858,18.494285714285713,2022-08-08
ELT,2022,33,6213.68,512,17.142857142857142,18.914213714285715,93.408347,43.857142857142854,41.142857142857146,13.714285714285714,18.494285714285713,2022-08-15
ELT,2022,34,7869.8099999999995,517,11.0,18.178499285714285,95.90479500000001,44.714285714285715,41.714285714285715,12.428571428571429,18.495714285714286,2022-08-22
ELT,2022,35,9594.39,483,8.571428571428571,18.582071142857142,95.99754442857143,43.714285714285715,43.857142857142854,11.285714285714286,18.551428571428573,2022-08-29
ELT,2022,36,7767.34,525,16.857142857142858,18.403499571428572,94.40810499999999,46.142857142857146,42.714285714285715,9.714285714285714,18.495714285714286,2022-09-05
ELT,2022,37,7728.24,532,7.142857142857143,18.232071142857144,91.33687357142857,42.857142857142854,40.285714285714285,15.428571428571429,18.52857142857143,2022-09-12
ELT,2022,38,5845.78,476,24.428571428571427,18.68564242857143,89.65527714285714,45.0,41.142857142857146,12.285714285714286,18.494285714285713,2022-09-19
ELT,2022,39,7058.5,554,24.285714285714285,18.289213285714286,94.03342857142856,44.714285714285715,39.714285714285715,14.0,19.287142857142857,2022-09-26
ELT,2022,40,6424.05,484,48.142857142857146,18.414213714285715,93.93242414285714,46.142857142857146,44.714285714285715,8.142857142857142,19.13,2022-10-03
ELT,2022,41,7556.52,575,25.857142857142858,18.49278542857143,95.46321,43.57142857142857,39.42857142857143,15.142857142857142,20.148571428571426,2022-10-10
ELT,2022,42,10115.53,491,24.0,18.542785000000002,94.763482,44.57142857142857,40.857142857142854,13.0,19.315714285714286,2022-10-17
ELT,2022,43,10219.19,543,34.57142857142857,18.449928,88.79375228571429,44.714285714285715,43.142857142857146,11.142857142857142,18.854285714285712,2022-10-24
ELT,2022,44,7485.639999999999,589,38.857142857142854,18.71778542857143,93.735454,42.57142857142857,41.857142857142854,14.428571428571429,19.67142857142857,2022-10-31
ELT,2022,45,7124.77,530,24.428571428571427,18.42492814285714,90.24955728571429,45.0,39.714285714285715,13.857142857142858,20.262857142857143,2022-11-07
ELT,2022,46,6559.21,510,36.857142857142854,18.332071000000003,79.34679985714286,41.57142857142857,40.142857142857146,16.571428571428573,20.02,2022-11-14
ELT,2022,47,8777.72,508,29.714285714285715,17.94278542857143,85.30091514285714,46.857142857142854,43.57142857142857,8.428571428571429,21.06714285714286,2022-11-21
ELT,2022,48,8146.280000000001,534,30.714285714285715,18.060642857142856,90.88097371428572,41.285714285714285,43.57142857142857,13.571428571428571,19.43142857142857,2022-11-28
ELT,2022,49,6855.8099999999995,544,21.857142857142858,17.524928428571428,84.78255228571427,45.142857142857146,43.285714285714285,10.428571428571429,18.585714285714285,2022-12-05
ELT,2022,50,11457.43,503,17.714285714285715,17.514214000000003,86.2598272857143,42.42857142857143,44.0,12.428571428571429,18.580000000000002,2022-12-12
ELT,2022,51,6084.29,483,40.0,18.85707142857143,88.46522285714286,45.714285714285715,40.714285714285715,12.0,18.66,2022-12-19
ELT,2022,52,9723.06,507,30.142857142857142,16.946356857142856,85.24647714285713,43.714285714285715,42.0,13.142857142857142,18.541428571428572,2022-12-26
ELT,2023,1,7351.219999999999,542,10.285714285714286,17.1535,85.33145057142858,46.285714285714285,44.285714285714285,8.285714285714286,19.497142857142855,2023-01-02
ELT,2023,2,9688.2,483,15.571428571428571,16.628499714285713,82.44419071428571,41.142857142857146,38.57142857142857,18.857142857142858,19.071428571428573,2023-01-09
ELT,2023,3,9797.77,533,9.0,16.97849957142857,86.24233357142857,42.714285714285715,42.857142857142854,13.142857142857142,19.267142857142858,2023-01-16
ELT,2023,4,11022.17,525,7.285714285714286,17.61064257142857,88.26306142857142,45.0,42.714285714285715,10.714285714285714,19.107142857142858,2023-01-23
ELT,2023,5,6537.2,506,5.142857142857143,18.617785714285713,89.18785857142858,44.714285714285715,44.0,10.142857142857142,18.95285714285714,2023-01-30
ELT,2023,6,7647.85,529,5.714285714285714,17.674928857142856,87.18516,45.142857142857146,44.42857142857143,9.285714285714286,18.91,2023-02-06
ELT,2023,7,6623.52,532,7.285714285714286,17.3535,85.83205014285714,44.714285714285715,42.285714285714285,11.571428571428571,18.592857142857145,2023-02-13
ELT,2023,8,6124.92,494,1.1428571428571428,17.471356714285715,87.39771914285714,43.285714285714285,42.42857142857143,12.428571428571429,18.49142857142857,2023-02-20
ELT,2023,9,8069.039999999999,459,4.142857142857143,18.26064242857143,82.67054142857144,45.714285714285715,44.142857142857146,8.714285714285714,20.554285714285715,2023-02-27
ELT,2023,10,7847.83,476,10.428571428571429,18.232071428571427,86.263482,44.57142857142857,44.714285714285715,9.714285714285714,19.674285714285713,2023-03-06
ELT,2023,11,6916.83,511,10.428571428571429,18.55349985714286,89.48196700000001,44.57142857142857,43.57142857142857,10.714285714285714,20.25,2023-03-13
ELT,2023,12,6900.3099999999995,501,8.285714285714286,18.8535,89.78531428571429,42.57142857142857,40.285714285714285,15.714285714285714,21.448571428571427,2023-03-20
ELT,2023,13,7598.5,552,4.571428571428571,18.799928285714287,87.15351942857144,45.57142857142857,41.714285714285715,11.285714285714286,20.354285714285712,2023-03-27
ELT,2023,14,11595.95,557,10.857142857142858,18.73564257142857,86.82558828571429,43.857142857142854,42.857142857142854,11.857142857142858,24.725714285714286,2023-04-03
ELT,2023,15,10518.75,528,21.0,19.057071428571426,82.28619714285715,44.0,40.0,14.285714285714286,23.78857142857143,2023-04-10
ELT,2023,16,9430.470000000001,467,16.428571428571427,19.34278542857143,89.46107428571429,43.57142857142857,39.857142857142854,14.571428571428571,22.791428571428572,2023-04-17
ELT,2023,17,8811.4,535,17.142857142857142,19.653499857142858,90.62720471428572,44.42857142857143,41.714285714285715,12.571428571428571,24.784285714285716,2023-04-24
ELT,2023,18,10935.18,492,22.428571428571427,19.724928142857145,91.73450928571428,45.57142857142857,43.285714285714285,10.142857142857142,31.77285714285714,2023-05-01
ELT,2023,19,11810.09,557,12.857142857142858,19.87492814285714,95.84367114285715,45.285714285714285,43.714285714285715,9.857142857142858,29.434285714285714,2023-05-08
ELT,2023,20,12556.96,496,30.857142857142858,20.089214142857145,92.46223857142857,47.142857142857146,42.285714285714285,9.285714285714286,29.947142857142858,2023-05-15
ELT,2023,21,14292.65,561,28.714285714285715,19.735642285714285,91.39098085714285,47.142857142857146,42.0,9.428571428571429,30.75142857142857,2023-05-22
ELT,2023,22,12708.210000000001,506,18.428571428571427,20.085642857142858,93.61252128571428,45.714285714285715,42.42857142857143,10.428571428571429,30.184285714285714,2023-05-29
ELT,2023,23,9907.68,471,14.142857142857142,19.842784714285717,94.333892,43.57142857142857,44.285714285714285,10.857142857142858,30.98857142857143,2023-06-05
ELT,2023,24,9062.44,473,24.857142857142858,19.603498857142856,93.198945,43.0,42.714285714285715,13.0,29.48857142857143,2023-06-12
ELT,2023,25,13769.61,550,27.857142857142858,19.589214000000002,94.14555,43.42857142857143,43.857142857142854,11.0,31.187142857142856,2023-06-19
ELT,2023,26,12357.84,525,26.428571428571427,19.146356714285712,95.36174228571429,44.57142857142857,40.57142857142857,13.428571428571429,27.53142857142857,2023-06-26
ELT,2023,27,10803.99,487,11.571428571428571,18.842785142857142,91.42267014285714,44.714285714285715,41.42857142857143,12.714285714285714,24.858571428571427,2023-07-03
ELT,2023,28,11632.07,521,11.571428571428571,19.096357,93.29863914285714,45.57142857142857,38.42857142857143,14.857142857142858,23.2,2023-07-10
ELT,2023,29,10946.37,486,13.428571428571429,18.48921357142857,93.179625,44.42857142857143,43.57142857142857,10.571428571428571,24.49142857142857,2023-07-17
ELT,2023,30,8002.96,509,44.0,18.867785142857144,92.263383,44.57142857142857,40.714285714285715,13.0,21.391428571428573,2023-07-24
ELT,2023,31,9787.26,533,17.0,19.13564142857143,91.65462714285715,43.714285714285715,40.0,15.142857142857142,23.34714285714286,2023-07-31
ELT,2023,32,10400.19,529,11.0,19.182070285714286,92.21961,43.857142857142854,44.142857142857146,10.285714285714286,21.15857142857143,2023-08-07
ELT,2023,33,11003.91,488,14.0,18.574928,91.51282928571429,45.142857142857146,41.285714285714285,12.285714285714286,21.22142857142857,2023-08-14
ELT,2023,34,8903.529999999999,522,15.428571428571429,19.049928714285716,90.21548,43.42857142857143,41.0,14.428571428571429,22.06,2023-08-21
ELT,2023,35,11054.29,547,9.285714285714286,18.864213142857142,95.63859085714286,44.714285714285715,42.42857142857143,11.571428571428571,22.65285714285714,2023-08-28
ELT,2023,36,7906.43,525,17.571428571428573,18.410642285714285,96.68068428571428,42.714285714285715,41.142857142857146,14.285714285714286,23.247142857142855,2023-09-04
ELT,2023,37,10738.68,571,16.428571428571427,18.771356714285712,94.02640228571428,42.857142857142854,42.0,14.285714285714286,24.08142857142857,2023-09-11
ELT,2023,38,8348.05,517,19.428571428571427,18.79992842857143,94.02131485714287,44.857142857142854,43.285714285714285,11.0,24.08857142857143,2023-09-18
ELT,2023,39,12470.18,505,26.0,18.921356428571432,96.45196299999999,45.57142857142857,44.142857142857146,9.0,24.254285714285714,2023-09-25
ELT,2023,40,8886.960000000001,469,33.42857142857143,19.128499857142856,95.60814985714286,45.57142857142857,41.714285714285715,11.571428571428571,28.28,2023-10-02
ELT,2023,41,13007.07,508,19.714285714285715,18.896356857142855,94.89827928571428,44.285714285714285,42.57142857142857,11.714285714285714,28.650000000000002,2023-10-09
ELT,2023,42,10610.35,491,36.857142857142854,18.521356857142855,93.66545628571428,42.42857142857143,44.285714285714285,12.0,25.777142857142856,2023-10-16
ELT,2023,43,10938.55,564,31.857142857142858,18.41064257142857,92.729277,43.0,40.714285714285715,14.571428571428571,25.77857142857143,2023-10-23
ELT,2023,44,11579.18,491,33.285714285714285,18.671356857142857,93.52405857142857,43.285714285714285,43.0,12.428571428571429,27.181428571428572,2023-10-30
ELT,2023,45,8939.2,556,40.142857142857146,18.728500142857143,93.14680971428571,44.285714285714285,41.714285714285715,12.428571428571429,24.141428571428573,2023-11-06
ELT,2023,46,10307.94,567,32.57142857142857,19.01421357142857,94.35166071428571,42.285714285714285,43.57142857142857,12.571428571428571,27.762857142857143,2023-11-13
ELT,2023,47,9401.37,519,46.285714285714285,18.732070571428572,91.18097385714285,44.285714285714285,45.42857142857143,8.571428571428571,26.00857142857143,2023-11-20
ELT,2023,48,8127.1,467,38.42857142857143,19.028499571428572,92.56595714285713,45.0,42.142857142857146,11.714285714285714,25.904285714285717,2023-11-27
ELT,2023,49,10086.44,560,13.285714285714286,18.814213857142857,94.64755442857142,43.714285714285715,39.142857142857146,15.571428571428571,24.117142857142856,2023-12-04
ELT,2023,50,8648.36,534,24.0,18.99992814285714,91.96916428571429,45.0,44.0,10.142857142857142,23.47142857142857,2023-12-11
ELT,2023,51,8271.0,514,26.714285714285715,18.853499714285714,87.72260228571429,44.0,44.0,10.857142857142858,23.86285714285714,2023-12-18
ELT,2023,52,13621.75,560,30.0,19.721357,86.372693,45.285714285714285,43.285714285714285,10.285714285714286,26.37857142857143,2023-12-25
ELT,2024,1,9361.98,512,9.571428571428571,18.92492842857143,90.96681014285714,43.857142857142854,41.857142857142854,12.428571428571429,20.997142857142855,2024-01-01
ELT,2024,2,10048.69,530,4.857142857142857,18.66778557142857,86.11666228571428,46.714285714285715,42.57142857142857,9.714285714285714,23.212857142857143,2024-01-08
ELT,2024,3,8310.7,476,15.285714285714286,17.442785571428573,88.19648428571429,47.0,41.714285714285715,10.285714285714286,21.8,2024-01-15
ELT,2024,4,8933.64,486,8.428571428571429,17.842785714285714,84.59569642857143,43.42857142857143,43.0,12.142857142857142,21.96142857142857,2024-01-22
ELT,2024,5,8614.14,505,6.285714285714286,18.957071285714285,87.78859957142858,45.0,41.857142857142854,11.714285714285714,20.215714285714284,2024-01-29
ELT,2024,6,8190.45,564,3.0,18.342785714285714,72.97019242857142,46.142857142857146,42.0,10.571428571428571,21.267142857142858,2024-02-05
ELT,2024,7,9183.470000000001,546,5.285714285714286,19.364213714285714,82.527153,45.714285714285715,44.0,9.285714285714286,21.07,2024-02-12
ELT,2024,8,7154.12,515,0.0,19.182071428571426,81.22805114285714,42.57142857142857,43.142857142857146,12.857142857142858,21.12142857142857,2024-02-19
ELT,2024,9,6709.0,477,10.285714285714286,19.192785714285716,81.57838871428571,43.57142857142857,39.714285714285715,15.285714285714286,21.648571428571426,2024-02-26
ELT,2024,10,8606.58,526,7.428571428571429,19.31064257142857,79.52316771428572,45.57142857142857,42.42857142857143,10.857142857142858,23.912857142857142,2024-03-04
ELT,2024,11,9128.19,542,8.714285714285714,19.285642857142857,77.93482542857143,47.57142857142857,43.57142857142857,7.857142857142857,24.169999999999998,2024-03-11
ELT,2024,12,10796.02,524,8.714285714285714,19.157071285714288,85.322592,44.285714285714285,44.142857142857146,10.428571428571429,25.002857142857145,2024-03-18
ELT,2024,13,7649.67,492,4.714285714285714,19.478499714285714,87.482878,46.285714285714285,40.857142857142854,11.714285714285714,22.722857142857144,2024-03-25
ELT,2024,14,12197.31,493,17.428571428571427,19.971356285714286,88.07552285714284,45.857142857142854,45.142857142857146,8.428571428571429,30.548571428571428,2024-04-01
ELT,2024,15,12761.64,546,16.571428571428573,19.974928285714288,84.2056522857143,44.42857142857143,43.57142857142857,10.714285714285714,29.17142857142857,2024-04-08
ELT,2024,16,10122.42,506,16.285714285714285,19.996356714285717,90.37142428571428,43.0,43.285714285714285,12.571428571428571,30.75714285714286,2024-04-15
ELT,2024,17,10117.17,539,36.857142857142854,20.324928142857143,86.05716399999999,46.0,43.142857142857146,9.428571428571429,27.46857142857143,2024-04-22
ELT,2024,18,14754.25,529,16.0,20.910642,87.99799442857143,45.714285714285715,41.285714285714285,11.571428571428571,37.18857142857143,2024-04-29
ELT,2024,19,13321.41,528,33.857142857142854,20.753499285714287,92.06785714285715,45.42857142857143,42.57142857142857,10.857142857142858,37.215714285714284,2024-05-06
ELT,2024,20,15111.54,512,18.571428571428573,20.203499714285716,93.30311242857144,43.714285714285715,44.714285714285715,10.0,40.15571428571429,2024-05-13
ELT,2024,21,14439.49,534,13.428571428571429,19.132071285714286,98.32268285714285,46.714285714285715,43.857142857142854,8.0,38.471428571428575,2024-05-20
ELT,2024,22,13088.39,526,38.857142857142854,19.86421342857143,97.18921142857143,43.857142857142854,39.857142857142854,15.0,32.42285714285714,2024-05-27
ELT,2024,23,14347.43,527,17.0,19.589213142857144,94.54621942857143,46.0,40.714285714285715,12.285714285714286,40.355714285714285,2024-06-03
ELT,2024,24,11424.7,479,26.714285714285715,19.332071000000003,93.8893927142857,43.285714285714285,44.857142857142854,11.285714285714286,33.82285714285714,2024-06-10
ELT,2024,25,13584.46,527,24.285714285714285,19.017785142857143,95.730835,44.714285714285715,42.0,12.142857142857142,38.98285714285714,2024-06-17
ELT,2024,26,12698.720000000001,523,34.285714285714285,18.803499428571428,94.02852928571428,46.857142857142854,43.42857142857143,8.714285714285714,32.32,2024-06-24
ELT,2024,27,11992.53,520,23.857142857142858,19.474928142857145,94.32318057142857,43.857142857142854,44.285714285714285,11.142857142857142,30.534285714285716,2024-07-01
ELT,2024,28,9868.09,505,13.571428571428571,18.957070571428574,93.50905214285714,43.57142857142857,42.714285714285715,12.285714285714286,29.024285714285718,2024-07-08
ELT,2024,29,9229.91,523,12.0,19.235641714285716,91.74283214285715,44.857142857142854,43.857142857142854,10.285714285714286,26.29,2024-07-15
ELT,2024,30,14543.52,514,23.857142857142858,19.610642857142857,91.1062262857143,43.857142857142854,44.42857142857143,11.0,29.948571428571427,2024-07-22
ELT,2024,31,10395.880000000001,526,9.142857142857142,19.310642714285713,94.18708342857143,45.142857142857146,42.42857142857143,11.0,29.189999999999998,2024-07-29
ELT,2024,32,9341.789999999999,475,8.428571428571429,19.132070142857142,92.13588814285716,44.42857142857143,42.714285714285715,11.428571428571429,26.11285714285714,2024-08-05
ELT,2024,33,8605.95,499,8.857142857142858,19.282070857142855,95.85886557142858,45.285714285714285,41.0,12.285714285714286,25.738571428571426,2024-08-12
ELT,2024,34,8258.48,464,11.428571428571429,18.94635685714286,93.03048157142858,42.857142857142854,40.0,15.714285714285714,27.642857142857142,2024-08-19
ELT,2024,35,9118.7,537,23.571428571428573,18.799928,93.44577142857143,45.0,42.142857142857146,11.142857142857142,25.24142857142857,2024-08-26
ELT,2024,36,9619.78,503,24.142857142857142,18.657071142857145,95.62465157142857,45.142857142857146,42.42857142857143,11.0,28.358571428571427,2024-09-02
ELT,2024,37,12177.68,474,15.714285714285714,19.199928,94.487475,43.857142857142854,41.714285714285715,12.571428571428571,27.34714285714286,2024-09-09
ELT,2024,38,9621.03,538,23.142857142857142,18.346356714285715,94.60303442857142,45.42857142857143,43.142857142857146,10.285714285714286,26.428571428571427,2024-09-16
ELT,2024,39,10248.65,506,13.142857142857142,19.010642285714287,92.53884657142858,44.714285714285715,42.0,11.714285714285714,26.827142857142857,2024-09-23
ELT,2024,40,10185.47,463,40.0,19.20349942857143,90.28357000000001,46.285714285714285,42.0,10.428571428571429,29.41142857142857,2024-09-30
ELT,2024,41,13665.74,534,32.42857142857143,18.74278485714286,94.60433871428572,46.142857142857146,41.714285714285715,11.142857142857142,35.05,2024-10-07
ELT,2024,42,11322.93,535,27.142857142857142,18.657071,93.80718157142857,43.857142857142854,44.714285714285715,10.285714285714286,31.448571428571427,2024-10-14
ELT,2024,43,11845.39,539,32.714285714285715,19.303499714285717,94.81992085714286,44.285714285714285,45.0,9.428571428571429,32.26,2024-10-21
ELT,2024,44,11930.23,524,23.857142857142858,19.082071142857142,92.91982585714287,45.57142857142857,40.57142857142857,12.428571428571429,33.83714285714286,2024-10-28
ELT,2024,45,12416.81,545,33.57142857142857,18.924927999999998,87.57833714285714,43.285714285714285,40.57142857142857,14.857142857142858,35.457142857142856,2024-11-04
ELT,2024,46,14012.24,496,24.714285714285715,18.90707142857143,91.83619714285715,44.714285714285715,44.42857142857143,9.714285714285714,33.794285714285714,2024-11-11
ELT,2024,47,10459.08,476,32.142857142857146,18.924928285714287,94.15445785714284,41.285714285714285,41.857142857142854,15.571428571428571,33.70142857142857,2024-11-18
ELT,2024,48,11585.84,550,46.142857142857146,18.31778514285714,94.11012485714286,44.857142857142854,40.57142857142857,13.285714285714286,30.997142857142858,2024-11-25
ELT,2024,49,11343.369999999999,550,27.857142857142858,18.792785714285714,86.85282814285713,44.714285714285715,40.714285714285715,13.142857142857142,26.915714285714284,2024-12-02
ELT,2024,50,9300.26,531,20.714285714285715,19.078499571428573,87.99102042857143,44.57142857142857,42.285714285714285,11.714285714285714,26.16857142857143,2024-12-09
ELT,2024,51,12173.92,532,21.285714285714285,19.19635657142857,91.43919714285714,45.0,41.142857142857146,12.285714285714286,27.882857142857144,2024-12-16
ELT,2024,52,9601.04,542,23.142857142857142,18.228499857142857,78.22205799999999,42.42857142857143,43.42857142857143,12.285714285714286,26.812857142857144,2024-12-23
ELT,2025,1,8912.39,465,9.857142857142858,18.753499428571427,94.25890428571428,43.285714285714285,41.42857142857143,13.857142857142858,21.66142857142857,2024-12-30
ELT,2025,2,12306.09,586,2.0,18.546357,89.19787128571429,45.285714285714285,40.57142857142857,12.714285714285714,20.395714285714288,2025-01-06
ELT,2025,3,7318.15,476,6.571428571428571,18.703499571428573,91.54212342857143,46.714285714285715,40.714285714285715,11.428571428571429,20.617142857142856,2025-01-13
ELT,2025,4,8480.949999999999,556,2.4285714285714284,18.935642285714287,91.47236428571429,45.285714285714285,43.42857142857143,10.142857142857142,20.314285714285713,2025-01-20
ELT,2025,5,9750.36,543,11.0,18.903499857142858,86.71580514285714,45.57142857142857,43.42857142857143,10.0,20.29,2025-01-27
ELT,2025,6,5617.49,434,2.857142857142857,17.91064242857143,82.163684,43.857142857142854,43.285714285714285,11.571428571428571,19.235714285714288,2025-02-03
ELT,2025,7,5823.3,440,7.0,18.27849983333333,80.96966633333334,44.833333333333336,39.5,14.0,19.833333333333332,2025-02-10
LN,2022,7,1201.02,100,15.0,18.7535,89.49744999999999,42.0,43.5,13.0,18.5,2022-02-14
LN,2022,8,5249.7,426,17.0,18.482071285714287,82.35049657142858,45.0,39.857142857142854,13.714285714285714,18.494285714285713,2022-02-21
LN,2022,9,6854.37,486,7.285714285714286,18.628499857142856,81.30238999999999,41.57142857142857,38.714285714285715,18.285714285714285,19.775714285714287,2022-02-28
LN,2022,10,5596.05,429,18.428571428571427,18.628499714285713,85.47412085714286,45.57142857142857,43.57142857142857,9.428571428571429,18.842857142857145,2022-03-07
LN,2022,11,7179.72,370,13.857142857142858,18.810642714285713,89.44042785714285,43.285714285714285,43.0,12.142857142857142,19.0,2022-03-14
LN,2022,12,5790.82,455,6.714285714285714,19.107070714285715,90.447142,42.0,44.714285714285715,11.857142857142858,19.334285714285716,2022-03-21
LN,2022,13,5978.76,423,18.0,18.82849942857143,89.93936271428572,44.142857142857146,41.0,13.142857142857142,21.29714285714286,2022-03-28
LN,2022,14,8654.460000000001,394,15.142857142857142,18.867785142857144,91.00954714285714,47.142857142857146,41.714285714285715,10.142857142857142,21.67571428571429,2022-04-04
LN,2022,15,6866.21,467,11.428571428571429,19.35349942857143,93.10431000000001,45.142857142857146,42.285714285714285,11.428571428571429,21.66142857142857,2022-04-11
LN,2022,16,8797.82,461,18.285714285714285,19.542785142857145,91.90961428571428,46.142857142857146,42.714285714285715,9.857142857142858,24.03142857142857,2022-04-18
LN,2022,17,6425.94,402,17.0,19.767785428571433,92.74969642857143,46.0,43.0,9.571428571428571,23.608571428571427,2022-04-25
LN,2022,18,9335.21,417,29.0,20.210642714285715,93.06202714285713,43.142857142857146,43.285714285714285,12.285714285714286,28.669999999999998,2022-05-02
LN,2022,19,8275.89,460,29.285714285714285,18.992785142857144,96.93055500000001,44.714285714285715,44.0,10.142857142857142,26.419999999999998,2022-05-09
LN,2022,20,7257.23,387,36.714285714285715,18.95707042857143,96.88684928571429,44.142857142857146,41.42857142857143,13.0,28.81142857142857,2022-05-16
LN,2022,21,7576.91,405,29.428571428571427,18.917784714285716,95.99718214285714,42.857142857142854,44.142857142857146,11.571428571428571,28.435714285714283,2022-05-23
LN,2022,22,10001.77,433,16.428571428571427,18.453499571428573,97.14491571428572,44.42857142857143,41.0,13.285714285714286,30.19142857142857,2022-05-30
LN,2022,23,9578.06,479,36.142857142857146,18.789213857142858,94.40642457142857,43.142857142857146,42.714285714285715,13.0,26.900000000000002,2022-06-06
LN,2022,24,9764.59,418,38.0,19.214213857142855,92.92117900000001,46.285714285714285,41.142857142857146,11.285714285714286,26.692857142857143,2022-06-13
LN,2022,25,9023.31,445,29.857142857142858,18.91064242857143,94.00222085714286,43.57142857142857,41.142857142857146,13.857142857142858,27.042857142857144,2022-06-20
LN,2022,26,7537.65,402,13.714285714285714,19.17135628571429,92.87240142857142,45.285714285714285,44.0,9.571428571428571,27.274285714285714,2022-06-27
LN,2022,27,8366.46,437,24.571428571428573,18.510642714285716,89.72784728571428,44.0,42.857142857142854,11.857142857142858,21.201428571428572,2022-07-04
LN,2022,28,9592.25,411,20.714285714285715,18.389213428571427,93.47341485714286,43.42857142857143,44.714285714285715,10.285714285714286,21.542857142857144,2022-07-11
LN,2022,29,8950.27,374,25.428571428571427,19.117784285714286,94.80531071428572,44.285714285714285,41.0,13.285714285714286,22.224285714285713,2022-07-18
LN,2022,30,6286.76,436,22.0,19.38921385714286,90.96561057142857,43.57142857142857,44.142857142857146,11.285714285714286,21.28142857142857,2022-07-25
LN,2022,31,9224.43,387,9.0,17.549928,97.08086985714286,43.57142857142857,43.42857142857143,11.714285714285714,20.354285714285712,2022-08-01
LN,2022,32,5574.17,427,6.0,18.710642571428572,87.66250714285715,45.0,38.857142857142854,14.428571428571429,19.93,2022-08-08
LN,2022,33,6057.42,399,17.142857142857142,18.914213714285715,93.408347,45.142857142857146,42.285714285714285,11.571428571428571,20.238571428571426,2022-08-15
LN,2022,34,6064.68,407,11.0,18.178499285714285,95.90479500000001,42.285714285714285,44.714285714285715,11.571428571428571,19.21857142857143,2022-08-22
LN,2022,35,5610.72,424,8.571428571428571,18.582071142857142,95.99754442857143,43.0,43.0,13.0,20.117142857142856,2022-08-29
LN,2022,36,10824.17,407,16.857142857142858,18.403499571428572,94.40810499999999,44.0,43.142857142857146,11.428571428571429,20.47714285714286,2022-09-05
LN,2022,37,6413.63,406,7.142857142857143,18.232071142857144,91.33687357142857,44.142857142857146,39.42857142857143,14.857142857142858,21.75142857142857,2022-09-12
LN,2022,38,6587.23,496,24.428571428571427,18.68564242857143,89.65527714285714,43.57142857142857,42.0,13.0,20.111428571428572,2022-09-19
LN,2022,39,5771.32,397,24.285714285714285,18.289213285714286,94.03342857142856,45.0,44.142857142857146,10.285714285714286,21.824285714285715,2022-09-26
LN,2022,40,6787.63,410,48.142857142857146,18.414213714285715,93.93242414285714,43.57142857142857,42.285714285714285,12.571428571428571,22.064285714285713,2022-10-03
LN,2022,41,7043.2,421,25.857142857142858,18.49278542857143,95.46321,45.714285714285715,43.0,10.428571428571429,24.2,2022-10-10
LN,2022,42,7704.4400000000005,439,24.0,18.542785000000002,94.763482,44.57142857142857,43.857142857142854,10.428571428571429,26.185714285714287,2022-10-17
LN,2022,43,7068.12,421,34.57142857142857,18.449928,88.79375228571429,45.142857142857146,38.714285714285715,14.857142857142858,25.162857142857142,2022-10-24
LN,2022,44,6562.91,374,38.857142857142854,18.71778542857143,93.735454,46.42857142857143,42.285714285714285,10.142857142857142,25.135714285714283,2022-10-31
LN,2022,45,10172.85,373,24.428571428571427,18.42492814285714,90.24955728571429,46.285714285714285,42.42857142857143,10.0,26.35571428571429,2022-11-07
LN,2022,46,7864.25,459,36.857142857142854,18.332071000000003,79.34679985714286,44.0,44.142857142857146,10.857142857142858,25.447142857142858,2022-11-14
LN,2022,47,9507.31,455,29.714285714285715,17.94278542857143,85.30091514285714,46.0,44.285714285714285,8.714285714285714,26.884285714285713,2022-11-21
LN,2022,48,11483.03,452,30.714285714285715,18.060642857142856,90.88097371428572,46.0,41.0,11.714285714285714,22.874285714285715,2022-11-28
LN,2022,49,6578.2699999999995,466,21.857142857142858,17.524928428571428,84.78255228571427,42.42857142857143,43.142857142857146,12.714285714285714,21.415714285714284,2022-12-05
LN,2022,50,8888.07,417,17.714285714285715,17.514214000000003,86.2598272857143,46.857142857142854,42.42857142857143,9.714285714285714,22.439999999999998,2022-12-12
LN,2022,51,7027.1,359,40.0,18.85707142857143,88.46522285714286,42.42857142857143,44.285714285714285,12.142857142857142,21.548571428571428,2022-12-19
LN,2022,52,10225.79,459,30.142857142857142,16.946356857142856,85.24647714285713,46.285714285714285,40.57142857142857,11.857142857142858,21.995714285714286,2022-12-26
LN,2023,1,7562.96,416,10.285714285714286,17.1535,85.33145057142858,47.142857142857146,40.714285714285715,10.714285714285714,18.490000000000002,2023-01-02
LN,2023,2,6625.75,416,15.571428571428571,16.628499714285713,82.44419071428571,44.285714285714285,42.714285714285715,11.714285714285714,18.497142857142855,2023-01-09
LN,2023,3,7010.78,402,9.0,16.97849957142857,86.24233357142857,44.285714285714285,44.714285714285715,9.714285714285714,18.497142857142855,2023-01-16
LN,2023,4,8458.09,423,7.285714285714286,17.61064257142857,88.26306142857142,44.57142857142857,42.142857142857146,12.285714285714286,18.49857142857143,2023-01-23
LN,2023,5,5057.79,404,5.142857142857143,18.617785714285713,89.18785857142858,46.142857142857146,41.142857142857146,11.714285714285714,18.494285714285713,2023-01-30
LN,2023,6,6650.4,417,5.714285714285714,17.674928857142856,87.18516,43.142857142857146,43.285714285714285,12.0,18.49285714285714,2023-02-06
LN,2023,7,5732.61,455,7.285714285714286,17.3535,85.83205014285714,46.57142857142857,39.285714285714285,12.571428571428571,18.495714285714286,2023-02-13
LN,2023,8,7391.33,397,1.1428571428571428,17.471356714285715,87.39771914285714,45.285714285714285,39.0,14.571428571428571,18.49285714285714,2023-02-20
LN,2023,9,6315.360000000001,430,4.142857142857143,18.26064242857143,82.67054142857144,45.857142857142854,44.714285714285715,8.714285714285714,18.497142857142855,2023-02-27
LN,2023,10,5180.26,416,10.428571428571429,18.232071428571427,86.263482,43.857142857142854,43.285714285714285,11.285714285714286,18.497142857142855,2023-03-06
LN,2023,11,7514.34,398,10.428571428571429,18.55349985714286,89.48196700000001,44.285714285714285,41.285714285714285,13.142857142857142,18.497142857142855,2023-03-13
LN,2023,12,5135.32,409,8.285714285714286,18.8535,89.78531428571429,46.142857142857146,40.714285714285715,11.571428571428571,18.495714285714286,2023-03-20
LN,2023,13,6191.280000000001,423,4.571428571428571,18.799928285714287,87.15351942857144,44.285714285714285,42.857142857142854,11.428571428571429,18.49285714285714,2023-03-27
LN,2023,14,5852.650000000001,475,10.857142857142858,18.73564257142857,86.82558828571429,43.857142857142854,41.57142857142857,13.285714285714286,18.78142857142857,2023-04-03
LN,2023,15,6461.48,451,21.0,19.057071428571426,82.28619714285715,44.142857142857146,43.0,11.428571428571429,18.677142857142858,2023-04-10
LN,2023,16,6446.01,468,16.428571428571427,19.34278542857143,89.46107428571429,45.857142857142854,39.142857142857146,13.428571428571429,18.58285714285714,2023-04-17
LN,2023,17,7713.8,435,17.142857142857142,19.653499857142858,90.62720471428572,42.857142857142854,42.57142857142857,13.285714285714286,19.38,2023-04-24
LN,2023,18,8381.59,432,22.428571428571427,19.724928142857145,91.73450928571428,43.714285714285715,40.714285714285715,13.857142857142858,22.3,2023-05-01
LN,2023,19,8483.22,438,12.857142857142858,19.87492814285714,95.84367114285715,43.42857142857143,45.0,10.857142857142858,20.97714285714286,2023-05-08
LN,2023,20,8864.63,366,30.857142857142858,20.089214142857145,92.46223857142857,45.857142857142854,42.42857142857143,10.714285714285714,22.71142857142857,2023-05-15
LN,2023,21,6099.73,417,28.714285714285715,19.735642285714285,91.39098085714285,43.0,42.714285714285715,13.142857142857142,22.504285714285714,2023-05-22
LN,2023,22,7086.09,429,18.428571428571427,20.085642857142858,93.61252128571428,46.142857142857146,40.57142857142857,11.857142857142858,24.351428571428574,2023-05-29
LN,2023,23,11609.44,406,14.142857142857142,19.842784714285717,94.333892,44.857142857142854,44.0,9.714285714285714,22.194285714285716,2023-06-05
LN,2023,24,6614.05,441,24.857142857142858,19.603498857142856,93.198945,44.285714285714285,43.57142857142857,11.0,22.32857142857143,2023-06-12
LN,2023,25,9026.210000000001,442,27.857142857142858,19.589214000000002,94.14555,46.42857142857143,42.285714285714285,10.142857142857142,22.307142857142857,2023-06-19
LN,2023,26,7427.660000000001,371,26.428571428571427,19.146356714285712,95.36174228571429,43.42857142857143,39.0,16.0,20.285714285714285,2023-06-26
LN,2023,27,5232.62,419,11.571428571428571,18.842785142857142,91.42267014285714,43.142857142857146,42.285714285714285,13.285714285714286,19.104285714285712,2023-07-03
LN,2023,28,7501.04,406,11.571428571428571,19.096357,93.29863914285714,43.714285714285715,43.42857142857143,11.428571428571429,18.804285714285715,2023-07-10
LN,2023,29,7706.54,420,13.428571428571429,18.48921357142857,93.179625,42.714285714285715,43.42857142857143,12.857142857142858,18.609999999999996,2023-07-17
LN,2023,30,7740.360000000001,440,44.0,18.867785142857144,92.263383,44.57142857142857,42.285714285714285,11.714285714285714,18.497142857142855,2023-07-24
LN,2023,31,11733.66,466,17.0,19.13564142857143,91.65462714285715,46.0,43.42857142857143,9.571428571428571,18.494285714285713,2023-07-31
LN,2023,32,7993.06,394,11.0,19.182070285714286,92.21961,44.714285714285715,40.285714285714285,13.714285714285714,18.49142857142857,2023-08-07
LN,2023,33,5616.47,474,14.0,18.574928,91.51282928571429,43.285714285714285,38.857142857142854,16.142857142857142,18.497142857142855,2023-08-14
LN,2023,34,6550.79,449,15.428571428571429,19.049928714285716,90.21548,45.0,46.0,8.142857142857142,18.495714285714286,2023-08-21
LN,2023,35,5920.96,409,9.285714285714286,18.864213142857142,95.63859085714286,44.142857142857146,41.142857142857146,13.285714285714286,18.495714285714286,2023-08-28
LN,2023,36,5494.45,436,17.571428571428573,18.410642285714285,96.68068428571428,44.714285714285715,43.285714285714285,10.285714285714286,18.509999999999998,2023-09-04
LN,2023,37,7131.8,399,16.428571428571427,18.771356714285712,94.02640228571428,45.142857142857146,38.714285714285715,14.714285714285714,18.507142857142856,2023-09-11
LN,2023,38,7748.82,465,19.428571428571427,18.79992842857143,94.02131485714287,44.0,45.142857142857146,9.857142857142858,18.495714285714286,2023-09-18
LN,2023,39,6133.76,489,26.0,18.921356428571432,96.45196299999999,43.57142857142857,42.714285714285715,12.0,19.0,2023-09-25
LN,2023,40,5324.11,396,33.42857142857143,19.128499857142856,95.60814985714286,43.857142857142854,40.57142857142857,14.428571428571429,20.458571428571428,2023-10-02
LN,2023,41,5551.45,437,19.714285714285715,18.896356857142855,94.89827928571428,44.285714285714285,42.714285714285715,11.571428571428571,19.108571428571427,2023-10-09
LN,2023,42,4831.75,373,36.857142857142854,18.521356857142855,93.66545628571428,44.42857142857143,44.57142857142857,9.714285714285714,19.052857142857142,2023-10-16
LN,2023,43,5241.58,426,31.857142857142858,18.41064257142857,92.729277,41.0,43.714285714285715,13.714285714285714,19.435714285714283,2023-10-23
LN,2023,44,5050.98,388,33.285714285714285,18.671356857142857,93.52405857142857,43.0,44.57142857142857,11.142857142857142,19.512857142857143,2023-10-30
LN,2023,45,7535.87,422,40.142857142857146,18.728500142857143,93.14680971428571,47.57142857142857,43.0,8.428571428571429,19.905714285714286,2023-11-06
LN,2023,46,5172.9,392,32.57142857142857,19.01421357142857,94.35166071428571,44.857142857142854,43.42857142857143,10.714285714285714,19.585714285714285,2023-11-13
LN,2023,47,6739.07,423,46.285714285714285,18.732070571428572,91.18097385714285,43.142857142857146,45.0,10.714285714285714,20.33285714285714,2023-11-20
LN,2023,48,6653.24,411,38.42857142857143,19.028499571428572,92.56595714285713,46.0,41.42857142857143,11.142857142857142,19.97714285714286,2023-11-27
LN,2023,49,5992.33,404,13.285714285714286,18.814213857142857,94.64755442857142,44.57142857142857,40.42857142857143,13.571428571428571,18.52857142857143,2023-12-04
LN,2023,50,8352.539999999999,469,24.0,18.99992814285714,91.96916428571429,44.42857142857143,44.142857142857146,10.428571428571429,18.957142857142856,2023-12-11
LN,2023,51,11235.47,452,26.714285714285715,18.853499714285714,87.72260228571429,46.0,42.0,11.285714285714286,18.574285714285715,2023-12-18
LN,2023,52,6774.549999999999,432,30.0,19.721357,86.372693,43.714285714285715,44.57142857142857,10.142857142857142,18.542857142857144,2023-12-25
LN,2024,1,8449.619999999999,440,9.571428571428571,18.92492842857143,90.96681014285714,43.285714285714285,44.142857142857146,11.285714285714286,19.351428571428567,2024-01-01
LN,2024,2,4906.85,405,4.857142857142857,18.66778557142857,86.11666228571428,41.857142857142854,42.857142857142854,14.142857142857142,18.738571428571426,2024-01-08
LN,2024,3,8406.53,432,15.285714285714286,17.442785571428573,88.19648428571429,42.857142857142854,41.857142857142854,13.714285714285714,19.641428571428573,2024-01-15
LN,2024,4,5718.51,450,8.428571428571429,17.842785714285714,84.59569642857143,43.714285714285715,40.285714285714285,14.428571428571429,19.419999999999998,2024-01-22
LN,2024,5,5192.82,403,6.285714285714286,18.957071285714285,87.78859957142858,44.285714285714285,44.285714285714285,10.0,18.915714285714284,2024-01-29
LN,2024,6,5078.15,402,3.0,18.342785714285714,72.97019242857142,43.285714285714285,43.285714285714285,11.857142857142858,18.982857142857142,2024-02-05
LN,2024,7,5206.68,413,5.285714285714286,19.364213714285714,82.527153,44.714285714285715,40.285714285714285,13.428571428571429,18.87857142857143,2024-02-12
LN,2024,8,6578.3,380,0.0,19.182071428571426,81.22805114285714,45.42857142857143,45.57142857142857,8.428571428571429,18.497142857142855,2024-02-19
LN,2024,9,7053.46,419,10.285714285714286,19.192785714285716,81.57838871428571,43.285714285714285,44.142857142857146,11.428571428571429,19.38714285714286,2024-02-26
LN,2024,10,8739.93,439,7.428571428571429,19.31064257142857,79.52316771428572,47.0,41.285714285714285,10.142857142857142,20.321428571428573,2024-03-04
LN,2024,11,6068.09,420,8.714285714285714,19.285642857142857,77.93482542857143,44.285714285714285,43.285714285714285,11.571428571428571,21.391428571428573,2024-03-11
LN,2024,12,7143.39,490,8.714285714285714,19.157071285714288,85.322592,44.42857142857143,41.285714285714285,12.857142857142858,21.88714285714286,2024-03-18
LN,2024,13,8428.95,441,4.714285714285714,19.478499714285714,87.482878,44.57142857142857,42.57142857142857,11.857142857142858,21.55,2024-03-25
LN,2024,14,9354.220000000001,420,17.428571428571427,19.971356285714286,88.07552285714284,43.714285714285715,41.57142857142857,13.142857142857142,25.65142857142857,2024-04-01
LN,2024,15,11104.77,476,16.571428571428573,19.974928285714288,84.2056522857143,44.42857142857143,43.57142857142857,10.571428571428571,26.352857142857143,2024-04-08
LN,2024,16,6621.29,408,16.285714285714285,19.996356714285717,90.37142428571428,44.42857142857143,43.285714285714285,11.142857142857142,24.419999999999998,2024-04-15
LN,2024,17,5625.42,355,36.857142857142854,20.324928142857143,86.05716399999999,42.42857142857143,43.857142857142854,12.428571428571429,23.78,2024-04-22
LN,2024,18,10883.7,447,16.0,20.910642,87.99799442857143,43.57142857142857,41.857142857142854,13.571428571428571,31.49857142857143,2024-04-29
LN,2024,19,10924.49,412,33.857142857142854,20.753499285714287,92.06785714285715,45.57142857142857,42.57142857142857,10.428571428571429,29.279999999999998,2024-05-06
LN,2024,20,12768.51,468,18.571428571428573,20.203499714285716,93.30311242857144,43.857142857142854,42.285714285714285,12.142857142857142,33.61,2024-05-13
LN,2024,21,8380.66,394,13.428571428571429,19.132071285714286,98.32268285714285,45.285714285714285,39.42857142857143,13.857142857142858,32.13857142857143,2024-05-20
LN,2024,22,11070.22,456,38.857142857142854,19.86421342857143,97.18921142857143,42.857142857142854,44.0,11.428571428571429,28.84142857142857,2024-05-27
LN,2024,23,11671.1,475,17.0,19.589213142857144,94.54621942857143,45.0,42.857142857142854,10.714285714285714,31.92571428571429,2024-06-03
LN,2024,24,8949.71,430,26.714285714285715,19.332071000000003,93.8893927142857,45.42857142857143,43.0,10.428571428571429,30.24285714285714,2024-06-10
LN,2024,25,8727.79,413,24.285714285714285,19.017785142857143,95.730835,44.285714285714285,42.857142857142854,11.428571428571429,31.18,2024-06-17
LN,2024,26,8777.27,443,34.285714285714285,18.803499428571428,94.02852928571428,45.857142857142854,41.857142857142854,11.0,29.375714285714285,2024-06-24
LN,2024,27,12329.84,398,23.857142857142858,19.474928142857145,94.32318057142857,43.57142857142857,40.57142857142857,13.857142857142858,24.205714285714286,2024-07-01
LN,2024,28,10645.220000000001,449,13.571428571428571,18.957070571428574,93.50905214285714,44.714285714285715,40.857142857142854,13.285714285714286,24.611428571428572,2024-07-08
LN,2024,29,6305.57,434,12.0,19.235641714285716,91.74283214285715,43.42857142857143,42.285714285714285,13.0,21.90857142857143,2024-07-15
LN,2024,30,6758.68,426,23.857142857142858,19.610642857142857,91.1062262857143,43.57142857142857,41.0,14.0,24.25142857142857,2024-07-22
LN,2024,31,8453.52,385,9.142857142857142,19.310642714285713,94.18708342857143,44.42857142857143,43.0,11.142857142857142,22.407142857142855,2024-07-29
LN,2024,32,7833.57,416,8.428571428571429,19.132070142857142,92.13588814285716,45.142857142857146,39.57142857142857,14.0,21.03,2024-08-05
LN,2024,33,10357.9,447,8.857142857142858,19.282070857142855,95.85886557142858,42.714285714285715,43.142857142857146,13.285714285714286,23.045714285714286,2024-08-12
LN,2024,34,7722.97,430,11.428571428571429,18.94635685714286,93.03048157142858,43.714285714285715,43.0,12.0,22.392857142857142,2024-08-19
LN,2024,35,11228.76,443,23.571428571428573,18.799928,93.44577142857143,47.285714285714285,45.142857142857146,6.285714285714286,21.76571428571429,2024-08-26
LN,2024,36,8269.28,446,24.142857142857142,18.657071142857145,95.62465157142857,44.57142857142857,41.57142857142857,12.428571428571429,24.307142857142857,2024-09-02
LN,2024,37,5936.5,398,15.714285714285714,19.199928,94.487475,41.285714285714285,41.42857142857143,15.571428571428571,23.259999999999998,2024-09-09
LN,2024,38,7118.67,384,23.142857142857142,18.346356714285715,94.60303442857142,45.142857142857146,42.142857142857146,11.142857142857142,22.514285714285712,2024-09-16
LN,2024,39,9049.26,450,13.142857142857142,19.010642285714287,92.53884657142858,42.42857142857143,43.42857142857143,12.714285714285714,22.092857142857145,2024-09-23
LN,2024,40,6587.28,403,40.0,19.20349942857143,90.28357000000001,42.57142857142857,42.142857142857146,13.857142857142858,24.90285714285714,2024-09-30
LN,2024,41,9187.42,462,32.42857142857143,18.74278485714286,94.60433871428572,40.142857142857146,43.857142857142854,14.571428571428571,27.395714285714288,2024-10-07
LN,2024,42,7916.49,415,27.142857142857142,18.657071,93.80718157142857,44.0,42.714285714285715,11.857142857142858,25.57,2024-10-14
LN,2024,43,8018.5599999999995,430,32.714285714285715,19.303499714285717,94.81992085714286,45.285714285714285,45.0,8.142857142857142,26.479999999999997,2024-10-21
LN,2024,44,8131.09,429,23.857142857142858,19.082071142857142,92.91982585714287,44.285714285714285,42.714285714285715,11.714285714285714,28.414285714285715,2024-10-28
LN,2024,45,9837.88,377,33.57142857142857,18.924927999999998,87.57833714285714,43.714285714285715,43.0,11.714285714285714,27.115714285714287,2024-11-04
LN,2024,46,8258.29,476,24.714285714285715,18.90707142857143,91.83619714285715,43.285714285714285,41.42857142857143,13.714285714285714,26.914285714285715,2024-11-11
LN,2024,47,8873.17,471,32.142857142857146,18.924928285714287,94.15445785714284,43.57142857142857,40.57142857142857,14.571428571428571,28.284285714285716,2024-11-18
LN,2024,48,9276.8,434,46.142857142857146,18.31778514285714,94.11012485714286,46.714285714285715,43.42857142857143,8.714285714285714,24.21857142857143,2024-11-25
LN,2024,49,7693.96,452,27.857142857142858,18.792785714285714,86.85282814285713,43.57142857142857,42.714285714285715,12.571428571428571,23.34857142857143,2024-12-02
LN,2024,50,6710.45,452,20.714285714285715,19.078499571428573,87.99102042857143,44.857142857142854,43.0,10.714285714285714,21.912857142857142,2024-12-09
LN,2024,51,6832.36,413,21.285714285714285,19.19635657142857,91.43919714285714,45.57142857142857,40.142857142857146,12.571428571428571,24.552857142857142,2024-12-16
LN,2024,52,6398.88,459,23.142857142857142,18.228499857142857,78.22205799999999,41.714285714285715,39.857142857142854,17.0,22.532857142857143,2024-12-23
LN,2025,1,7114.32,395,9.857142857142858,18.753499428571427,94.25890428571428,44.0,45.285714285714285,9.714285714285714,22.192857142857143,2024-12-30
LN,2025,2,6336.4,441,2.0,18.546357,89.19787128571429,44.57142857142857,41.42857142857143,12.428571428571429,21.104285714285712,2025-01-06
LN,2025,3,6475.4400000000005,462,6.571428571428571,18.703499571428573,91.54212342857143,42.42857142857143,46.42857142857143,9.857142857142858,20.88,2025-01-13
LN,2025,4,7782.51,386,2.4285714285714284,18.935642285714287,91.47236428571429,42.142857142857146,44.857142857142854,11.714285714285714,21.382857142857144,2025-01-20
LN,2025,5,5979.28,435,11.0,18.903499857142858,86.71580514285714,44.142857142857146,44.0,11.0,20.601428571428574,2025-01-27
LN,2025,6,6732.6,410,2.857142857142857,17.91064242857143,82.163684,43.0,41.285714285714285,14.428571428571429,21.09857142857143,2025-02-03
LN,2025,7,5547.7699999999995,387,6.285714285714286,18.29278557142857,81.46801257142856,44.714285714285715,43.142857142857146,10.714285714285714,21.24285714285714,2025-02-10
LYN,2022,7,1563.94,131,15.0,18.7535,89.49744999999999,43.0,39.5,16.0,18.494999999999997,2022-02-14
LYN,2022,8,10561.59,598,17.0,18.482071285714287,82.35049657142858,44.142857142857146,41.285714285714285,13.428571428571429,20.715714285714284,2022-02-21
LYN,2022,9,10416.35,607,7.285714285714286,18.628499857142856,81.30238999999999,45.0,44.42857142857143,9.142857142857142,25.002857142857145,2022-02-28
LYN,2022,10,14208.38,610,18.428571428571427,18.628499714285713,85.47412085714286,43.42857142857143,42.57142857142857,12.428571428571429,24.89428571428571,2022-03-07
LYN,2022,11,9516.75,572,13.857142857142858,18.810642714285713,89.44042785714285,44.714285714285715,41.57142857142857,12.428571428571429,24.68857142857143,2022-03-14
LYN,2022,12,12338.68,604,6.714285714285714,19.107070714285715,90.447142,42.57142857142857,42.857142857142854,13.0,24.45285714285714,2022-03-21
LYN,2022,13,16031.53,619,18.0,18.82849942857143,89.93936271428572,45.142857142857146,42.142857142857146,11.285714285714286,28.708571428571428,2022-03-28
LYN,2022,14,11031.14,560,15.142857142857142,18.867785142857144,91.00954714285714,45.57142857142857,43.57142857142857,9.857142857142858,29.09,2022-04-04
LYN,2022,15,14756.720000000001,552,11.428571428571429,19.35349942857143,93.10431000000001,45.142857142857146,41.42857142857143,12.285714285714286,30.90142857142857,2022-04-11
LYN,2022,16,12290.97,620,18.285714285714285,19.542785142857145,91.90961428571428,43.285714285714285,42.714285714285715,12.428571428571429,29.917142857142856,2022-04-18
LYN,2022,17,13621.64,585,17.0,19.767785428571433,92.74969642857143,45.142857142857146,42.42857142857143,11.428571428571429,30.108571428571427,2022-04-25
LYN,2022,18,18398.71,587,29.0,20.210642714285715,93.06202714285713,45.57142857142857,42.857142857142854,10.0,36.01,2022-05-02
LYN,2022,19,20404.84,643,29.285714285714285,18.992785142857144,96.93055500000001,45.57142857142857,41.42857142857143,11.714285714285714,38.40857142857143,2022-05-09
LYN,2022,20,17811.38,696,36.714285714285715,18.95707042857143,96.88684928571429,45.857142857142854,40.714285714285715,12.0,37.91285714285714,2022-05-16
LYN,2022,21,13852.13,584,29.428571428571427,18.917784714285716,95.99718214285714,42.285714285714285,43.57142857142857,13.142857142857142,36.75714285714286,2022-05-23
LYN,2022,22,14708.41,620,16.428571428571427,18.453499571428573,97.14491571428572,42.857142857142854,42.57142857142857,13.142857142857142,36.269999999999996,2022-05-30
LYN,2022,23,17206.64,627,36.142857142857146,18.789213857142858,94.40642457142857,45.42857142857143,41.142857142857146,12.0,34.135714285714286,2022-06-06
LYN,2022,24,14504.2,598,38.0,19.214213857142855,92.92117900000001,43.142857142857146,42.714285714285715,13.0,34.347142857142856,2022-06-13
LYN,2022,25,15986.52,601,29.857142857142858,18.91064242857143,94.00222085714286,46.42857142857143,40.42857142857143,11.571428571428571,35.208571428571425,2022-06-20
LYN,2022,26,14287.24,608,13.714285714285714,19.17135628571429,92.87240142857142,44.0,43.857142857142854,11.428571428571429,34.83571428571428,2022-06-27
LYN,2022,27,11842.08,582,24.571428571428573,18.510642714285716,89.72784728571428,44.0,43.142857142857146,12.142857142857142,26.884285714285713,2022-07-04
LYN,2022,28,13688.93,605,20.714285714285715,18.389213428571427,93.47341485714286,44.57142857142857,44.285714285714285,10.0,27.43,2022-07-11
LYN,2022,29,14081.76,575,25.428571428571427,19.117784285714286,94.80531071428572,44.42857142857143,43.0,11.428571428571429,26.962857142857143,2022-07-18
LYN,2022,30,10749.51,533,22.0,19.38921385714286,90.96561057142857,44.142857142857146,44.142857142857146,10.142857142857142,29.368571428571425,2022-07-25
LYN,2022,31,11998.76,670,9.0,17.549928,97.08086985714286,46.42857142857143,41.142857142857146,11.142857142857142,26.12142857142857,2022-08-01
LYN,2022,32,11900.62,573,6.0,18.710642571428572,87.66250714285715,43.857142857142854,42.0,12.857142857142858,24.525714285714287,2022-08-08
LYN,2022,33,9076.26,540,17.142857142857142,18.914213714285715,93.408347,44.0,39.714285714285715,14.428571428571429,25.768571428571427,2022-08-15
LYN,2022,34,11664.36,612,11.0,18.178499285714285,95.90479500000001,45.714285714285715,40.714285714285715,12.428571428571429,28.352857142857143,2022-08-22
LYN,2022,35,12932.15,606,8.571428571428571,18.582071142857142,95.99754442857143,45.42857142857143,41.0,12.571428571428571,28.2,2022-08-29
LYN,2022,36,13259.79,593,16.857142857142858,18.403499571428572,94.40810499999999,44.42857142857143,41.857142857142854,12.142857142857142,28.12,2022-09-05
LYN,2022,37,10667.51,589,7.142857142857143,18.232071142857144,91.33687357142857,44.857142857142854,42.0,11.857142857142858,27.141428571428573,2022-09-12
LYN,2022,38,11409.05,586,24.428571428571427,18.68564242857143,89.65527714285714,45.57142857142857,43.142857142857146,10.428571428571429,25.577142857142857,2022-09-19
LYN,2022,39,11089.81,600,24.285714285714285,18.289213285714286,94.03342857142856,43.714285714285715,40.0,14.571428571428571,28.072857142857142,2022-09-26
LYN,2022,40,11823.01,600,48.142857142857146,18.414213714285715,93.93242414285714,42.0,44.714285714285715,11.714285714285714,29.95285714285714,2022-10-03
LYN,2022,41,12745.42,605,25.857142857142858,18.49278542857143,95.46321,43.42857142857143,41.714285714285715,13.428571428571429,32.00142857142857,2022-10-10
LYN,2022,42,13539.66,584,24.0,18.542785000000002,94.763482,44.857142857142854,42.857142857142854,11.142857142857142,34.41285714285714,2022-10-17
LYN,2022,43,14295.48,604,34.57142857142857,18.449928,88.79375228571429,42.142857142857146,41.42857142857143,14.428571428571429,30.66142857142857,2022-10-24
LYN,2022,44,12937.33,620,38.857142857142854,18.71778542857143,93.735454,45.57142857142857,40.0,13.0,31.03142857142857,2022-10-31
LYN,2022,45,15959.56,581,24.428571428571427,18.42492814285714,90.24955728571429,43.714285714285715,43.857142857142854,11.0,33.25857142857143,2022-11-07
LYN,2022,46,13355.880000000001,609,36.857142857142854,18.332071000000003,79.34679985714286,44.0,43.285714285714285,11.571428571428571,32.574285714285715,2022-11-14
LYN,2022,47,15060.25,610,29.714285714285715,17.94278542857143,85.30091514285714,42.57142857142857,43.857142857142854,12.285714285714286,34.791428571428575,2022-11-21
LYN,2022,48,13011.949999999999,583,30.714285714285715,18.060642857142856,90.88097371428572,43.142857142857146,42.857142857142854,12.428571428571429,29.878571428571426,2022-11-28
LYN,2022,49,12243.66,573,21.857142857142858,17.524928428571428,84.78255228571427,44.142857142857146,43.0,11.285714285714286,28.108571428571427,2022-12-05
LYN,2022,50,11302.19,582,17.714285714285715,17.514214000000003,86.2598272857143,45.714285714285715,42.42857142857143,10.571428571428571,28.505714285714284,2022-12-12
LYN,2022,51,14758.48,667,40.0,18.85707142857143,88.46522285714286,44.285714285714285,41.285714285714285,13.142857142857142,27.997142857142855,2022-12-19
LYN,2022,52,13232.099999999999,627,30.142857142857142,16.946356857142856,85.24647714285713,45.857142857142854,41.57142857142857,11.142857142857142,26.075714285714287,2022-12-26
LYN,2023,1,10019.47,587,10.285714285714286,17.1535,85.33145057142858,47.42857142857143,41.285714285714285,9.857142857142858,19.872857142857146,2023-01-02
LYN,2023,2,10894.65,607,15.571428571428571,16.628499714285713,82.44419071428571,45.857142857142854,43.42857142857143,9.0,19.497142857142855,2023-01-09
LYN,2023,3,10264.42,573,9.0,16.97849957142857,86.24233357142857,43.714285714285715,43.142857142857146,11.857142857142858,19.912857142857142,2023-01-16
LYN,2023,4,11423.25,617,7.285714285714286,17.61064257142857,88.26306142857142,42.857142857142854,42.714285714285715,13.0,21.66857142857143,2023-01-23
LYN,2023,5,8162.22,630,5.142857142857143,18.617785714285713,89.18785857142858,42.714285714285715,43.285714285714285,12.857142857142858,19.81714285714286,2023-01-30
LYN,2023,6,10483.91,590,5.714285714285714,17.674928857142856,87.18516,44.42857142857143,42.57142857142857,11.571428571428571,19.502857142857142,2023-02-06
LYN,2023,7,8237.94,604,7.285714285714286,17.3535,85.83205014285714,44.714285714285715,44.42857142857143,10.0,20.147142857142857,2023-02-13
LYN,2023,8,8464.56,637,1.1428571428571428,17.471356714285715,87.39771914285714,46.285714285714285,42.57142857142857,9.857142857142858,19.38,2023-02-20
LYN,2023,9,9973.039999999999,550,4.142857142857143,18.26064242857143,82.67054142857144,43.857142857142854,41.142857142857146,13.857142857142858,21.97714285714286,2023-02-27
LYN,2023,10,14175.67,569,10.428571428571429,18.232071428571427,86.263482,43.285714285714285,43.0,12.285714285714286,23.712857142857143,2023-03-06
LYN,2023,11,10838.15,607,10.428571428571429,18.55349985714286,89.48196700000001,43.142857142857146,42.57142857142857,12.857142857142858,24.735714285714288,2023-03-13
LYN,2023,12,9055.21,609,8.285714285714286,18.8535,89.78531428571429,44.714285714285715,43.857142857142854,10.142857142857142,21.648571428571426,2023-03-20
LYN,2023,13,9905.39,597,4.571428571428571,18.799928285714287,87.15351942857144,43.142857142857146,46.42857142857143,9.285714285714286,25.068571428571428,2023-03-27
LYN,2023,14,13218.18,568,10.857142857142858,18.73564257142857,86.82558828571429,45.0,41.714285714285715,11.857142857142858,28.98,2023-04-03
LYN,2023,15,9664.3,539,21.0,19.057071428571426,82.28619714285715,42.714285714285715,43.714285714285715,12.428571428571429,27.51571428571429,2023-04-10
LYN,2023,16,10610.43,608,16.428571428571427,19.34278542857143,89.46107428571429,44.0,41.285714285714285,13.142857142857142,26.594285714285714,2023-04-17
LYN,2023,17,11813.34,587,17.142857142857142,19.653499857142858,90.62720471428572,44.142857142857146,44.714285714285715,10.142857142857142,26.904285714285713,2023-04-24
LYN,2023,18,16476.16,545,22.428571428571427,19.724928142857145,91.73450928571428,47.714285714285715,41.857142857142854,9.285714285714286,37.24,2023-05-01
LYN,2023,19,12983.66,545,12.857142857142858,19.87492814285714,95.84367114285715,42.57142857142857,45.0,10.714285714285714,35.71714285714285,2023-05-08
LYN,2023,20,15244.94,633,30.857142857142858,20.089214142857145,92.46223857142857,44.714285714285715,43.42857142857143,10.714285714285714,33.58571428571428,2023-05-15
LYN,2023,21,14986.11,595,28.714285714285715,19.735642285714285,91.39098085714285,46.142857142857146,41.142857142857146,11.571428571428571,36.74714285714286,2023-05-22
LYN,2023,22,14550.7,571,18.428571428571427,20.085642857142858,93.61252128571428,43.714285714285715,41.285714285714285,13.285714285714286,35.175714285714285,2023-05-29
LYN,2023,23,16346.92,606,14.142857142857142,19.842784714285717,94.333892,47.57142857142857,44.57142857142857,7.0,35.40571428571429,2023-06-05
LYN,2023,24,14872.07,568,24.857142857142858,19.603498857142856,93.198945,46.714285714285715,41.57142857142857,10.571428571428571,31.68857142857143,2023-06-12
LYN,2023,25,15865.81,638,27.857142857142858,19.589214000000002,94.14555,45.0,41.285714285714285,12.285714285714286,34.40428571428571,2023-06-19
LYN,2023,26,12791.18,579,26.428571428571427,19.146356714285712,95.36174228571429,44.57142857142857,43.142857142857146,10.857142857142858,32.137142857142855,2023-06-26
LYN,2023,27,11478.59,619,11.571428571428571,18.842785142857142,91.42267014285714,44.42857142857143,46.142857142857146,8.428571428571429,27.3,2023-07-03
LYN,2023,28,10815.61,581,11.571428571428571,19.096357,93.29863914285714,44.142857142857146,43.57142857142857,11.571428571428571,27.965714285714284,2023-07-10
LYN,2023,29,9843.68,550,13.428571428571429,18.48921357142857,93.179625,43.42857142857143,43.714285714285715,11.714285714285714,26.845714285714283,2023-07-17
LYN,2023,30,13319.02,636,44.0,18.867785142857144,92.263383,43.857142857142854,43.57142857142857,11.428571428571429,25.515714285714285,2023-07-24
LYN,2023,31,10289.62,613,17.0,19.13564142857143,91.65462714285715,44.142857142857146,42.42857142857143,12.285714285714286,23.611428571428572,2023-07-31
LYN,2023,32,11889.460000000001,579,11.0,19.182070285714286,92.21961,45.0,43.142857142857146,10.571428571428571,23.267142857142858,2023-08-07
LYN,2023,33,11158.480000000001,630,14.0,18.574928,91.51282928571429,41.714285714285715,42.0,15.0,22.392857142857142,2023-08-14
LYN,2023,34,11523.04,542,15.428571428571429,19.049928714285716,90.21548,46.0,41.142857142857146,11.285714285714286,23.207142857142856,2023-08-21
LYN,2023,35,12803.12,596,9.285714285714286,18.864213142857142,95.63859085714286,44.42857142857143,44.714285714285715,9.428571428571429,25.625714285714285,2023-08-28
LYN,2023,36,16656.9,573,17.571428571428573,18.410642285714285,96.68068428571428,44.142857142857146,44.714285714285715,9.714285714285714,26.06142857142857,2023-09-04
LYN,2023,37,15168.460000000001,590,16.428571428571427,18.771356714285712,94.02640228571428,45.42857142857143,43.142857142857146,9.714285714285714,25.15857142857143,2023-09-11
LYN,2023,38,9481.25,595,19.428571428571427,18.79992842857143,94.02131485714287,44.57142857142857,39.57142857142857,14.571428571428571,24.2,2023-09-18
LYN,2023,39,11886.279999999999,586,26.0,18.921356428571432,96.45196299999999,42.0,42.0,14.285714285714286,25.167142857142856,2023-09-25
LYN,2023,40,13755.27,604,33.42857142857143,19.128499857142856,95.60814985714286,43.857142857142854,41.42857142857143,13.142857142857142,30.87,2023-10-02
LYN,2023,41,16184.46,629,19.714285714285715,18.896356857142855,94.89827928571428,44.0,38.857142857142854,15.428571428571429,30.254285714285714,2023-10-09
LYN,2023,42,12727.029999999999,615,36.857142857142854,18.521356857142855,93.66545628571428,42.142857142857146,45.285714285714285,11.142857142857142,27.927142857142858,2023-10-16
LYN,2023,43,11786.380000000001,561,31.857142857142858,18.41064257142857,92.729277,44.0,42.57142857142857,11.857142857142858,29.07428571428571,2023-10-23
LYN,2023,44,12996.289999999999,586,33.285714285714285,18.671356857142857,93.52405857142857,45.57142857142857,44.285714285714285,9.0,29.91,2023-10-30
LYN,2023,45,15746.22,642,40.142857142857146,18.728500142857143,93.14680971428571,45.42857142857143,42.285714285714285,11.142857142857142,29.462857142857143,2023-11-06
LYN,2023,46,14650.07,659,32.57142857142857,19.01421357142857,94.35166071428571,47.142857142857146,41.57142857142857,10.285714285714286,28.55857142857143,2023-11-13
LYN,2023,47,12588.470000000001,589,46.285714285714285,18.732070571428572,91.18097385714285,44.57142857142857,44.857142857142854,9.285714285714286,28.25,2023-11-20
LYN,2023,48,11660.300000000001,603,38.42857142857143,19.028499571428572,92.56595714285713,44.0,42.57142857142857,11.714285714285714,28.092857142857145,2023-11-27
LYN,2023,49,10118.21,552,13.285714285714286,18.814213857142857,94.64755442857142,43.714285714285715,42.142857142857146,12.714285714285714,27.235714285714288,2023-12-04
LYN,2023,50,14338.78,601,24.0,18.99992814285714,91.96916428571429,43.285714285714285,44.142857142857146,11.428571428571429,26.66857142857143,2023-12-11
LYN,2023,51,9611.49,553,26.714285714285715,18.853499714285714,87.72260228571429,45.142857142857146,43.142857142857146,10.142857142857142,25.365714285714287,2023-12-18
LYN,2023,52,13486.42,590,30.0,19.721357,86.372693,44.714285714285715,41.142857142857146,12.428571428571429,27.745714285714286,2023-12-25
LYN,2024,1,7387.7,578,9.571428571428571,18.92492842857143,90.96681014285714,44.0,44.0,10.571428571428571,18.88,2024-01-01
LYN,2024,2,8274.35,577,4.857142857142857,18.66778557142857,86.11666228571428,44.857142857142854,41.857142857142854,11.857142857142858,18.95285714285714,2024-01-08
LYN,2024,3,8852.66,589,15.285714285714286,17.442785571428573,88.19648428571429,44.714285714285715,40.857142857142854,12.857142857142858,18.632857142857144,2024-01-15
LYN,2024,4,11190.25,597,8.428571428571429,17.842785714285714,84.59569642857143,45.0,43.0,11.0,18.658571428571427,2024-01-22
LYN,2024,5,10988.35,638,6.285714285714286,18.957071285714285,87.78859957142858,42.857142857142854,43.285714285714285,12.428571428571429,18.49857142857143,2024-01-29
LYN,2024,6,11102.67,568,3.0,18.342785714285714,72.97019242857142,45.57142857142857,39.857142857142854,13.0,18.494285714285713,2024-02-05
LYN,2024,7,7403.27,624,5.285714285714286,19.364213714285714,82.527153,41.57142857142857,40.857142857142854,15.714285714285714,18.49285714285714,2024-02-12
LYN,2024,8,7179.57,577,0.0,19.182071428571426,81.22805114285714,45.57142857142857,41.142857142857146,12.285714285714286,18.495714285714286,2024-02-19
LYN,2024,9,7168.67,578,10.285714285714286,19.192785714285716,81.57838871428571,43.0,43.285714285714285,12.285714285714286,18.707142857142856,2024-02-26
LYN,2024,10,7310.03,540,7.428571428571429,19.31064257142857,79.52316771428572,44.857142857142854,42.857142857142854,11.285714285714286,20.16142857142857,2024-03-04
LYN,2024,11,10149.38,579,8.714285714285714,19.285642857142857,77.93482542857143,44.0,41.285714285714285,13.428571428571429,20.01142857142857,2024-03-11
LYN,2024,12,8054.04,544,8.714285714285714,19.157071285714288,85.322592,44.285714285714285,40.0,14.0,19.604285714285712,2024-03-18
LYN,2024,13,11060.89,631,4.714285714285714,19.478499714285714,87.482878,43.142857142857146,43.285714285714285,12.428571428571429,20.66142857142857,2024-03-25
LYN,2024,14,14133.65,624,17.428571428571427,19.971356285714286,88.07552285714284,44.57142857142857,40.0,13.857142857142858,22.601428571428574,2024-04-01
LYN,2024,15,10250.58,552,16.571428571428573,19.974928285714288,84.2056522857143,41.42857142857143,40.714285714285715,16.714285714285715,23.767142857142858,2024-04-08
LYN,2024,16,12577.76,670,16.285714285714285,19.996356714285717,90.37142428571428,43.285714285714285,43.0,12.0,23.705714285714286,2024-04-15
LYN,2024,17,10141.19,590,36.857142857142854,20.324928142857143,86.05716399999999,43.714285714285715,37.42857142857143,17.571428571428573,23.65857142857143,2024-04-22
LYN,2024,18,12398.400000000001,546,16.0,20.910642,87.99799442857143,46.0,44.142857142857146,8.428571428571429,28.162857142857145,2024-04-29
LYN,2024,19,12372.93,634,33.857142857142854,20.753499285714287,92.06785714285715,44.142857142857146,41.57142857142857,13.0,27.147142857142857,2024-05-06
LYN,2024,20,12747.49,620,18.571428571428573,20.203499714285716,93.30311242857144,44.57142857142857,41.0,13.142857142857142,29.701428571428572,2024-05-13
LYN,2024,21,12055.4,597,13.428571428571429,19.132071285714286,98.32268285714285,46.285714285714285,42.42857142857143,10.0,29.55,2024-05-20
LYN,2024,22,11095.11,634,38.857142857142854,19.86421342857143,97.18921142857143,43.285714285714285,42.0,13.142857142857142,26.919999999999998,2024-05-27
LYN,2024,23,11598.61,574,17.0,19.589213142857144,94.54621942857143,44.42857142857143,41.57142857142857,12.571428571428571,30.431428571428572,2024-06-03
LYN,2024,24,11895.039999999999,591,26.714285714285715,19.332071000000003,93.8893927142857,43.285714285714285,42.0,13.0,28.357142857142858,2024-06-10
LYN,2024,25,14115.48,583,24.285714285714285,19.017785142857143,95.730835,45.285714285714285,41.285714285714285,11.857142857142858,29.194285714285712,2024-06-17
LYN,2024,26,9241.08,537,34.285714285714285,18.803499428571428,94.02852928571428,44.42857142857143,42.714285714285715,11.285714285714286,25.722857142857144,2024-06-24
LYN,2024,27,8303.42,593,23.857142857142858,19.474928142857145,94.32318057142857,46.42857142857143,41.714285714285715,10.428571428571429,20.58142857142857,2024-07-01
LYN,2024,28,12445.95,646,13.571428571428571,18.957070571428574,93.50905214285714,44.714285714285715,43.714285714285715,10.142857142857142,22.482857142857142,2024-07-08
LYN,2024,29,15277.06,666,12.0,19.235641714285716,91.74283214285715,44.42857142857143,41.142857142857146,12.714285714285714,21.592857142857145,2024-07-15
LYN,2024,30,9210.05,581,23.857142857142858,19.610642857142857,91.1062262857143,44.285714285714285,41.714285714285715,12.285714285714286,21.810000000000002,2024-07-22
LYN,2024,31,9443.619999999999,568,9.142857142857142,19.310642714285713,94.18708342857143,43.57142857142857,45.42857142857143,9.714285714285714,21.302857142857142,2024-07-29
LYN,2024,32,9838.35,636,8.428571428571429,19.132070142857142,92.13588814285716,42.285714285714285,45.857142857142854,10.857142857142858,19.821428571428573,2024-08-05
LYN,2024,33,9269.16,657,8.857142857142858,19.282070857142855,95.85886557142858,46.857142857142854,39.57142857142857,12.285714285714286,20.898571428571426,2024-08-12
LYN,2024,34,10894.82,641,11.428571428571429,18.94635685714286,93.03048157142858,45.285714285714285,41.285714285714285,12.142857142857142,19.517142857142858,2024-08-19
LYN,2024,35,9104.32,570,23.571428571428573,18.799928,93.44577142857143,44.857142857142854,43.57142857142857,10.714285714285714,20.15285714285714,2024-08-26
LYN,2024,36,10356.58,626,24.142857142857142,18.657071142857145,95.62465157142857,44.57142857142857,42.57142857142857,11.571428571428571,21.074285714285715,2024-09-02
LYN,2024,37,8244.29,600,15.714285714285714,19.199928,94.487475,44.42857142857143,43.285714285714285,11.571428571428571,20.43857142857143,2024-09-09
LYN,2024,38,10159.66,622,23.142857142857142,18.346356714285715,94.60303442857142,43.285714285714285,43.285714285714285,12.0,20.712857142857143,2024-09-16
LYN,2024,39,8873.47,599,13.142857142857142,19.010642285714287,92.53884657142858,44.285714285714285,41.57142857142857,12.571428571428571,22.49285714285714,2024-09-23
LYN,2024,40,8698.16,573,40.0,19.20349942857143,90.28357000000001,46.142857142857146,42.57142857142857,10.0,22.204285714285714,2024-09-30
LYN,2024,41,11924.5,633,32.42857142857143,18.74278485714286,94.60433871428572,44.714285714285715,42.0,11.714285714285714,25.775714285714287,2024-10-07
LYN,2024,42,10410.98,600,27.142857142857142,18.657071,93.80718157142857,46.857142857142854,40.285714285714285,11.571428571428571,25.67142857142857,2024-10-14
LYN,2024,43,10066.869999999999,630,32.714285714285715,19.303499714285717,94.81992085714286,43.142857142857146,39.42857142857143,15.857142857142858,24.96857142857143,2024-10-21
LYN,2024,44,9663.619999999999,586,23.857142857142858,19.082071142857142,92.91982585714287,43.857142857142854,40.57142857142857,13.857142857142858,25.08857142857143,2024-10-28
LYN,2024,45,9668.93,575,33.57142857142857,18.924927999999998,87.57833714285714,45.714285714285715,42.857142857142854,10.0,24.15857142857143,2024-11-04
LYN,2024,46,14137.98,617,24.714285714285715,18.90707142857143,91.83619714285715,44.714285714285715,41.714285714285715,12.285714285714286,25.978571428571428,2024-11-11
LYN,2024,47,9730.05,586,32.142857142857146,18.924928285714287,94.15445785714284,43.0,43.42857142857143,11.571428571428571,25.10571428571429,2024-11-18
LYN,2024,48,13291.83,625,46.142857142857146,18.31778514285714,94.11012485714286,44.285714285714285,44.0,10.571428571428571,23.451428571428572,2024-11-25
LYN,2024,49,9445.99,569,27.857142857142858,18.792785714285714,86.85282814285713,45.142857142857146,43.285714285714285,10.571428571428571,21.259999999999998,2024-12-02
LYN,2024,50,11169.22,609,20.714285714285715,19.078499571428573,87.99102042857143,46.42857142857143,43.285714285714285,9.0,21.585714285714285,2024-12-09
LYN,2024,51,9797.5,616,21.285714285714285,19.19635657142857,91.43919714285714,44.714285714285715,42.142857142857146,11.142857142857142,23.31714285714286,2024-12-16
LYN,2024,52,11949.95,529,23.142857142857142,18.228499857142857,78.22205799999999,44.57142857142857,42.0,11.428571428571429,19.857142857142858,2024-12-23
LYN,2025,1,9906.84,597,9.857142857142858,18.753499428571427,94.25890428571428,43.0,40.285714285714285,15.285714285714286,19.27857142857143,2024-12-30
LYN,2025,2,7511.25,598,2.0,18.546357,89.19787128571429,45.142857142857146,42.0,11.0,18.497142857142855,2025-01-06
LYN,2025,3,8058.28,623,6.571428571428571,18.703499571428573,91.54212342857143,46.42857142857143,43.42857142857143,8.714285714285714,18.497142857142855,2025-01-13
LYN,2025,4,12688.69,622,2.4285714285714284,18.935642285714287,91.47236428571429,45.285714285714285,42.857142857142854,10.857142857142858,18.497142857142855,2025-01-20
LYN,2025,5,12083.49,565,11.0,18.903499857142858,86.71580514285714,44.714285714285715,43.42857142857143,10.571428571428571,18.495714285714286,2025-01-27
LYN,2025,6,8015.44,518,2.857142857142857,17.91064242857143,82.163684,43.285714285714285,41.57142857142857,13.714285714285714,18.497142857142855,2025-02-03
LYN,2025,7,8180.34,595,6.285714285714286,18.29278557142857,81.46801257142856,43.57142857142857,44.285714285714285,10.857142857142858,18.497142857142855,2025-02-10
NC,2022,7,1521.88,127,15.0,18.7535,89.49744999999999,42.0,41.5,15.0,18.494999999999997,2022-02-14
NC,2022,8,10479.630000000001,552,17.0,18.482071285714287,82.35049657142858,43.57142857142857,44.142857142857146,11.0,18.68857142857143,2022-02-21
NC,2022,9,8608.95,582,7.285714285714286,18.628499857142856,81.30238999999999,46.142857142857146,40.857142857142854,12.0,21.86285714285714,2022-02-28
NC,2022,10,8855.51,570,18.428571428571427,18.628499714285713,85.47412085714286,47.0,41.142857142857146,10.285714285714286,22.330000000000002,2022-03-07
NC,2022,11,9381.55,614,13.857142857142858,18.810642714285713,89.44042785714285,44.142857142857146,42.285714285714285,12.142857142857142,22.774285714285718,2022-03-14
NC,2022,12,12140.42,606,6.714285714285714,19.107070714285715,90.447142,42.714285714285715,42.285714285714285,13.428571428571429,22.632857142857144,2022-03-21
NC,2022,13,11485.93,601,18.0,18.82849942857143,89.93936271428572,39.142857142857146,45.285714285714285,14.0,24.009999999999998,2022-03-28
NC,2022,14,10445.38,624,15.142857142857142,18.867785142857144,91.00954714285714,44.42857142857143,38.57142857142857,15.142857142857142,25.65285714285714,2022-04-04
NC,2022,15,9967.09,534,11.428571428571429,19.35349942857143,93.10431000000001,43.42857142857143,44.285714285714285,11.0,27.761428571428574,2022-04-11
NC,2022,16,15702.33,601,18.285714285714285,19.542785142857145,91.90961428571428,46.142857142857146,45.42857142857143,7.714285714285714,28.632857142857144,2022-04-18
NC,2022,17,11300.41,578,17.0,19.767785428571433,92.74969642857143,46.285714285714285,38.857142857142854,13.142857142857142,29.737142857142857,2022-04-25
NC,2022,18,12289.86,562,29.0,20.210642714285715,93.06202714285713,44.57142857142857,43.0,11.285714285714286,33.238571428571426,2022-05-02
NC,2022,19,13836.77,588,29.285714285714285,18.992785142857144,96.93055500000001,44.714285714285715,42.142857142857146,11.857142857142858,32.59571428571429,2022-05-09
NC,2022,20,14378.54,590,36.714285714285715,18.95707042857143,96.88684928571429,45.285714285714285,41.142857142857146,12.571428571428571,34.16571428571429,2022-05-16
NC,2022,21,15460.55,565,29.428571428571427,18.917784714285716,95.99718214285714,44.42857142857143,42.42857142857143,11.428571428571429,32.51428571428571,2022-05-23
NC,2022,22,18404.54,587,16.428571428571427,18.453499571428573,97.14491571428572,42.42857142857143,44.285714285714285,11.857142857142858,32.28142857142857,2022-05-30
NC,2022,23,11959.45,534,36.142857142857146,18.789213857142858,94.40642457142857,45.857142857142854,42.0,11.0,32.395714285714284,2022-06-06
NC,2022,24,12728.26,624,38.0,19.214213857142855,92.92117900000001,45.714285714285715,42.142857142857146,10.714285714285714,30.357142857142858,2022-06-13
NC,2022,25,14208.37,591,29.857142857142858,18.91064242857143,94.00222085714286,43.285714285714285,40.0,15.285714285714286,31.891428571428573,2022-06-20
NC,2022,26,12222.02,565,13.714285714285714,19.17135628571429,92.87240142857142,43.57142857142857,43.142857142857146,12.0,29.895714285714288,2022-06-27
NC,2022,27,11161.890000000001,674,24.571428571428573,18.510642714285716,89.72784728571428,44.57142857142857,41.142857142857146,12.857142857142858,24.175714285714285,2022-07-04
NC,2022,28,10034.85,571,20.714285714285715,18.389213428571427,93.47341485714286,43.142857142857146,42.0,13.142857142857142,26.885714285714283,2022-07-11
NC,2022,29,10882.85,607,25.428571428571427,19.117784285714286,94.80531071428572,44.857142857142854,42.57142857142857,11.0,26.75714285714286,2022-07-18
NC,2022,30,12899.050000000001,591,22.0,19.38921385714286,90.96561057142857,44.142857142857146,45.42857142857143,9.428571428571429,26.44,2022-07-25
NC,2022,31,11178.9,561,9.0,17.549928,97.08086985714286,46.42857142857143,42.57142857142857,9.857142857142858,23.74857142857143,2022-08-01
NC,2022,32,13707.17,599,6.0,18.710642571428572,87.66250714285715,44.714285714285715,43.57142857142857,10.571428571428571,23.05857142857143,2022-08-08
NC,2022,33,8921.17,604,17.142857142857142,18.914213714285715,93.408347,43.714285714285715,40.42857142857143,14.714285714285714,22.91714285714286,2022-08-15
NC,2022,34,11300.470000000001,584,11.0,18.178499285714285,95.90479500000001,43.142857142857146,45.142857142857146,10.571428571428571,24.762857142857143,2022-08-22
NC,2022,35,12124.73,592,8.571428571428571,18.582071142857142,95.99754442857143,47.285714285714285,42.285714285714285,9.285714285714286,26.24285714285714,2022-08-29
NC,2022,36,13693.779999999999,593,16.857142857142858,18.403499571428572,94.40810499999999,46.0,42.42857142857143,10.571428571428571,26.104285714285712,2022-09-05
NC,2022,37,9765.06,590,7.142857142857143,18.232071142857144,91.33687357142857,43.285714285714285,39.714285714285715,16.0,24.020000000000003,2022-09-12
NC,2022,38,10911.119999999999,580,24.428571428571427,18.68564242857143,89.65527714285714,43.142857142857146,39.0,16.142857142857142,26.405714285714286,2022-09-19
NC,2022,39,13199.1,604,24.285714285714285,18.289213285714286,94.03342857142856,44.42857142857143,41.714285714285715,12.0,26.014285714285716,2022-09-26
NC,2022,40,9939.13,541,48.142857142857146,18.414213714285715,93.93242414285714,42.0,41.285714285714285,15.428571428571429,26.31142857142857,2022-10-03
NC,2022,41,12367.7,547,25.857142857142858,18.49278542857143,95.46321,43.0,41.285714285714285,14.285714285714286,30.79714285714286,2022-10-10
NC,2022,42,10177.42,510,24.0,18.542785000000002,94.763482,44.57142857142857,41.57142857142857,12.428571428571429,29.65285714285714,2022-10-17
NC,2022,43,12864.11,591,34.57142857142857,18.449928,88.79375228571429,46.57142857142857,41.42857142857143,10.571428571428571,28.69142857142857,2022-10-24
NC,2022,44,15717.4,572,38.857142857142854,18.71778542857143,93.735454,45.42857142857143,40.57142857142857,12.428571428571429,29.84857142857143,2022-10-31
NC,2022,45,16867.63,552,24.428571428571427,18.42492814285714,90.24955728571429,48.142857142857146,39.857142857142854,10.714285714285714,29.99142857142857,2022-11-07
NC,2022,46,13041.82,556,36.857142857142854,18.332071000000003,79.34679985714286,42.142857142857146,42.285714285714285,14.142857142857142,29.125714285714288,2022-11-14
NC,2022,47,12308.86,527,29.714285714285715,17.94278542857143,85.30091514285714,45.57142857142857,43.42857142857143,9.857142857142858,34.042857142857144,2022-11-21
NC,2022,48,11279.32,626,30.714285714285715,18.060642857142856,90.88097371428572,45.857142857142854,44.142857142857146,8.285714285714286,26.115714285714287,2022-11-28
NC,2022,49,14230.69,619,21.857142857142858,17.524928428571428,84.78255228571427,43.42857142857143,40.714285714285715,14.428571428571429,25.95,2022-12-05
NC,2022,50,13060.36,595,17.714285714285715,17.514214000000003,86.2598272857143,43.285714285714285,43.142857142857146,12.285714285714286,26.72,2022-12-12
NC,2022,51,12258.08,606,40.0,18.85707142857143,88.46522285714286,43.142857142857146,45.142857142857146,10.571428571428571,26.189999999999998,2022-12-19
NC,2022,52,9986.99,587,30.142857142857142,16.946356857142856,85.24647714285713,43.142857142857146,42.285714285714285,13.571428571428571,25.57,2022-12-26
NC,2023,1,8519.59,573,10.285714285714286,17.1535,85.33145057142858,44.142857142857146,41.285714285714285,13.0,18.74142857142857,2023-01-02
NC,2023,2,7547.469999999999,591,15.571428571428571,16.628499714285713,82.44419071428571,44.714285714285715,43.857142857142854,10.142857142857142,18.825714285714287,2023-01-09
NC,2023,3,7732.05,597,9.0,16.97849957142857,86.24233357142857,46.0,44.714285714285715,8.285714285714286,18.638571428571428,2023-01-16
NC,2023,4,7965.74,617,7.285714285714286,17.61064257142857,88.26306142857142,44.42857142857143,44.42857142857143,9.428571428571429,18.740000000000002,2023-01-23
NC,2023,5,7518.39,591,5.142857142857143,18.617785714285713,89.18785857142858,46.714285714285715,40.714285714285715,11.0,18.607142857142858,2023-01-30
NC,2023,6,8163.74,584,5.714285714285714,17.674928857142856,87.18516,45.142857142857146,42.714285714285715,10.571428571428571,18.497142857142855,2023-02-06
NC,2023,7,7743.62,593,7.285714285714286,17.3535,85.83205014285714,42.142857142857146,42.0,14.571428571428571,18.495714285714286,2023-02-13
NC,2023,8,8360.86,582,1.1428571428571428,17.471356714285715,87.39771914285714,41.42857142857143,39.714285714285715,17.428571428571427,18.495714285714286,2023-02-20
NC,2023,9,7237.93,566,4.142857142857143,18.26064242857143,82.67054142857144,44.285714285714285,40.57142857142857,14.0,19.475714285714282,2023-02-27
NC,2023,10,10173.58,658,10.428571428571429,18.232071428571427,86.263482,44.42857142857143,41.714285714285715,12.571428571428571,19.91857142857143,2023-03-06
NC,2023,11,9633.4,609,10.428571428571429,18.55349985714286,89.48196700000001,45.142857142857146,43.142857142857146,10.428571428571429,20.07,2023-03-13
NC,2023,12,8596.279999999999,637,8.285714285714286,18.8535,89.78531428571429,44.0,42.0,12.714285714285714,20.33142857142857,2023-03-20
NC,2023,13,10996.09,538,4.571428571428571,18.799928285714287,87.15351942857144,44.57142857142857,40.57142857142857,13.571428571428571,20.39428571428571,2023-03-27
NC,2023,14,9572.6,604,10.857142857142858,18.73564257142857,86.82558828571429,42.142857142857146,41.285714285714285,15.0,22.925714285714285,2023-04-03
NC,2023,15,10167.55,597,21.0,19.057071428571426,82.28619714285715,45.0,42.285714285714285,11.142857142857142,22.824285714285715,2023-04-10
NC,2023,16,12694.18,568,16.428571428571427,19.34278542857143,89.46107428571429,45.714285714285715,41.285714285714285,11.428571428571429,22.79,2023-04-17
NC,2023,17,11187.99,569,17.142857142857142,19.653499857142858,90.62720471428572,44.42857142857143,39.0,15.0,23.592857142857145,2023-04-24
NC,2023,18,10968.039999999999,565,22.428571428571427,19.724928142857145,91.73450928571428,43.714285714285715,43.285714285714285,11.571428571428571,28.737142857142857,2023-05-01
NC,2023,19,14393.27,593,12.857142857142858,19.87492814285714,95.84367114285715,44.714285714285715,46.142857142857146,8.714285714285714,29.675714285714285,2023-05-08
NC,2023,20,11680.79,580,30.857142857142858,20.089214142857145,92.46223857142857,43.142857142857146,42.857142857142854,12.285714285714286,24.495714285714286,2023-05-15
NC,2023,21,10811.49,590,28.714285714285715,19.735642285714285,91.39098085714285,43.285714285714285,41.57142857142857,14.142857142857142,27.795714285714286,2023-05-22
NC,2023,22,14037.279999999999,612,18.428571428571427,20.085642857142858,93.61252128571428,43.142857142857146,41.42857142857143,14.428571428571429,32.39714285714286,2023-05-29
NC,2023,23,10281.2,550,14.142857142857142,19.842784714285717,94.333892,43.857142857142854,41.57142857142857,12.857142857142858,28.05,2023-06-05
NC,2023,24,10739.33,598,24.857142857142858,19.603498857142856,93.198945,43.714285714285715,40.714285714285715,14.571428571428571,23.568571428571428,2023-06-12
NC,2023,25,14620.050000000001,639,27.857142857142858,19.589214000000002,94.14555,44.0,39.142857142857146,15.285714285714286,28.667142857142856,2023-06-19
NC,2023,26,9718.99,559,26.428571428571427,19.146356714285712,95.36174228571429,44.285714285714285,42.142857142857146,12.0,25.74857142857143,2023-06-26
NC,2023,27,10138.609999999999,608,11.571428571428571,18.842785142857142,91.42267014285714,43.57142857142857,45.142857142857146,10.571428571428571,22.145714285714288,2023-07-03
NC,2023,28,9372.99,577,11.571428571428571,19.096357,93.29863914285714,42.42857142857143,42.142857142857146,13.857142857142858,22.051428571428573,2023-07-10
NC,2023,29,11107.93,601,13.428571428571429,18.48921357142857,93.179625,41.857142857142854,41.142857142857146,15.285714285714286,22.624285714285715,2023-07-17
NC,2023,30,12186.66,564,44.0,18.867785142857144,92.263383,43.857142857142854,40.857142857142854,14.142857142857142,20.66857142857143,2023-07-24
NC,2023,31,9359.24,573,17.0,19.13564142857143,91.65462714285715,44.714285714285715,42.857142857142854,11.428571428571429,21.04,2023-07-31
NC,2023,32,11127.779999999999,553,11.0,19.182070285714286,92.21961,43.57142857142857,41.42857142857143,13.714285714285714,20.018571428571427,2023-08-07
NC,2023,33,11218.23,632,14.0,18.574928,91.51282928571429,43.57142857142857,37.142857142857146,17.857142857142858,21.27285714285714,2023-08-14
NC,2023,34,7946.36,584,15.428571428571429,19.049928714285716,90.21548,44.57142857142857,44.285714285714285,9.857142857142858,19.801428571428573,2023-08-21
NC,2023,35,11303.51,563,9.285714285714286,18.864213142857142,95.63859085714286,44.285714285714285,43.285714285714285,11.285714285714286,19.624285714285715,2023-08-28
NC,2023,36,8428.92,597,17.571428571428573,18.410642285714285,96.68068428571428,44.857142857142854,42.142857142857146,12.0,21.364285714285717,2023-09-04
NC,2023,37,9625.08,551,16.428571428571427,18.771356714285712,94.02640228571428,44.714285714285715,42.142857142857146,11.714285714285714,21.342857142857145,2023-09-11
NC,2023,38,8509.02,557,19.428571428571427,18.79992842857143,94.02131485714287,45.57142857142857,39.142857142857146,13.857142857142858,21.099999999999998,2023-09-18
NC,2023,39,8728.17,595,26.0,18.921356428571432,96.45196299999999,45.142857142857146,43.714285714285715,9.857142857142858,21.795714285714286,2023-09-25
NC,2023,40,10195.68,592,33.42857142857143,19.128499857142856,95.60814985714286,47.857142857142854,42.0,9.142857142857142,24.698571428571427,2023-10-02
NC,2023,41,14438.6,564,19.714285714285715,18.896356857142855,94.89827928571428,46.142857142857146,42.142857142857146,10.571428571428571,25.375714285714285,2023-10-09
NC,2023,42,9285.93,587,36.857142857142854,18.521356857142855,93.66545628571428,43.285714285714285,45.142857142857146,10.142857142857142,23.53142857142857,2023-10-16
NC,2023,43,9202.06,562,31.857142857142858,18.41064257142857,92.729277,45.285714285714285,42.42857142857143,11.428571428571429,24.63,2023-10-23
NC,2023,44,9567.77,540,33.285714285714285,18.671356857142857,93.52405857142857,45.42857142857143,43.142857142857146,10.428571428571429,25.391428571428573,2023-10-30
NC,2023,45,9797.83,627,40.142857142857146,18.728500142857143,93.14680971428571,44.714285714285715,39.0,14.857142857142858,23.18857142857143,2023-11-06
NC,2023,46,13357.52,627,32.57142857142857,19.01421357142857,94.35166071428571,45.0,43.142857142857146,10.571428571428571,24.865714285714287,2023-11-13
NC,2023,47,9031.52,553,46.285714285714285,18.732070571428572,91.18097385714285,45.42857142857143,41.714285714285715,11.428571428571429,23.93142857142857,2023-11-20
NC,2023,48,9420.82,556,38.42857142857143,19.028499571428572,92.56595714285713,42.714285714285715,41.857142857142854,13.857142857142858,22.59142857142857,2023-11-27
NC,2023,49,11341.9,608,13.285714285714286,18.814213857142857,94.64755442857142,44.857142857142854,43.714285714285715,10.428571428571429,20.955714285714286,2023-12-04
NC,2023,50,11558.48,597,24.0,18.99992814285714,91.96916428571429,44.0,41.285714285714285,13.142857142857142,21.92142857142857,2023-12-11
NC,2023,51,13184.99,639,26.714285714285715,18.853499714285714,87.72260228571429,43.57142857142857,41.0,14.0,22.132857142857144,2023-12-18
NC,2023,52,10337.79,556,30.0,19.721357,86.372693,46.0,42.285714285714285,10.428571428571429,20.935714285714287,2023-12-25
NC,2024,1,10183.69,591,9.571428571428571,18.92492842857143,90.96681014285714,45.857142857142854,42.57142857142857,10.142857142857142,18.497142857142855,2024-01-01
NC,2024,2,7955.799999999999,605,4.857142857142857,18.66778557142857,86.11666228571428,43.0,41.42857142857143,14.142857142857142,18.497142857142855,2024-01-08
NC,2024,3,7585.83,616,15.285714285714286,17.442785571428573,88.19648428571429,44.285714285714285,41.714285714285715,12.714285714285714,18.497142857142855,2024-01-15
NC,2024,4,7144.38,600,8.428571428571429,17.842785714285714,84.59569642857143,43.0,40.57142857142857,15.428571428571429,18.494285714285713,2024-01-22
NC,2024,5,8910.25,619,6.285714285714286,18.957071285714285,87.78859957142858,44.142857142857146,41.0,13.428571428571429,18.495714285714286,2024-01-29
NC,2024,6,10361.51,596,3.0,18.342785714285714,72.97019242857142,44.42857142857143,40.142857142857146,14.0,18.49857142857143,2024-02-05
NC,2024,7,6748.8099999999995,551,5.285714285714286,19.364213714285714,82.527153,44.857142857142854,40.857142857142854,13.142857142857142,18.495714285714286,2024-02-12
NC,2024,8,8608.03,626,0.0,19.182071428571426,81.22805114285714,44.857142857142854,43.57142857142857,10.0,18.495714285714286,2024-02-19
NC,2024,9,7610.52,600,10.285714285714286,19.192785714285716,81.57838871428571,46.142857142857146,43.42857142857143,9.571428571428571,18.49857142857143,2024-02-26
NC,2024,10,10493.53,627,7.428571428571429,19.31064257142857,79.52316771428572,44.857142857142854,43.0,10.857142857142858,18.495714285714286,2024-03-04
NC,2024,11,7000.17,566,8.714285714285714,19.285642857142857,77.93482542857143,44.0,44.0,11.0,18.494285714285713,2024-03-11
NC,2024,12,8834.46,547,8.714285714285714,19.157071285714288,85.322592,45.714285714285715,44.285714285714285,9.142857142857142,18.495714285714286,2024-03-18
NC,2024,13,9300.07,563,4.714285714285714,19.478499714285714,87.482878,44.285714285714285,43.142857142857146,11.714285714285714,18.495714285714286,2024-03-25
NC,2024,14,9969.54,564,17.428571428571427,19.971356285714286,88.07552285714284,43.142857142857146,42.142857142857146,13.714285714285714,18.967142857142857,2024-04-01
NC,2024,15,7666.63,613,16.571428571428573,19.974928285714288,84.2056522857143,42.857142857142854,42.57142857142857,13.714285714285714,19.304285714285715,2024-04-08
NC,2024,16,10440.34,602,16.285714285714285,19.996356714285717,90.37142428571428,44.42857142857143,39.285714285714285,14.571428571428571,19.36285714285714,2024-04-15
NC,2024,17,6894.2,543,36.857142857142854,20.324928142857143,86.05716399999999,44.857142857142854,43.857142857142854,10.428571428571429,18.708571428571425,2024-04-22
NC,2024,18,11893.56,558,16.0,20.910642,87.99799442857143,45.0,43.285714285714285,10.285714285714286,21.714285714285715,2024-04-29
NC,2024,19,11082.25,625,33.857142857142854,20.753499285714287,92.06785714285715,44.857142857142854,41.42857142857143,12.571428571428571,21.30857142857143,2024-05-06
NC,2024,20,9049.57,567,18.571428571428573,20.203499714285716,93.30311242857144,44.57142857142857,43.714285714285715,10.285714285714286,23.095714285714283,2024-05-13
NC,2024,21,12203.1,588,13.428571428571429,19.132071285714286,98.32268285714285,42.857142857142854,42.42857142857143,13.571428571428571,22.54,2024-05-20
NC,2024,22,8972.81,625,38.857142857142854,19.86421342857143,97.18921142857143,44.57142857142857,41.285714285714285,13.285714285714286,22.0,2024-05-27
NC,2024,23,9660.84,570,17.0,19.589213142857144,94.54621942857143,44.57142857142857,44.42857142857143,9.857142857142858,22.732857142857142,2024-06-03
NC,2024,24,7848.0,584,26.714285714285715,19.332071000000003,93.8893927142857,41.42857142857143,41.42857142857143,15.571428571428571,21.057142857142857,2024-06-10
NC,2024,25,10878.45,544,24.285714285714285,19.017785142857143,95.730835,43.285714285714285,41.57142857142857,13.714285714285714,21.502857142857145,2024-06-17
NC,2024,26,10273.55,595,34.285714285714285,18.803499428571428,94.02852928571428,43.714285714285715,43.0,12.142857142857142,19.740000000000002,2024-06-24
NC,2024,27,6985.679999999999,572,23.857142857142858,19.474928142857145,94.32318057142857,42.714285714285715,41.714285714285715,13.857142857142858,18.768571428571427,2024-07-01
NC,2024,28,7252.52,571,13.571428571428571,18.957070571428574,93.50905214285714,45.142857142857146,43.285714285714285,10.285714285714286,18.57,2024-07-08
NC,2024,29,7561.38,613,12.0,19.235641714285716,91.74283214285715,44.0,42.42857142857143,12.285714285714286,18.617142857142856,2024-07-15
NC,2024,30,9539.99,570,23.857142857142858,19.610642857142857,91.1062262857143,44.57142857142857,39.57142857142857,14.571428571428571,18.79,2024-07-22
NC,2024,31,9302.52,623,9.142857142857142,19.310642714285713,94.18708342857143,44.142857142857146,43.0,11.571428571428571,18.50714285714286,2024-07-29
NC,2024,32,9254.36,582,8.428571428571429,19.132070142857142,92.13588814285716,45.0,41.0,12.714285714285714,18.495714285714286,2024-08-05
NC,2024,33,7653.469999999999,616,8.857142857142858,19.282070857142855,95.85886557142858,44.714285714285715,42.857142857142854,11.285714285714286,18.49142857142857,2024-08-12
NC,2024,34,7649.110000000001,593,11.428571428571429,18.94635685714286,93.03048157142858,47.42857142857143,41.42857142857143,9.714285714285714,18.5,2024-08-19
NC,2024,35,10723.91,642,23.571428571428573,18.799928,93.44577142857143,46.0,42.0,10.714285714285714,18.494285714285713,2024-08-26
NC,2024,36,12888.15,588,24.142857142857142,18.657071142857145,95.62465157142857,43.714285714285715,41.714285714285715,12.857142857142858,18.502857142857142,2024-09-02
NC,2024,37,11106.54,576,15.714285714285714,19.199928,94.487475,46.0,45.42857142857143,7.428571428571429,18.497142857142855,2024-09-09
NC,2024,38,8233.74,552,23.142857142857142,18.346356714285715,94.60303442857142,46.142857142857146,40.285714285714285,12.571428571428571,18.494285714285713,2024-09-16
NC,2024,39,6957.39,557,13.142857142857142,19.010642285714287,92.53884657142858,45.42857142857143,41.857142857142854,11.428571428571429,18.495714285714286,2024-09-23
NC,2024,40,9171.720000000001,575,40.0,19.20349942857143,90.28357000000001,44.857142857142854,41.285714285714285,12.142857142857142,19.12,2024-09-30
NC,2024,41,7950.66,582,32.42857142857143,18.74278485714286,94.60433871428572,44.57142857142857,43.714285714285715,10.571428571428571,20.09,2024-10-07
NC,2024,42,11968.33,591,27.142857142857142,18.657071,93.80718157142857,44.285714285714285,41.285714285714285,13.428571428571429,20.53142857142857,2024-10-14
NC,2024,43,8879.13,570,32.714285714285715,19.303499714285717,94.81992085714286,40.714285714285715,40.57142857142857,17.285714285714285,19.080000000000002,2024-10-21
NC,2024,44,8117.65,524,23.857142857142858,19.082071142857142,92.91982585714287,44.0,43.57142857142857,11.428571428571429,19.647142857142857,2024-10-28
NC,2024,45,7991.84,599,33.57142857142857,18.924927999999998,87.57833714285714,44.857142857142854,42.857142857142854,11.428571428571429,19.548571428571428,2024-11-04
NC,2024,46,7657.1900000000005,577,24.714285714285715,18.90707142857143,91.83619714285715,43.57142857142857,43.42857142857143,11.571428571428571,19.68285714285714,2024-11-11
NC,2024,47,7530.95,593,32.142857142857146,18.924928285714287,94.15445785714284,44.42857142857143,44.857142857142854,9.714285714285714,18.752857142857142,2024-11-18
NC,2024,48,7582.88,589,46.142857142857146,18.31778514285714,94.11012485714286,45.42857142857143,40.57142857142857,12.428571428571429,19.240000000000002,2024-11-25
NC,2024,49,11669.5,572,27.857142857142858,18.792785714285714,86.85282814285713,45.285714285714285,41.714285714285715,11.428571428571429,18.625714285714285,2024-12-02
NC,2024,50,7781.26,627,20.714285714285715,19.078499571428573,87.99102042857143,44.142857142857146,42.285714285714285,12.285714285714286,18.662857142857142,2024-12-09
NC,2024,51,10777.8,573,21.285714285714285,19.19635657142857,91.43919714285714,45.857142857142854,41.857142857142854,11.285714285714286,18.541428571428572,2024-12-16
NC,2024,52,8382.93,591,23.142857142857142,18.228499857142857,78.22205799999999,46.285714285714285,41.57142857142857,10.571428571428571,18.580000000000002,2024-12-23
NC,2025,1,7807.950000000001,519,9.857142857142858,18.753499428571427,94.25890428571428,44.0,44.0,10.285714285714286,18.72,2024-12-30
NC,2025,2,10173.75,560,2.0,18.546357,89.19787128571429,45.42857142857143,41.285714285714285,11.857142857142858,19.222857142857144,2025-01-06
NC,2025,3,7510.5,587,6.571428571428571,18.703499571428573,91.54212342857143,44.857142857142854,43.0,11.0,18.90285714285714,2025-01-13
NC,2025,4,12801.91,616,2.4285714285714284,18.935642285714287,91.47236428571429,46.57142857142857,42.42857142857143,10.0,19.66,2025-01-20
NC,2025,5,7380.66,578,11.0,18.903499857142858,86.71580514285714,44.42857142857143,42.714285714285715,11.428571428571429,18.972857142857144,2025-01-27
NC,2025,6,9625.83,557,2.857142857142857,17.91064242857143,82.163684,43.142857142857146,43.714285714285715,11.428571428571429,18.585714285714285,2025-02-03
NC,2025,7,6876.09,560,7.0,18.27849983333333,80.96966633333334,43.333333333333336,42.5,12.666666666666666,18.561666666666667,2025-02-10
