Actual_Yield_kg,Predicted_Yield_kg,Error_kg,Error_%
1078.63,1144.912665440488,-66.28266544048779,-6.14507898357062
1610.14,1612.5631178995652,-2.4231178995651135,-0.15049113117897284
1013.8,1062.3789918300536,-48.57899183005361,-4.791772719476584
1142.78,1102.1709252662895,40.609074733710486,3.5535339027381028
1399.43,3294.1375661429906,-1894.7075661429906,-135.39137835711614
1890.46,1870.9405078468271,19.519492153172905,1.0325260599628083
1412.3,1420.0468746387407,-7.746874638740792,-0.5485289696764704
4164.88,3191.25479156264,973.62520843736,23.377029072562955
1462.62,1513.3206384063776,-50.70063840637772,-3.466425893696088
1063.52,1127.0744430655168,-63.55444306551681,-5.975857817955169
1220.49,1202.8883628329108,17.601637167089166,1.4421779094535117
4094.91,2777.6148136600623,1317.2951863399376,32.16908763171688
1083.23,1055.5758471171432,27.654152882856806,2.5529345460204027
1393.6,1410.0448712292346,-16.44487122923465,-1.1800280732803279
3405.73,1576.7594217168526,1828.9705782831475,53.70274737818757
3306.83,2444.194880054207,862.6351199457931,26.086467098272152
1661.4,1643.8084179721973,17.591582027802815,1.0588408587819196
974.85,1006.6588458135584,-31.808845813558378,-3.262947716423899
1440.26,1476.412815692164,-36.15281569216404,-2.5101589776959745
1906.39,2292.6997674934855,-386.3097674934854,-20.26394218882209
936.32,1009.8100824150158,-73.49008241501576,-7.848821173852503
1201.31,1341.0892392528806,-139.77923925288064,-11.63556777625098
1899.97,1926.0180420316046,-26.04804203160461,-1.3709712275248875
1357.96,1352.0589487471361,5.901051252863908,0.4345526564010655
1328.0,1528.974318419794,-200.97431841979392,-15.133608314743519
2669.57,2334.553635568677,335.0163644313234,12.549450451995018
1089.66,1127.7644292032082,-38.104429203208156,-3.4969099722122636
1749.81,2316.200342314087,-566.3903423140869,-32.368676731421516
1203.05,1226.7071050185725,-23.657105018572565,-1.9664274152007455
1087.96,1067.9456481770935,20.01435182290652,1.8396220286505494
892.16,902.5624209083201,-10.402420908320096,-1.165981540118375
778.03,818.6975401100399,-40.66754011003991,-5.226988690672584
2436.3,1388.141346967901,1048.1586530320992,43.02256097492506
1140.36,1144.016573590885,-3.6565735908850456,-0.3206508112249681
1047.2,1011.078678620278,36.121321379722076,3.4493240431361794
1213.8,1224.8142749930303,-11.014274993030313,-0.9074209089660827
1162.12,1163.8429777668857,-1.7229777668858333,-0.1482616052460876
1364.18,1408.4666829022965,-44.286682902296434,-3.2463958496896623
1020.98,984.3292248916364,36.65077510836363,3.5897642567301644
1465.96,1451.3148004421998,14.645199557800197,0.9990176783677726
1491.24,1524.049602555672,-32.80960255567197,-2.2001557466049713
4105.25,2960.5958856087836,1144.6541143912164,27.88268958994498
947.37,974.3212566766979,-26.95125667669788,-2.8448501300123374
961.7,980.8218250809655,-19.121825080965436,-1.9883357680113793
1245.38,1271.2947070493863,-25.914707049386152,-2.080867450046263
946.08,962.5923394214692,-16.512339421469164,-1.7453428274003429
1081.17,1097.9341120409977,-16.76411204099759,-1.5505528308219416
1369.18,1441.5212226879821,-72.34122268798205,-5.283543631077145
1167.12,1149.4328739312346,17.687126068765338,1.5154505165505978
1565.85,1824.2910949162092,-258.4410949162093,-16.504843689766535
923.91,942.037679932514,-18.12767993251407,-1.962061232426759
2130.53,1710.7488977635644,419.7811022364358,19.70313031200855
833.52,871.6914645883517,-38.17146458835168,-4.5795499314175645
935.99,973.9895985237179,-37.99959852371785,-4.059829541311109
1386.0,1347.4382362844349,38.56176371556512,2.782234034312058
836.33,861.550581561751,-25.22058156175092,-3.0156255977605633
1030.92,1067.4585803179955,-36.53858031799541,-3.544269227291682
884.25,954.3019318679608,-70.05193186796077,-7.9221862446096445
1220.4,1210.189890973738,10.21010902626199,0.8366198808802022
2372.89,2378.5018685564755,-5.611868556475656,-0.2364993133468326
4366.53,2511.810326913388,1854.7196730866117,42.4758257263001
1863.0,1839.3747567387513,23.62524326124867,1.268128999530256
887.08,890.2026776296095,-3.122677629609484,-0.3520175891249362
2141.05,2853.553103506696,-712.5031035066959,-33.27820945361836
1525.5,2028.458862362373,-502.9588623623731,-32.97009913879863
1092.83,1162.4047940733012,-69.57479407330129,-6.366479148019481
703.72,676.0886044765944,27.631395523405672,3.9264758033600966
991.67,1036.2770993143174,-44.60709931431745,-4.498179768906739
1531.66,1552.079012060818,-20.419012060817977,-1.3331295496923583
1289.28,1420.170467320741,-130.89046732074098,-10.152214206436225
1167.0,1233.0981518720082,-66.0981518720082,-5.663937606855887
1536.07,1516.1904980423246,19.879501957675302,1.2941794291715418
1551.53,1645.8907864608948,-94.36078646089481,-6.081789360237624
1224.52,1647.2555868245072,-422.7355868245072,-34.52255470098547
1367.0,1517.0568388840657,-150.05683888406566,-10.977091359478102
1660.95,1621.0487881805414,39.901211819458695,2.4023126415279625
1065.96,1066.8268739372438,-0.8668739372437813,-0.08132330830835878
1270.08,1268.5301538512551,1.5498461487447912,0.1220274430543581
1574.27,1520.8660068704617,53.40399312953832,3.3923020275771196
1360.81,1392.1728657616384,-31.36286576163843,-2.3047204063490443
2452.5,2513.7255270804435,-61.2255270804435,-2.496453703585871
1436.48,1474.735344924283,-38.25534492428301,-2.663131051200365
1262.08,1305.1882018760914,-43.10820187609147,-3.415647334249134
1253.55,1283.5264757542645,-29.976475754264584,-2.3913266925343692
1394.3,1427.5271332732164,-33.227133273216396,-2.383069158231112
1470.84,1524.5494755211903,-53.70947552119037,-3.6516191782376315
1117.8,1142.0702659836688,-24.270265983668878,-2.1712529954973054
2596.03,809.7955343602569,1786.2344656397433,68.80638766269045
1731.96,1796.1271246660817,-64.16712466608169,-3.7048849087785913
1580.04,1585.4967885207207,-5.456788520720693,-0.3453576188400732
1265.55,1280.7782463171275,-15.228246317127514,-1.2032907682136238
1899.91,1880.2244332646212,19.68556673537887,1.0361315396718198
1678.35,1805.2107322061404,-126.86073220614048,-7.558657741599814
1992.9,2501.5719520162484,-508.67195201624827,-25.524208541133437
734.38,732.6343807208387,1.7456192791612466,0.23769973027060196
1409.28,1406.884023173624,2.3959768263759997,0.17001425028212988
1591.2,1636.0537777942807,-44.85377779428063,-2.8188648689216085
1455.88,1457.556676309358,-1.6766763093578447,-0.11516583161784244
1344.2,1340.4972726514936,3.7027273485064143,0.2754595557585489
1640.32,1724.848740440716,-84.52874044071609,-5.153185990582088
1255.61,1271.4689091644036,-15.858909164403713,-1.2630441908238796
2717.24,2753.868473801383,-36.62847380138328,-1.3480028926919698
1416.38,1433.6545239615386,-17.274523961538534,-1.2196249566880732
852.8,915.7029750583454,-62.90297505834542,-7.3760524224138635
1061.9,1123.5639083325627,-61.66390833256264,-5.8069411745515245
1348.1,1429.4372279614875,-81.33722796148754,-6.033471401341706
1393.8,1427.3175961812844,-33.51759618128449,-2.4047636806776076
807.5,878.1094502279702,-70.60945022797023,-8.744204362596934
852.0,826.6959365962844,25.304063403715645,2.969960493393855
1248.72,1301.2394742156762,-52.519474215676155,-4.205864742750669
3154.8,2584.2194915176096,570.5805084823905,18.08610715361958
1319.83,1409.4628050929994,-89.63280509299943,-6.791238651417185
2868.04,2387.135988908093,480.9040110919068,16.767688424565446
1761.14,1809.9444277825403,-48.80442778254019,-2.7711838799039366
1962.02,2660.1360802830986,-698.1160802830987,-35.58149663525849
752.48,779.3536844954489,-26.873684495448856,-3.571348673114084
1166.78,1179.8016355452526,-13.021635545252593,-1.1160317750777862
4093.21,1703.9072623292507,2389.3027376707496,58.37234682976808
1127.12,1125.9122531970831,1.2077468029167449,0.10715334684121877
1895.43,1838.7936362789922,56.63636372100791,2.9880482909423143
1307.82,1327.676952613424,-19.856952613424028,-1.5183245869786384
3653.83,2379.321524018834,1274.5084759811657,34.88143881847721
923.65,1027.9093449630295,-104.25934496302955,-11.28775455670758
3202.6800000000003,3551.6699571230415,-348.9899571230412,-10.896810081651653
2178.99,2074.660646136731,104.3293538632688,4.787968456177808
1459.44,1481.4949099251492,-22.054909925149104,-1.5111899033292977
1483.65,1449.2683626682426,34.381637331757474,2.3173684717930425
1464.31,1531.7212661194876,-67.41126611948766,-4.603619870074483
2878.87,2043.1698451981915,835.7001548018084,29.028756241226883
1521.45,1910.8138898782104,-389.36388987821033,-25.591632316422512
1179.88,1236.2800179076494,-56.40001790764927,-4.780148651358551
1898.11,1909.8168985165348,-11.70689851653492,-0.6167660734380475
1811.7,1944.0410004665287,-132.3410004665286,-7.304796625629442
2909.53,2763.064183860997,146.46581613900298,5.034002610009279
1999.9,2091.750558474855,-91.850558474855,-4.592757561620831
1528.1,1521.8306733925217,6.269326607478206,0.41026939385368805
845.92,854.6454365393832,-8.725436539383281,-1.0314730162879802
1974.96,1818.7648823921477,156.19511760785235,7.908773727460422
1107.0,1065.6265030282818,41.37349697171817,3.73744326754455
1275.75,1325.7675451457515,-50.017545145751455,-3.9206384593965478
1132.94,1131.1324989258576,1.8075010741424649,0.1595407589230202
1179.86,1620.203575441275,-440.3435754412751,-37.321680151990506
1045.83,1086.811192747822,-40.98119274782198,-3.9185329114504253
868.82,894.6647678046564,-25.844767804656385,-2.9746976133901595
1173.03,1166.5530194962853,6.476980503714685,0.5521581292647831
1240.79,1250.981243859091,-10.191243859090946,-0.8213512245497583
866.2,839.2113953844365,26.98860461556353,3.1157474735122985
1154.4,1099.2296866746444,55.170313325355664,4.779133170942105
1024.86,1019.6896813006254,5.170318699374548,0.5044902425086888
1184.04,1143.74652115651,40.29347884348999,3.4030504749408803
1077.05,1114.1580728577383,-37.10807285773831,-3.445343564155639
1505.7,1530.75963726507,-25.059637265070023,-1.6643180756505296
1462.6,1473.7117853568177,-11.11178535681779,-0.7597282481073289
1288.74,1228.5762658610636,60.163734138936434,4.668415207018983
2096.3,1603.6452148253964,492.65478517460383,23.501158478013824
779.21,780.9255319081176,-1.7155319081175548,-0.2201629737962237
1068.65,1100.4024212810143,-31.75242128101422,-2.9712647996083112
1228.37,1268.1729863759163,-39.80298637591636,-3.240309220830561
1636.76,1685.1294071064706,-48.36940710647059,-2.9551923987921622
1338.48,1374.6844009902059,-36.20440099020584,-2.7048892019459267
2590.92,2521.049746564683,69.87025343531695,2.6967352691444333
957.73,1028.5823347450755,-70.8523347450755,-7.397944592429546
1729.71,2675.6144574588884,-945.9044574588884,-54.68572520589511
4002.47,3094.3379308833596,908.1320691166402,22.689291090667517
1248.43,1289.3144680876244,-40.88446808762433,-3.274870684589791
1023.66,1019.7062775521579,3.9537224478420967,0.3862339495381374
1143.9,1092.4076175540026,51.492382445997464,4.501475867295871
1345.14,1329.9720721157091,15.167927884290975,1.1276096082408502
361.86,501.9492970165877,-140.0892970165877,-38.71367297202998
1252.86,1247.1015924151088,5.758407584891074,0.4596209939571121
714.97,684.8429137910738,30.127086208926244,4.213755291680244
922.76,928.0839069908741,-5.323906990874093,-0.5769546784509616
1269.0,1275.443755628588,-6.443755628587951,-0.5077821614332506
3164.31,2677.5634326087397,486.7465673912602,15.382391971433274
1181.7,1147.6975626001483,34.002437399851715,2.8774170601550066
1798.11,2423.2137095930066,-625.1037095930067,-34.76448657718419
1005.64,992.0862480625754,13.553751937424636,1.3477737497936275
1020.68,1020.1705191492637,0.5094808507362814,0.04991582579616348
1424.12,1505.3937668184567,-81.2737668184568,-5.706946522656574
1317.33,1314.6958039829808,2.6341960170191214,0.19996477853074943
816.39,779.1234650263299,37.266534973670105,4.564795621415023
1266.83,1299.7269531011643,-32.8969531011644,-2.5967930267805786
677.11,699.8524496567197,-22.742449656719714,-3.3587525891981675
1853.68,1911.2082743963197,-57.5282743963196,-3.103463078650015
937.58,1144.4280191655994,-206.84801916559934,-22.06190609501049
1261.53,1302.9238022160284,-41.39380221602846,-3.28123803762324
779.45,814.9674479635055,-35.51744796350545,-4.556732049971831
976.62,1008.6255006398042,-32.005500639804154,-3.277170305728344
901.08,937.2090896429318,-36.12908964293172,-4.00953185543256
2127.38,2067.8025763847963,59.57742361520377,2.80050689652078
1444.27,1383.5295524029657,60.74044759703429,4.20561581955135
1185.42,1213.32864139506,-27.90864139505993,-2.354325167034463
1121.32,1111.027302474539,10.29269752546088,0.9179090291318162
926.61,995.9267464828565,-69.3167464828565,-7.480681892366421
757.66,774.7831443278988,-17.123144327898785,-2.2600037388668777
1021.52,1018.1543371310352,3.3656628689648187,0.32947596414801655
551.85,526.7288621676561,25.121137832343948,4.552167768840073
1254.96,1259.676075284208,-4.716075284208046,-0.37579486869765133
1085.6,1052.9769447300196,32.62305526998034,3.0050714139628174
692.34,645.6783289565292,46.66167104347085,6.739704631174112
2661.36,2322.4412524121044,338.9187475878957,12.734795277147612
724.43,759.2389880114135,-34.80898801141359,-4.805017463580138
1051.38,1056.5941320591157,-5.214132059115627,-0.4959322090125004
676.88,681.1309025828924,-4.250902582892422,-0.6280142097406367
1317.9,1260.7300516295286,57.1699483704715,4.337957991537408
1397.65,1414.9082200646353,-17.258220064635225,-1.2348027091643277
1236.82,1580.9445220490643,-344.12452204906435,-27.82333096562672
1363.56,1379.395539991792,-15.835539991792075,-1.1613379676576077
1096.88,1240.7676083230438,-143.88760832304365,-13.117898796864164
3734.8,2588.489238281433,1146.3107617185674,30.692694701685962
968.44,958.4099569823919,10.030043017608136,1.0356907002610523
1197.5,1213.9771767284099,-16.47717672840986,-1.3759646537294246
1615.0,1619.1097990763758,-4.1097990763757934,-0.2544767229954052
781.22,811.630370261997,-30.410370261996945,-3.8926768723275065
1432.78,1455.9981120404218,-23.21811204042183,-1.6204938678947103
1126.13,1145.358966746065,-19.228966746064998,-1.707526373159848
1139.81,1155.7373870752422,-15.927387075242223,-1.3973721124785905
785.4,746.4111562949666,38.98884370503333,4.964202152410661
1399.41,1360.4506034018555,38.95939659814462,2.7839872945130177
1388.85,1365.3766593901278,23.47334060987214,1.690127847490524
915.3,922.4295369812091,-7.129536981209185,-0.778928982979262
2357.8,1613.7216707629186,744.0783292370816,31.558161389307042
1081.2,1178.8776117267766,-97.6776117267766,-9.034185324341157
1037.52,1054.8975215358487,-17.3775215358487,-1.6749095473676363
742.12,761.9861411038687,-19.8661411038687,-2.676944578217633
1000.28,958.0992346240264,42.18076537597358,4.216895806771462
872.96,911.0721268060588,-38.11212680605877,-4.365850303113404
1971.5,2664.095998970706,-692.5959989707062,-35.13040826633052
1686.3,1608.1447313595945,78.15526864040544,4.634719127107005
1130.22,1222.572756702245,-92.35275670224496,-8.171219470744187
1419.19,1380.9241986380093,38.265801361990725,2.6963127813746377
561.6,613.1209794266639,-51.52097942666387,-9.173963573123908
2805.74,2577.9026572686744,227.8373427313254,8.120401132368837
904.38,871.6449200420444,32.73507995795558,3.6196156436404587
1063.96,1020.1197553113695,43.84024468863049,4.120478654143999
2243.87,1353.7355306853221,890.1344693146777,39.66960961707576
1360.45,1396.2925853106879,-35.84258531068781,-2.634612467248911
910.14,847.1273277308733,63.01267226912671,6.923404340994431
2085.78,2387.8718918644026,-302.09189186440244,-14.483401502766466
998.97,1012.0399985334861,-13.069998533486114,-1.3083474512233715
907.18,983.284725315051,-76.10472531505104,-8.389153785913606
859.14,902.1555647935622,-43.01556479356225,-5.006816676392933
3262.6,1615.7883503876697,1646.8116496123303,50.47543828885951
1174.36,1159.7588640210522,14.601135978947696,1.2433270870046407
2237.33,2238.575881852128,-1.24588185212815,-0.055686101385497455
1047.15,977.3336273637861,69.81637263621394,6.667275236233007
1376.55,1429.0346479877594,-52.484647987759445,-3.8127672796309215
1753.75,1939.7638935219563,-186.01389352195633,-10.60663683660478
907.18,958.642752975283,-51.462752975283024,-5.672827109866072
1660.28,1588.5199722665957,71.76002773340429,4.322164197207958
1108.36,1109.811580197026,-1.4515801970260327,-0.1309664907634733
1216.8,1191.989173436001,24.810826563998944,2.0390225644312086
785.4,826.2822610606461,-40.8822610606461,-5.2052789738535905
1532.5,1616.5492497293671,-84.04924972936715,-5.48445348968138
997.12,1050.35012643832,-53.2301264383201,-5.338387198965029
1137.75,1212.4423591727445,-74.69235917274455,-6.56491840674529
1210.62,1170.3951597971168,40.224840202883115,3.322664436642639
1267.2,1261.013645288946,6.186354711054037,0.48819087050615817
1303.4,1294.499090164995,8.900909835004995,0.6828993275283869
656.1,665.3599525130609,-9.259952513060853,-1.411362980195222
2021.3,1947.0246386272433,74.2753613727566,3.6746332247937765
2167.2,3195.8180187632815,-1028.6180187632817,-47.46299459040614
582.9,669.3275316167396,-86.42753161673966,-14.827162740905758
2591.9700000000003,2432.1403683369767,159.82963166302352,6.166338023319078
1796.2,1813.7943843364114,-17.594384336411395,-0.9795337009470769
1643.46,1718.3146950461523,-74.8546950461523,-4.554701364569402
1130.12,1667.6030128907116,-537.4830128907117,-47.559817797288055
2363.08,2250.9557590005898,112.12424099941018,4.7448347495391685
1219.54,1252.095147209971,-32.55514720997098,-2.6694612075020894
2525.76,3044.2042508062923,-518.4442508062921,-20.52626737323784
1040.13,979.0924685703673,61.03753142963285,5.86825987421119
1279.2,1335.3203971556202,-56.12039715562014,-4.387147995279873
2190.35,2059.8566980285573,130.49330197144263,5.957646128310208
721.38,691.1865539578118,30.193446042188157,4.185511941305298
1250.97,1250.486065699214,0.48393430078613164,0.038684724716510514
1238.69,1255.8048378788142,-17.114837878814114,-1.3816885482900574
2220.8900000000003,1536.011267274084,684.8787327259163,30.838030371874165
786.38,848.7468209803006,-62.366820980300645,-7.930875782738707
941.06,963.0835056490768,-22.02350564907681,-2.340287085741272
1186.52,1174.9985577748807,11.521442225119245,0.9710280673835456
1160.39,1133.8529973323548,26.53700266764531,2.286903770942985
1297.47,1433.7314326655335,-136.26143266553345,-10.502087344257166
1248.75,1291.3011297585203,-42.55112975852035,-3.407497878560188
1285.88,1270.2154333992962,15.664566600703893,1.2181981678464469
609.15,629.4884093829062,-20.338409382906207,-3.338817923812888
1106.89,1115.0237031401698,-8.1337031401697,-0.7348248823432951
1473.53,1537.0302726832058,-63.50027268320582,-4.30939802265348
1135.2,1131.6131403532318,3.586859646768289,0.31596719932772105
3573.85,2840.6947881184788,733.1552118815212,20.514437144298757
3069.9,2807.8804587736,262.0195412264002,8.535116493253858
2577.4,2979.13028668777,-401.7302866877699,-15.586648820042285
521.7,537.1456777568394,-15.445677756839359,-2.9606436183322518
1346.8,1424.0025526490645,-77.2025526490645,-5.732295266488306
1016.39,1125.861616637031,-109.47161663703093,-10.770631021264569
978.47,996.2321054828094,-17.762105482809375,-1.815293824318515
1346.8,1385.771633452475,-38.97163345247509,-2.8936466774929532
1232.84,1288.6687216605994,-55.82872166059951,-4.5284644934135425
913.32,953.4285637064286,-40.10856370642853,-4.39151269067014
557.44,611.9525514811156,-54.512551481115565,-9.779088598076127
1307.6,1382.6503018586432,-75.05030185864325,-5.739545874781528
3555.78,3176.425365999663,379.3546340003372,10.668675621110902
1034.74,1035.69756313423,-0.9575631342299857,-0.09254142434137906
1131.46,1093.7392326365941,37.72076736340591,3.3338136004282886
1431.53,1402.4679018262664,29.062098173733602,2.0301424471532976
1057.8,1063.9143352518624,-6.114335251862485,-0.5780237523031277
836.39,1117.981016144783,-281.5910161447831,-33.66742980484979
1354.3,1333.3341810332709,20.965818966729103,1.5480926653421772
1164.02,1154.8700295004883,9.14997049951171,0.7860664335244849
1090.58,1115.9958930954313,-25.41589309543133,-2.330493232539688
997.6,1019.932974751561,-22.332974751560982,-2.238670283837308
819.18,848.921124776951,-29.741124776951096,-3.6305970332467954
1229.9,1242.1830197660302,-12.283019766030066,-0.9987006883510906
678.58,722.6421160860647,-44.062116086064634,-6.493282455431141
1164.02,1164.0597933149622,-0.039793314962253135,-0.0034186109312772236
1094.59,1094.1111936766695,0.4788063233304456,0.04374298352172463
1021.2,1047.2974582707582,-26.097458270758125,-2.555567789929311
1414.33,1458.7749541724797,-44.44495417247981,-3.142474116541388
990.36,1053.4973549393585,-63.13735493935849,-6.375192348172229
1058.2,1056.5195048678588,1.6804951321412318,0.1588069487942952
669.33,695.2080542038367,-25.878054203836655,-3.8662624122386045
936.25,947.3816823494478,-11.131682349447829,-1.1889647369236664
1216.56,1260.558415673258,-43.99841567325802,-3.616625211519204
739.77,806.7793915658409,-67.00939156584093,-9.05813855196087
3877.47,2852.1746556609214,1025.2953443390784,26.4423798079438
1020.78,1040.941390279601,-20.161390279600937,-1.975096522228192
984.94,1004.4356264072811,-19.495626407281065,-1.9793719827889074
685.1,749.705822334753,-64.60582233475293,-9.430130248832715
1172.16,1261.623676087825,-89.46367608782498,-7.632377498620066
1055.24,1059.5654362775872,-4.325436277587187,-0.409900712405442
841.4,937.1281864893385,-95.72818648933855,-11.377250592980575
830.13,918.727230739191,-88.59723073919099,-10.672693522603808
745.55,805.1343127217868,-59.58431272178689,-7.991994195129353
1313.87,1364.8611545196798,-50.99115451967987,-3.880989330731341
767.04,824.1945518957692,-57.15455189576926,-7.451313086119271
1094.12,1117.5366482435159,-23.416648243515965,-2.1402266884360004
889.85,886.259171688137,3.5908283118629925,0.4035318662541993
1273.73,1458.823145893848,-185.09314589384803,-14.531584079345548
906.29,921.3846266042144,-15.094626604214454,-1.6655404566104068
936.25,1041.3957648296434,-105.14576482964344,-11.230522278199565
1080.03,1150.8803934387363,-70.85039343873632,-6.5600393913813795
700.91,764.4850914454876,-63.5750914454876,-9.07036444700284
1352.55,1391.3581639785887,-38.80816397858871,-2.8692591015924522
1323.98,1427.938480775307,-103.95848077530695,-7.851967610938757
1123.98,1121.7665972971265,2.213402702873509,0.19692545266584005
993.48,1111.3983796696593,-117.91837966965932,-11.869225316026423
2998.65,3142.677868664889,-144.02786866488896,-4.803090346152067
1194.76,1214.184485973142,-19.424485973142055,-1.6258065195639337
2260.26,2862.126655038869,-601.8666550388689,-26.62820450031717
1296.48,1282.4062490449346,14.073750955065407,1.0855355234994297
1160.5,1128.5936400189626,31.90635998103744,2.7493632038808653
1780.22,1720.39976853103,59.82023146896995,3.360271846680183
1476.3,1669.0181074359762,-192.7181074359762,-13.05412906834493
1168.66,1195.3456301374258,-26.685630137425733,-2.283438308612063
1094.12,1070.0486391533084,24.071360846691505,2.2000658836957103
637.0,669.2912191291367,-32.29121912913672,-5.069265169409219
3920.04,3085.2335271997035,834.8064728002964,21.295866185046492
946.64,977.9283417943459,-31.28834179434591,-3.305199631786731
1377.4,1383.2317089561257,-5.831708956125567,-0.4233852879429045
1121.25,1135.9839586505132,-14.73395865051316,-1.3140654314838938
954.08,994.3069048399063,-40.2269048399063,-4.216303123417983
1029.76,1028.2423342006764,1.517665799323595,0.14738053520466857
819.18,911.3092444620768,-92.12924446207683,-11.24652023512254
1008.81,1016.2114204540914,-7.401420454091408,-0.7336783392404327
753.5,826.3903924039439,-72.8903924039439,-9.673575634232767
1060.79,1151.4671498574412,-90.67714985744124,-8.548077362856102
3901.12,3054.3252151304137,846.7947848695862,21.706453143445632
956.96,1033.3148742109156,-76.35487421091557,-7.978899244578202
1448.32,1468.3420160190221,-20.022016019022203,-1.382430403434476
695.64,709.579628066807,-13.939628066807018,-2.0038566020940456
1297.5,1345.3321592191223,-47.83215921912233,-3.6864862596626073
1206.01,1624.0149900089766,-418.0049900089766,-34.660159535076545
1593.74,1363.6583781534414,230.08162184655862,14.436584502275066
775.53,839.6770051676566,-64.14700516765663,-8.271376370695736
1082.88,1082.6930579786801,0.18694202131996462,0.017263410656763872
3271.12,3137.5554732384835,133.5645267615164,4.0831435949007195
762.75,858.8847501449277,-96.1347501449277,-12.603703722704385
2266.46,1933.3451970079666,333.11480299203345,14.697581382068664
1177.19,1228.7726470643706,-51.582647064370576,-4.381845501947058
993.63,1074.8808446239104,-81.25084462391044,-8.177173054749801
1074.47,1542.1390099678292,-467.6690099678292,-43.52555306037667
1284.39,1273.483117652096,10.906882347904002,0.8491877348705611
930.92,989.086940585312,-58.16694058531209,-6.248328598087063
592.0,632.4532742445668,-40.45327424456684,-6.833323352122777
1229.9,1286.2957680490447,-56.39576804904459,-4.585394588913292
1029.76,1036.7238737032721,-6.9638737032721565,-0.6762618186055156
1108.24,1222.9957521827957,-114.75575218279573,-10.354774433588007
1138.7,1123.4842489207774,15.215751079222628,1.336238788023415
961.2,979.2766482729626,-18.07664827296253,-1.8806334033460808
1212.33,1311.0347383896421,-98.70473838964222,-8.141738502688394
860.81,1223.4763696349971,-362.6663696349972,-42.130826737026425
920.93,926.7456699721637,-5.815669972163732,-0.6314996766490105
757.57,814.9138162791074,-57.343816279107386,-7.569441276595877
2444.44,2680.5339201561874,-236.09392015618732,-9.658405203489853
1466.4,1424.43227662612,41.96772337388006,2.861956040226409
1069.49,1078.2856765025438,-8.795676502543756,-0.8224178349067085
1215.9,1198.6830567840543,17.216943215945776,1.4159834867954417
2163.64,2373.819062473077,-210.179062473077,-9.714142023306882
1018.64,1090.622530068652,-71.98253006865195,-7.066532834824074
3805.08,3184.232991862356,620.847008137644,16.316266888939104
938.69,1019.0480020060079,-80.35800200600784,-8.560653890635656
1043.94,1047.6448546948125,-3.7048546948124113,-0.35489153541510154
1332.0,1356.9393716666445,-24.939371666644547,-1.8723252001985398
1453.14,1452.8647705477047,0.2752294522954344,0.018940325935246045
570.88,593.6862026560743,-22.806202656074333,-3.9949205885780428
1512.48,1549.0366769337945,-36.556676933794506,-2.4170023361495363
903.54,899.8894076112065,3.650592388793484,0.4040321832783811
2592.2200000000003,3217.8872806096574,-625.6672806096572,-24.13634956175236
1019.07,1011.5061106749134,7.56388932508662,0.74223452020829
1881.0,1880.6682989880157,0.3317010119842507,0.017634290908253625
1018.16,1032.8227486532394,-14.662748653239419,-1.4401222453484148
887.88,1261.1998136149432,-373.3198136149432,-42.046201470349956
1409.76,1421.8295677711556,-12.069567771155562,-0.8561434408094685
1281.8,1321.6344664261287,-39.834466426128756,-3.1076974899460725
1303.24,1302.9433901651919,0.2966098348081232,0.02275941766736159
887.04,912.3009049170856,-25.260904917085668,-2.8477751755372553
1436.4,1627.730913406283,-191.3309134062829,-13.320169410072605
1569.38,1566.901066987445,2.478933012555217,0.15795620006341465
1248.0,1259.4462836447915,-11.446283644791492,-0.9171701638454722
1192.32,1226.9927001979459,-34.672700197945915,-2.9080029017332523
1023.62,1047.842649982415,-24.222649982414964,-2.36637130794777
1472.57,1460.7641390769015,11.805860923098408,0.8017181473952618
939.82,979.8517178795707,-40.03171787957069,-4.259509042111328
1106.08,1123.7319572823408,-17.651957282340845,-1.5959024014845984
1652.49,1669.2360704504665,-16.746070450466505,-1.0133840719439453
1162.32,1197.0937155597562,-34.77371555975628,-2.9917505987814272
1490.58,1509.1240000287248,-18.544000028724895,-1.244079487764823
2807.7200000000003,3074.2531538882254,-266.5331538882251,-9.492868017046753
1065.16,1051.9453615302223,13.21463846977781,1.2406247389854865
660.33,638.9425147651443,21.387485234855717,3.238908611581439
1592.96,1867.1273111749335,-274.1673111749335,-17.211186167570656
1483.52,1458.3244454481082,25.195554551891746,1.6983629847856279
1296.46,1368.0253983615096,-71.56539836150955,-5.520062197176122
1515.05,1539.6935888611683,-24.643588861168382,-1.6265858460888012
1177.4,1233.386316941237,-55.986316941236964,-4.755080426468232
1482.95,1598.25047061851,-115.30047061850996,-7.775074723929327
1040.65,1367.8917995358852,-327.2417995358851,-31.44590395770769
1175.85,1205.9412392887557,-30.091239288755787,-2.5591052675728867
1578.75,1698.741123529457,-119.9911235294569,-7.600387872016272
1258.62,1284.0004960057022,-25.380496005702298,-2.016533664307122
1480.7,1461.9230531933783,18.77694680662171,1.2681128389695218
1372.28,1379.9634874810363,-7.683487481036309,-0.5599066867575356
1218.3,1193.9116319285815,24.388368071418427,2.001836006847117
822.19,903.5882349054284,-81.39823490542835,-9.90017330610058
1386.2,1374.9086052198284,11.291394780171686,0.8145574073129191
951.7,1011.0560608843928,-59.35606088439272,-6.236845737563593
1357.23,1380.8934182980233,-23.663418298023316,-1.7435083440554155
1313.42,1325.3523399109636,-11.932339910963492,-0.9084938489564262
1214.5,1260.5063516061145,-46.00635160611455,-3.788089881112767
1494.35,1439.3827337843923,54.96726621560765,3.678339493131305
793.17,860.7951160626895,-67.62511606268959,-8.525929632069996
1079.19,1121.7826063156742,-42.592606315674175,-3.946719883956872
1277.15,1410.227099684539,-133.077099684539,-10.419848857576557
3694.76,3101.161138366466,593.5988616335344,16.065965357250114
1076.9,1148.2677761777975,-71.3677761777974,-6.62714979829115
1595.42,1597.6603115151916,-2.240311515191479,-0.14042142603148255
1022.7,1072.5471536005537,-49.84715360055361,-4.874073882913231
836.93,906.3837948063547,-69.45379480635472,-8.298638453198562
1147.12,1191.2148667473375,-44.09486674733762,-3.8439628589282395
1203.75,1307.7790286552665,-104.02902865526653,-8.642079223698154
797.89,877.4638545965398,-79.57385459653983,-9.973035706242694
1187.26,1204.2607914745254,-17.000791474525386,-1.431934999454659
1063.75,1043.2038347687376,20.54616523126242,1.9314843930681478
1158.43,1190.92300247626,-32.49300247626002,-2.8049172134924008
785.35,871.7875580828165,-86.43755808281651,-11.006246652169924
995.67,994.2814499903769,1.3885500096230317,0.13945885781664924
1322.59,1311.6539840097646,10.936015990235319,0.8268636531529286
1133.27,1520.6051645751584,-387.3351645751584,-34.178542145751535
1668.96,1674.7771023745534,-5.817102374553315,-0.34854654243081407
1025.64,1050.3825344186591,-24.742534418659034,-2.412399518218774
1458.0,1413.3613809891929,44.63861901080713,3.0616336770100916
613.08,609.6793487957999,3.4006512042001305,0.5546831089254469
1411.2,1522.5137218701832,-111.31372187018314,-7.8878771166513
966.88,988.762349736337,-21.882349736337005,-2.263191888997291
1457.17,1447.0616947504918,10.108305249508248,0.6936943012488761
1095.25,1086.8986300719293,8.351369928070653,0.7625080966054009
1418.5,1513.6551442928633,-95.15514429286327,-6.708152576162374
1115.2,1187.016061966463,-71.81606196646294,-6.439747306892301
1201.9,2104.0587567171287,-902.1587567171287,-75.06104973101993
1826.47,1830.733942058456,-4.263942058455996,-0.23345261944932003
1518.93,1815.374926339026,-296.44492633902587,-19.516694405866357
1468.35,1504.072290100292,-35.722290100292184,-2.4328184765411645
2271.44,3402.615897138221,-1131.175897138221,-49.79994616358878
1144.02,1171.533872203623,-27.513872203623123,-2.4050167133112295
1532.7,1663.5372258725192,-130.83722587251918,-8.536388456483277
614.46,648.6835864776526,-34.22358647765259,-5.569701278789927
1510.56,1475.0458572883713,35.514142711628665,2.351058065328664
1287.0,1221.0854242363223,65.9145757636777,5.121567658405416
3559.95,2855.215059454812,704.7349405451878,19.796203332776805
1363.07,1390.9179846763875,-27.84798467638757,-2.0430340830909324
1732.19,1904.439961107285,-172.2499611072849,-9.944057009178259
1138.42,1175.0016191639663,-36.58161916396625,-3.2133675764626632
2491.48,2566.399663298695,-74.91966329869501,-3.00703450554269
1134.6,1111.7426870927793,22.857312907220603,2.014570148706205
2115.13,1732.990843958126,382.139156041874,18.06693470575681
1261.95,1273.3766394978143,-11.426639497814222,-0.905474820540768
1702.92,1814.5373056547812,-111.61730565478115,-6.554465603479972
1687.68,1723.9276315473578,-36.24763154735774,-2.1477786990044168
1292.7,1376.3991094319672,-83.69910943196714,-6.47475125179602
730.17,749.8711159139706,-19.701115913970625,-2.698154664526155
1578.52,1719.0951583722474,-140.57515837224742,-8.905503786600576
1429.29,1421.3727539795173,7.9172460204827075,0.5539285953503283
1755.08,1956.9621966912725,-201.8821966912726,-11.502734729543532
1676.88,1663.0281898983062,13.8518101016939,0.8260465925822897
1644.16,1703.6738077023952,-59.51380770239507,-3.619709012650537
2611.07,3439.9795300925925,-828.9095300925924,-31.745971195432997
914.38,1060.246511834616,-145.86651183461606,-15.952504629871175
2010.2,2016.2498408224446,-6.049840822444594,-0.3009571596082277
1488.3,1555.0984167778329,-66.79841677783293,-4.488236026193169
1409.05,1473.320030366224,-64.27003036622409,-4.561231352061609
1585.32,1628.433585566759,-43.11358556675896,-2.719550978146933
1851.36,1943.5710110468995,-92.21101104689956,-4.980717475093961
1662.28,1654.1260923938685,8.153907606131497,0.49052551953530676
670.67,700.737089173151,-30.06708917315109,-4.483142107616427
1379.53,1392.5111415131587,-12.981141513158718,-0.94098290817588
2321.5,1802.6002496539008,518.8997503460992,22.351916879004918
1212.33,1250.6082535010835,-38.278253501083555,-3.1574120496138476
2159.11,2108.835530488347,50.274469511653024,2.3284811571273822
2263.26,2244.2840285288103,18.97597147118995,0.8384353309469503
1107.84,1166.9057202034537,-59.06572020345379,-5.33161108133429
631.19,624.1972414311283,6.99275856887175,1.1078690360860832
1795.2,1879.954100063285,-84.75410006328502,-4.721150850227553
2407.34,1620.1826712690422,787.1573287309579,32.6982199743683
1433.12,1568.9010423261905,-135.78104232619057,-9.474506135298551
1498.86,1517.5396601017585,-18.6796601017586,-1.2462578294009181
2242.72,2285.3911719920225,-42.671171992022664,-1.9026526714000265
1593.2,1709.3250717107717,-116.12507171077164,-7.28879435794449
993.3,1653.0713735707284,-659.7713735707284,-66.42216586839108
1935.28,2010.7671220972443,-75.48712209724431,-3.900578835995014
1089.84,1144.9327261504732,-55.092726150473254,-5.055120581963706
1804.29,1846.589828520129,-42.29982852012904,-2.344402979572521
1171.58,1181.0040912381348,-9.424091238134906,-0.8043916111690971
978.75,1010.1603184716741,-31.410318471674145,-3.20922794091179
3206.37,3189.872665223653,16.49733477634709,0.5145175003616891
495.36,584.5882184734753,-89.2282184734753,-18.01280250191281
2145.9,2279.779521581703,-133.8795215817031,-6.238851837536842
1467.33,1647.1547284863902,-179.8247284863903,-12.255234234043488
809.38,917.2133002466737,-107.83330024667373,-13.322950931166291
1242.91,1257.3388565149967,-14.428856514996596,-1.1608931069020763
1190.11,1254.9381677111164,-64.82816771111652,-5.447241659268179
1900.67,1925.021043616333,-24.351043616332845,-1.2811820892807717
3030.55,3121.4589855984805,-90.90898559848029,-2.999752044958185
1589.45,1527.1336828173569,62.31631718264316,3.9206214214126374
1552.26,1560.1564071840946,-7.896407184094642,-0.508703901672055
1430.37,2071.624155963195,-641.254155963195,-44.831348249976934
1408.96,1420.0541450162323,-11.094145016232233,-0.7873995724670844
1738.88,1861.0912203716257,-122.21122037162559,-7.028157226009016
1718.55,1782.6709037827325,-64.12090378273251,-3.731104930478166
969.44,942.907943346884,26.532056653116,2.736843605908153
