Target_Log_Eff,Labor_Total,Target_Usable_Yield_Kg
2.6218536768450837,91,1161.27
2.6415760209367924,49,638.73
2.6486539911455536,80,1050.8
2.5522415819962925,77,911.36
2.5594018594148435,73,870.75
2.4932054526026954,82,910.2
2.4929268363947172,89,987.6
2.601768947441565,66,824.18
2.6354795082673745,50,647.5
3.50670960994897,87,2813.44
2.621785743106598,73,931.5
2.601763330584253,76,949.05
2.6285287765463883,83,1066.83
2.5739425681509442,82,993.63
2.4932054526026954,76,843.6
2.6288266023118227,56,720.02
2.6547357828243974,57,753.61
2.5668705876394307,78,937.95
2.6150890673564926,83,1051.48
2.60859812213055,62,779.96
2.4458839269835853,67,706.23
2.58055062082185,59,720.06
3.803059298246492,54,2367.26
2.50043923828749,65,727.21
2.6150387855642827,71,899.41
2.6218536768450837,91,1161.27
2.580974118534234,52,634.92
2.6616571615324998,86,1145.52
2.500816007514334,82,917.78
2.5804841735318935,51,622.38
2.608281150142626,79,993.48
2.615386516238791,84,1064.49
2.5664744454496784,63,757.25
2.6284342101322906,63,809.68
2.655176711495142,68,899.47
2.6486539911455536,68,893.18
2.573423984452509,47,569.2
2.573952103364129,78,945.17
2.5946338551874515,101,1251.56
2.6551820362095375,66,873.02
2.421678600739784,101,1036.74
2.5736193564729364,75,908.49
2.5453351739471737,56,657.86
4.030936185472976,61,3374.13
2.5876553238201505,83,1020.78
3.162956462091868,104,2354.6
2.552565298261815,92,1089.28
2.657306322445996,83,1100.4
2.5665699157511432,83,997.75
2.60859812213055,90,1132.2
2.573556894739806,63,763.08
2.601763330584253,84,1048.95
2.601416052600406,71,886.28
2.571485175658525,82,990.99
2.5879519874883874,80,984.2
2.6613219098111944,75,998.64
2.6549064879543818,93,1229.8
2.712030364968874,56,787.35
2.701877341995129,91,1265.6
3.480656502498598,77,2424.04
2.6014512254797397,79,986.18
2.6505360468395573,86,1131.9
3.8404491663564304,69,3142.7
2.615091763586841,85,1076.82
3.3755529480746596,67,1892.11
2.5453351739471737,88,1033.78
3.866933928981589,73,3416.08
2.6613467471267787,81,1078.56
2.655181217024553,78,1031.75
2.621834229618866,85,1084.68
2.6221291385945706,60,765.9
3.253700926548444,57,1418.5
2.8077468198116535,71,1105.65
3.745777109627461,79,3266.01
2.654806852627494,67,885.89
2.869520962415974,63,1047.6
2.781444937881198,73,1105.39
2.9451965868460968,50,900.72
2.645854453240249,62,811.92
2.740102424776879,84,1217.04
2.5944966700064667,65,805.34
3.503986412065779,88,2837.8
2.6551802975304035,98,1296.3
2.6814238450345,80,1088.47
2.8601792693775403,73,1201.92
2.6758024535520892,35,473.34
2.867858888439475,71,1178.55
2.754738590991115,88,1295.09
2.594587232269774,85,1053.24
2.8219342877009135,75,1185.7
2.8468110469548042,73,1184.99
2.8315387400749437,90,1437.44
2.9515235477031188,59,1069.97
2.852958933336543,91,1486.85
2.7054721681855427,87,1214.64
2.669120354733993,66,886.2
2.8184637821527336,82,1291.59
2.612631488276607,86,1086.6
2.6742285010477405,95,1282.61
2.893906134803551,67,1143.27
3.675107844122824,79,3037.78
3.419789048360609,91,2690.23
2.663715669612848,61,814.32
2.770122448190468,68,1017.32
3.6395098538111244,82,3040.0
3.5283301415006236,91,3009.1
2.76438631463272,57,847.55
2.70805020110221,63,882.0
2.761755607481339,71,1052.76
2.8442935991877225,68,1100.88
2.769756847412168,61,912.24
2.654894341361312,89,1176.89
2.768729540983828,86,1284.7
2.6439200049970335,74,967.05
2.8526666405610213,71,1159.71
3.819644523993489,85,3789.98
3.8759698729297685,73,3447.75
2.6409185308680856,74,963.93
2.696834385175784,74,1023.62
2.677173315380297,79,1069.97
2.613323634746205,74,935.68
2.6489588859287267,87,1143.12
2.7025145825951413,82,1141.21
2.6546907902771877,51,674.25
2.79365743959747,74,1135.21
2.913617977177062,72,1254.48
3.860298849002108,65,3021.17
2.7992797645376606,57,879.67
2.552565298261815,94,1112.96
2.8077671622471727,94,1463.85
2.6483584773343756,85,1116.12
3.5266022359334563,73,2409.6
2.6278074734260066,65,834.82
2.500815751047622,78,873.01
3.9285070830667586,58,2890.2
3.7970293855907546,71,3093.37
2.6417751519752435,79,1030.01
2.5080191292712746,69,778.36
2.62184101011233,87,1110.21
2.5879519874883874,72,885.78
2.6083229543978956,91,1144.44
2.656900111641154,49,649.35
2.640414557058627,71,924.35
2.437973094386727,105,1097.23
2.6153914580856084,74,937.77
2.6420884454244504,72,939.06
2.7128406409682544,69,970.97
2.5167160002716393,79,899.64
2.6017701956277945,54,674.33
2.615386516238791,60,760.35
2.5668705876394307,82,986.05
2.5376808123229946,67,780.57
2.5380523939970874,72,839.16
2.5083790059731426,56,631.96
2.594587232269774,85,1053.24
2.5945081597030812,67,830.13
2.698826357348225,79,1095.12
3.135711583607432,90,1980.45
2.5593654843339837,67,799.15
2.631463635295988,88,1134.68
2.6354795082673745,84,1087.8
2.661002821199137,79,1051.54
2.552565298261815,40,473.6
2.5080646904441406,79,891.21
2.446003058063575,99,1043.67
3.2682987558314593,65,1642.33
2.621811827914864,79,1008.09
3.137001060255909,79,1740.74
2.5522852352458063,89,1053.44
3.184120049662572,63,1458.2
2.5876689654593905,87,1069.99
2.552565298261815,80,947.2
2.5230332502894566,85,974.64
2.648327769592281,77,1011.04
2.615386516238791,84,1064.49
2.608245428690104,71,892.84
2.6288344460950364,46,591.45
2.5594018594148435,73,870.75
2.559743522895533,92,1097.79
2.573953364466162,62,751.29
2.580649636350867,77,939.84
2.601763330584253,80,999.0
2.5594196110419216,77,918.48
2.6012798322279984,51,636.53
2.594881502996572,64,793.28
3.2402458506043934,69,1693.26
2.6481614195999854,51,669.53
2.601438301539445,77,961.2
3.0802487645864662,76,1578.05
2.5739472165787296,108,1308.69
2.5668705876394307,72,865.8
3.599694808194308,75,2669.03
2.5879519874883874,80,984.2
2.5805357579956025,57,695.64
3.417828583605258,74,2183.23
2.6288266023118227,76,977.17
3.0234114360817035,76,1486.66
2.660197375271685,45,598.46
2.6616571615324998,68,905.76
2.6420930103108877,78,1017.32
2.6284784310334524,71,912.54
2.6221291385945706,78,995.67
3.3136961877621096,75,1986.49
2.60859812213055,76,956.08
2.608281150142626,79,993.48
2.523325759691945,88,1009.36
2.587623674500409,75,922.36
2.6017680833117245,78,974.03
2.4649437532391336,78,839.5
2.573952367514011,74,896.7
2.5879519874883874,88,1082.62
3.6960448973694215,51,2003.67
2.552257570444639,81,958.72
2.6283005946783433,47,603.96
2.6677366844839008,71,951.92
2.508047924173918,75,846.07
2.6354795082673745,76,984.2
2.4855365326709324,82,902.62
2.6808502811755557,44,598.29
2.559737999696717,70,835.27
2.500461373880069,69,771.98
2.6486539911455536,98,1287.23
2.580640982051194,75,915.42
2.6744934175733674,86,1161.43
2.6099181742139317,97,1222.0
2.751358593497209,59,865.17
2.621819663958929,81,1033.62
2.7349857474609136,63,907.8
2.615392414569268,62,785.7
2.745499754767702,71,1034.64
2.5736193564729364,75,908.49
2.6616571615324998,84,1118.88
2.655176711495142,48,634.92
2.7610955633257213,74,1096.47
2.4542326426031855,96,1021.2
2.6153917404761176,70,887.08
2.595791205645253,89,1104.24
2.6019040132078364,83,1036.62
2.8045440004194004,109,1691.63
2.6616571615324998,54,719.28
2.5380523939970874,56,652.68
3.8868668005469873,66,3152.02
3.5271233496483845,74,2443.92
2.667376191988587,61,817.53
2.73001552077216,80,1146.65
2.615386516238791,88,1115.18
2.559749380800336,66,787.55
3.7970437278737132,78,3398.4
2.7114060662300976,71,997.58
2.608281150142626,79,993.48
2.5453351739471737,84,986.79
3.303637053123294,77,2018.28
2.5081061443011334,91,1026.63
2.6149946206347625,63,798.03
2.6446538845434158,84,1098.6
2.7618994419601353,85,1260.54
2.661129021000771,82,1091.62
2.5849332538594445,104,1275.29
2.5377595117313394,85,990.36
2.5525047218338153,90,1065.53
2.5593273252644733,59,703.7
2.5376572151735295,63,733.95
2.6110026154461443,104,1311.72
2.6354795082673745,52,673.4
2.7908191401278692,94,1437.67
2.7047384168874467,74,1032.33
2.66127032264607,65,865.44
2.689294205383244,78,1070.26
2.7238919272052917,83,1181.88
2.648242185662721,61,800.88
2.537720454280614,75,873.81
2.719319793360441,90,1275.3
2.4928561889633105,71,787.8
2.681372285768521,82,1115.62
2.4777981105507054,48,523.92
3.501840634664937,65,2091.4700000000003
2.587504261229624,55,676.31
2.882805981502765,97,1635.84
2.8175797918543988,81,1274.64
2.6017680833117245,78,974.03
2.882003508225648,73,1230.05
2.7835244710842333,59,895.38
2.707419177676039,93,1301.12
3.4209652426746735,94,2782.3
2.515587989462272,85,966.78
2.500821008602071,64,716.32
2.523011030889124,79,905.82
2.566498100134945,67,805.35
2.6288266023118227,52,668.59
2.552565298261815,84,994.56
2.5879519874883874,68,836.57
2.635197562842085,89,1152.2
2.6255297349608453,90,1153.07
2.667773065151911,79,1059.22
2.5668705876394307,86,1034.15
2.6420884454244504,48,626.04
3.248688871254832,84,2079.55
2.667796987231981,83,1112.88
2.5593867860804593,71,846.88
2.621718176013183,61,778.32
2.6789560408978335,80,1085.59
3.7473841834864996,81,3354.21
3.954369418826646,43,2200.0
2.655176711495142,76,1005.29
2.6757756775884878,72,973.7
2.608288977821344,81,1018.64
2.5739472165787296,80,969.4
2.5253901254787596,78,896.67
2.6216375753065866,51,650.67
2.614829688274079,45,569.92
2.6354795082673745,66,854.7
2.5665190890350464,71,853.45
3.7435892460471125,94,3877.44
2.5806011971428706,67,817.74
3.211649779776461,66,1572.12
2.5806120084158835,69,842.16
2.58292609642524,74,905.45
2.5739472165787296,88,1066.34
2.661374653486989,89,1185.12
2.7454558402044893,76,1107.45
2.6354795082673745,62,802.9
2.7190464309203457,82,1161.6
2.7433637184480015,84,1221.29
2.6547647021369896,61,806.52
2.6265703086026537,67,859.36
4.070377236861812,53,3051.69
2.6486539911455536,86,1129.61
2.4459750334189954,89,938.22
3.467531165351134,80,2484.6
2.5154729553626405,61,693.72
2.509426266962319,47,531.0
2.523325759691945,82,940.54
2.58374022944758,88,1077.7
2.505093670707979,85,955.8
2.790047369558572,67,1023.88
3.2880808602267346,93,2398.6
3.423957233364002,64,1900.2
3.3602789318729562,54,1501.05
3.7467314258366167,86,3558.88
2.57353042672686,59,714.61
2.765831569014121,80,1191.38
2.6397800648948646,82,1066.83
2.6703252576164056,75,1008.35
3.519478938022891,82,2686.88
2.641676846502809,61,795.24
2.7104993068725287,87,1221.2
2.601457333371577,83,1036.12
2.601763330584253,60,749.25
2.6185660724107773,96,1220.74
2.664360851783221,65,868.32
2.6486539911455536,62,814.37
2.552094959020973,53,627.2
3.217979648774449,71,1702.41
2.670436156764077,67,900.9
2.5876433558957537,81,996.17
2.6775517194049447,105,1422.69
2.566528720780093,73,877.5
2.6050066872305693,76,952.38
2.7220000667539637,56,795.8
2.594881502996572,86,1065.97
2.60859812213055,84,1056.72
2.5666079003469333,95,1142.05
2.5533930639331563,79,936.2
2.60859812213055,70,880.6
2.6744934175733674,60,810.3
2.611184789563213,58,731.68
2.6081875982238416,61,767.04
2.530333410695004,65,751.25
2.4851252051380124,61,671.16
2.686901826589044,95,1300.18
2.552565298261815,70,828.8
2.6483584773343756,85,1116.12
2.573509109262186,57,690.37
3.624213940786214,63,2299.2
2.5944966700064667,65,805.34
2.8681718872123776,77,1278.57
2.8366299606618868,66,1059.84
2.6461918868732326,83,1087.32
2.766336107211925,74,1102.62
2.7126632007538185,31,436.15
2.618310393420667,71,902.59
2.7643497466952285,78,1159.76
2.7098519956983957,78,1094.11
3.524443052766523,76,2503.05
2.6081875982238416,61,767.04
2.6420945844048274,58,756.47
2.588613020324039,54,664.81
2.721261689091452,78,1107.56
2.6875277967563798,83,1136.71
2.615386516238791,76,963.11
2.665979080187471,84,1124.09
2.714452199718642,71,1000.84
2.587623674500409,75,922.36
2.775652206793716,44,662.16
2.5860631354026475,73,896.25
2.7499382938044628,78,1142.05
2.617515813637295,73,927.22
2.7245954965280834,82,1168.52
2.7447418865826596,67,975.56
2.7204617471036534,75,1064.05
2.688566013664714,53,726.66
2.7254797494974414,83,1183.89
2.750333406015401,79,1157.18
2.523325759691945,84,963.48
2.6847933389379426,87,1188.0
2.656765789642117,79,1046.76
2.74408475409009,80,1164.03
2.7675343034925097,60,895.16
2.6723597749678794,71,956.66
2.8190249275445045,80,1260.84
3.006742862502595,77,1480.05
2.802318657459846,78,1207.66
3.0191395075536094,90,1752.63
2.8558887937638384,88,1442.31
3.889525242665664,73,3495.8
3.8519358953763763,80,3686.73
2.735565592629987,91,1312.08
2.854620686641028,79,1293.06
2.6457314367029516,80,1047.5
2.833757858090906,81,1296.75
2.9813797673295905,62,1160.33
2.648493191003703,55,722.3
2.611113365677364,100,1261.42
2.6641679732853607,55,734.58
2.8646999202301284,66,1091.89
4.102181588442943,58,3449.38
2.8498635873232523,59,960.84
2.7752102829447325,80,1203.36
2.764906226067765,49,729.0
3.0172579607692347,83,1613.12
2.9885637840753785,70,1320.0
2.920980369424212,76,1334.52
2.7453953892992184,65,947.1
2.861049742433233,75,1235.99
2.607308631300678,88,1105.5
2.8386060172405885,78,1255.17
3.079206449637143,70,1451.88
3.132494552351349,63,1381.66
3.1328190160568106,76,1667.33
3.2961819243099817,88,2288.82
3.173758270107314,94,2152.33
3.239196525224268,56,1372.74
2.6937559304708567,45,620.42
3.3391852515163456,83,2257.28
3.1171014638568697,84,1812.79
3.1285133847878095,92,2009.28
3.029497529021935,79,1555.26
2.9116563429589277,83,1443.14
3.001981934445467,78,1491.78
3.1085682266509758,58,1240.56
3.1965494893819875,76,1782.05
3.159361129024652,83,1872.11
3.1518873398443903,67,1499.47
2.8568880917259376,77,1263.36
3.1252054427176597,70,1523.52
3.8678590802160433,69,3231.95
3.282372136427328,54,1384.5
3.1466040645319135,82,1825.07
3.1425333788794902,89,1972.46
3.053589191427005,71,1433.58
3.2310678656335625,105,2552.2
3.868733978514882,81,3797.42
2.992428210031691,72,1363.25
3.140237049253479,61,1348.67
3.179767337301451,69,1589.84
3.1654801317538057,83,1884.11
3.9884065377902487,68,3601.88
2.983286726974535,76,1425.2
2.9264690952671777,74,1306.96
3.126363411872371,95,2070.14
3.0561617543804416,41,830.08
2.9432979775944585,60,1078.7
3.1686871832849137,72,1639.89
3.1672712692292473,92,2092.32
3.2549199975240586,61,1519.97
3.19360236794474,74,1729.83
2.9944132221699085,55,1043.55
2.7143693742911883,57,803.42
2.7797687662734885,68,1027.84
3.1238548340139514,52,1130.16
3.134737085577967,81,1780.59
2.9882040071331994,76,1432.6
3.1831274159057674,53,1225.47
2.89882550738369,64,1097.78
2.9077998741644624,79,1368.0
3.043288170879015,83,1657.85
3.0926503553930282,87,1830.08
4.070684340030589,61,3513.42
3.192606515398864,88,2054.96
3.1950866594681737,83,1943.22
3.0171802988910486,64,1243.75
2.9533776070760305,84,1526.33
2.9452844862861887,84,1513.35
2.913104855844548,85,1480.18
3.7032873551454797,82,3245.6
3.6019124220390606,82,2924.8
2.948388051458094,83,1500.24
2.7131643741247653,55,774.23
2.891852143066599,54,919.44
3.480262006494771,79,2485.99
2.6379906628474563,67,870.0
3.7516592180058286,65,2703.46
2.7553524193674557,79,1163.4
2.7652965740366073,56,833.49
3.076894546587974,64,1324.22
2.9697015908222464,77,1423.43
2.9803358739303265,79,1476.86
3.6908774567766094,91,3556.28
2.8280234291278816,70,1113.84
2.940934871236492,65,1165.68
2.563466777501314,81,970.44
2.6993108250589053,77,1067.95
3.697044306663879,58,2281.02
2.7677573584362154,52,775.99
2.951989350606072,80,1451.52
2.9018552767783796,76,1307.8
2.963180385385268,72,1321.88
3.1768321541728466,86,1975.48
3.8701059279552914,71,3333.27
2.828918419773335,49,780.43
2.940924037058996,51,914.6
2.7432410278503925,73,1061.22
3.129837219614009,78,1705.88
2.7372472398379384,102,1473.33
2.7095469159633363,77,1079.73
2.749192144433385,72,1053.36
2.6221291385945706,56,714.84
2.9737918403902897,67,1243.92
3.7222451479577368,70,2825.0
2.6745040786110064,97,1310.0
2.8403122699575425,54,870.54
2.692709836098221,103,1418.48
2.747848461909336,81,1183.33
2.7938668756479546,61,935.99
2.663061891624877,77,1027.19
2.763535519710828,81,1203.32
3.968689406357699,74,3841.72
2.8502617605579994,78,1270.8
2.6332604851429955,76,981.85
2.8116591837212304,92,1438.65
2.601468897012337,51,636.66
3.803546529092062,71,3114.06
2.6593749728561273,87,1156.0
3.84561054565578,58,2655.66
2.753124957977583,88,1292.86
2.9032933775024303,61,1051.28
2.734720180909749,81,1166.84
2.6744934175733674,42,567.21
2.8132678494121257,77,1206.15
2.585254623622282,81,993.6
2.695488296390055,80,1105.02
2.861919040824888,73,1204.14
2.5886816067861984,86,1058.85
2.9305222626498044,58,1028.77
3.567638955778647,67,2307.0
2.69181469802269,83,1141.95
2.7621875953489012,90,1335.1
3.7913457856584265,65,2815.54
2.7149596094031447,80,1128.32
2.7374584689463606,86,1242.5
2.7806579302882284,81,1225.5
3.5814469007948495,62,2165.38
2.596674784228741,94,1167.39
2.93683116563383,75,1339.2
2.6925013707125798,77,1060.18
2.8667618922570313,71,1177.18
2.7317336233580236,59,847.21
2.8000182791750325,95,1467.27
2.815630473498349,54,848.0
3.537551540915636,76,2537.08
2.681021528714291,112,1523.2
2.853815592040091,93,1520.91
2.8542985119322823,71,1161.72
2.6750847798723236,81,1094.6
3.250315899982145,86,2132.67
2.758670191948718,52,768.5
2.735960101256478,77,1110.69
2.689631615578192,80,1098.1
2.8439399217948593,78,1262.3
2.908131734566198,71,1229.9
2.9154787593485936,68,1187.12
2.8796139473899616,73,1226.94
2.9239293350754862,70,1233.0
2.796252301295761,83,1276.8
2.9450925051839736,95,1711.18
3.7611551034277126,62,2603.88
2.6632001517993684,71,947.29
2.8313503278926397,67,1069.88
3.96268581124447,69,3560.29
3.1539583813739074,58,1300.86
2.9131582115516053,74,1288.7
3.0302611747011317,72,1418.59
2.710661372358685,64,898.51
2.9856682875936773,74,1391.18
3.154083374779787,71,1592.64
2.950820878593777,73,1322.88
3.209524924077028,41,974.46
3.0442871834325334,83,1659.59
3.004595180554882,87,1668.49
2.8799448718771146,79,1328.25
3.9040736849163915,73,3548.1
3.117241690951188,55,1187.12
2.8660734434174135,81,1342.0
3.838815550763736,50,2273.52
2.8121184535760912,70,1095.16
2.997231149677727,65,1236.95
2.7645546413275954,66,981.55
2.9861686149214353,83,1561.2
3.7446077270157248,87,3592.44
2.7479399965540123,68,993.51
3.140115627759624,52,1149.54
2.8255635374716617,89,1412.47
3.007885841607749,101,1943.7
2.8844747751910407,72,1216.38
2.838768115797325,98,1577.28
3.53449224396817,71,2362.71
2.8833619523987375,68,1147.45
3.0286908166342337,65,1278.56
2.88446335226831,53,895.38
3.995588693809079,83,4428.7
2.8981518716857124,68,1165.56
2.989714201228428,76,1434.88
3.0817412325817597,87,1809.28
2.711958048468414,71,998.17
2.8323361558875337,53,847.21
2.6243340880623647,91,1164.38
3.029440834720652,83,1633.91
2.7588351537456006,69,1019.92
2.6001592534846854,85,1059.6
3.1108785025558707,80,1715.26
2.9780145945294985,73,1361.36
2.6483190688939153,75,984.77
3.0175387516146963,87,1691.36
2.961784122470114,74,1356.6
2.9792812385820344,79,1475.22
2.718931955937025,85,1203.95
2.9485481719165736,85,1536.65
3.073387518119595,84,1731.66
2.943356923154642,73,1312.5
2.5597482377972156,82,978.47
3.1675825304806504,70,1592.5
3.045547553138668,78,1561.68
3.13837586981587,91,2008.04
3.044861485579308,66,1320.47
2.8624325143320406,74,1221.3
2.594881502996572,58,718.91
2.887504403097431,78,1321.98
3.077705982776282,55,1138.97
3.0297585981469624,76,1496.61
3.111969488451059,61,1309.38
2.8439989593976125,46,744.48
2.8154971749551505,88,1381.73
2.5307161858192946,56,647.5
2.60859812213055,44,553.52
2.5449575044561836,67,786.76
2.6482675324360336,65,853.42
2.5230332502894566,85,974.64
2.6420945844048274,58,756.47
2.559743522895533,48,572.76
2.66773130062084,69,925.1
2.5008330699460664,34,380.55
2.490831523326247,84,929.99
2.523325759691945,54,619.38
2.5154358548228233,55,625.46
2.5736359595684104,79,956.96
3.2470291978765284,73,1804.11
2.6150207517870174,80,1013.4
2.7623624311819506,61,905.07
2.6569907974887346,48,636.16
2.6420950391426152,54,704.3
2.7594849488993893,82,1212.92
2.6017678514718843,82,1023.98
2.658551311269795,59,783.26
2.5380523939970874,68,792.54
2.5879519874883874,36,442.89
4.071697178153866,56,3228.76
2.626917064611839,47,603.06
2.523002854795047,77,882.88
2.6929304103736786,55,757.62
2.5879519874883874,44,541.31
2.6234373176386323,53,677.5
2.6288360974099785,38,488.59
2.5382471430079607,71,827.68
2.612047473849944,52,656.6
2.5453351739471737,68,798.83
2.6482675324360336,65,853.42
2.6354795082673745,86,1113.7
2.7499351598874897,68,995.63
2.573392248220982,45,544.96
2.6546637760043637,49,647.79
2.713910772136207,60,845.29
2.5686972146412037,59,710.88
2.6463377129989865,74,969.57
2.848525378473948,65,1057.05
2.67837277113502,58,786.56
2.866742277298663,58,961.62
2.6616571615324998,66,879.12
2.8651030694442667,58,959.95
2.6110834775728526,58,731.6
2.839861188123651,59,950.69
2.9560314451638323,65,1184.4
4.190224164610861,54,3512.03
2.6277966868968123,34,436.67
2.8895029259093814,87,1477.64
2.6596809359966596,81,1076.63
2.816967541646895,76,1195.18
2.7369928828988277,62,895.31
2.6679329245398806,66,885.07
2.743920318929974,55,800.13
2.667662140196922,40,536.25
2.9135423617892946,67,1167.27
2.6692184833186703,61,819.15
2.882597508837114,66,1112.8
2.9519687986490113,61,1106.76
2.8869918694965055,68,1151.87
2.917279210816089,88,1539.2
3.6639564399831683,50,1900.77
2.7065548307194556,58,810.7
2.8098278353107986,68,1061.28
2.9457092742838658,53,955.28
2.710768724788157,60,842.45
2.7560506927730084,74,1090.58
2.965702527102295,54,994.05
3.0051166734356314,35,671.6
3.1625845541325597,69,1561.58
3.67867037550274,70,2701.56
2.5706781090917494,64,772.78
3.0090113619598013,68,1310.18
3.0757717078997477,47,971.33
3.0517688462441903,66,1330.08
3.083715400463915,33,687.7
2.9875740858525277,56,1054.9
2.7513225244466146,60,879.8
2.883903697088787,81,1367.6
2.780962653712338,66,998.88
3.162184033097916,61,1379.95
3.0334133405216797,85,1680.28
2.940799754274073,51,914.48
2.9378574906510164,69,1233.4
2.9344852990253667,55,979.65
2.774353830186448,75,1127.12
3.075393369961671,50,1032.92
3.150100462192025,44,982.89
3.0928351039728357,57,1199.25
2.994380008303977,37,702.0
2.9531459029244083,65,1180.8
2.9945251961227166,63,1195.48
3.2399731319120324,56,1373.85
2.998705461188258,67,1276.99
2.981514024551712,51,954.6
2.580974118534234,62,757.02
3.065406213873911,41,838.17
3.019680500021739,59,1149.6
3.17445119479641,65,1489.39
3.054152113683385,50,1010.16
2.91540020477074,71,1239.39
3.5612354586106774,81,2770.74
3.173533826582923,68,1556.64
3.051639905492287,39,785.85
2.976159151169544,64,1191.19
3.1185938122902135,79,1707.55
2.9879669068683143,68,1281.48
2.8970353306537504,58,992.98
3.3346648510163317,78,2111.38
2.9482124289474627,71,1283.1
2.865828951934857,61,1010.38
3.1630106920268055,48,1086.8
2.5593598004560016,65,775.29
2.9219278450698174,75,1318.28
3.1525873676881924,69,1545.36
2.8482863393291376,44,715.36
2.812189383000208,68,1063.95
4.21244500781608,49,3259.55
2.8139987791115906,68,1066.0
3.7766796865419487,50,2133.54
2.6612449509328506,61,812.16
2.827531598793204,57,906.51
3.031606985493065,77,1519.25
3.008035791975637,83,1597.55
3.0525561643271555,49,988.3
3.062881021447369,66,1345.68
3.144927839915844,50,1110.9
2.909791576253498,74,1284.12
3.14447897724708,62,1376.87
2.8790228800875104,48,806.25
2.7766429925678215,62,934.03
2.890093941530994,40,679.8
2.805134704383312,86,1335.52
2.7905002651769304,60,917.35
2.530722605314016,62,716.88
2.740097203976165,53,767.89
2.5945081597030812,67,830.13
4.012579141371216,56,3040.2
2.728580150467694,53,758.49
2.6087713723042336,68,855.6
2.69747808073387,71,982.8
3.791006880112893,61,2641.36
2.7808580086802657,42,635.58
2.615061134951994,77,975.44
4.012728552568291,53,2877.77
2.8327607529645347,39,623.7
4.430438216811669,39,3235.76
2.7609311234301934,57,844.43
2.601770744829242,50,624.38
3.6121051397293296,43,1549.89
2.797890905102,68,1047.88
2.573563040521663,65,787.31
2.8650758650782664,52,860.62
2.6193148508860573,76,967.2
2.799522723479862,75,1157.76
2.6529628929836657,53,699.39
2.6840079325478605,60,818.62
2.7824400382901553,75,1136.88
2.878451790168487,70,1175.07
2.5870397406867536,27,331.84
3.846436091781896,68,3116.16
2.851712894044459,62,1011.68
3.7073727172930573,62,2464.29
2.728923721625599,61,873.3
2.648182237392259,48,630.16
2.674455115870852,54,729.24
2.601763330584253,32,399.6
2.7342592784545987,66,950.29
2.5935895091972174,61,755.04
2.6740695055372434,61,823.43
2.5507904195189517,65,768.12
2.6482675324360336,65,853.42
2.5629864354403025,71,850.19
2.7786231102217167,38,573.68
2.537701750172479,71,827.19
2.6017701956277945,54,674.33
2.601378284623548,65,811.35
3.3675069266343396,49,1372.3
2.7688708821291543,48,717.15
2.848134152818422,72,1170.4
2.5739472165787296,40,484.7
2.647404094679983,64,839.51
2.72785282839839,57,815.1
3.4342975641092424,53,1590.51
2.6416479560054755,57,743.07
2.5050487492082922,77,865.8
2.5593867860804593,71,846.88
2.63857251823566,28,363.81
2.6466376532127978,72,943.67
2.508038851896796,73,823.5
2.636847096641118,55,713.3
2.718466869847623,75,1061.78
2.6150076862962446,56,709.37
2.901214232754894,53,911.4
2.5008210086020703,40,447.7
3.914466394731377,69,3389.44
2.6587064590792937,73,969.28
4.076319698030552,61,3533.62
2.718699181261859,51,722.19
2.7048266201389626,58,809.2
2.683010923492192,54,735.97
2.8452921806511213,41,664.47
2.845416822418694,63,1021.15
2.6546040533535584,62,819.6
3.4905237852420252,48,1526.55
2.613121853152728,70,884.91
2.6272079536089765,57,731.6
2.615001052981749,65,823.37
2.7594695038105415,41,606.45
2.75702299699528,73,1076.96
2.5788718394769927,93,1132.95
2.620220307400973,40,509.55
2.809764075839839,80,1248.48
2.537737264003358,79,920.43
2.611539300721366,68,858.16
2.6633627205163775,63,840.7
2.5561414507164506,70,832.02
2.6722370090822687,52,700.56
2.60859812213055,40,503.2
2.7225882051021078,89,1265.55
2.6072110391166503,51,640.62
2.9781357356423577,61,1137.72
3.0607072803002104,34,691.65
2.6280357758570045,55,706.56
2.9682325998514063,60,1107.45
2.764465540576863,72,1070.68
2.856265626557911,59,967.39
3.3500795104835452,50,1375.25
2.718347874786241,76,1075.8
2.6210388241125804,38,484.5
2.9410897234151037,68,1219.68
2.7876047259734333,58,884.04
2.9652730660692828,54,993.6
2.6125767895855097,58,732.78
3.06291137995094,77,1570.01
2.8016819286765795,73,1129.48
2.8072280067741513,33,513.61
2.8372137351725435,70,1124.77
2.8720620795238694,73,1217.16
2.9576772806847256,75,1368.99
2.8199654586120664,59,930.8
2.951305304064236,66,1196.64
2.971419088971708,50,925.98
3.0651163728491886,46,940.1
2.8347768270617824,50,801.33
3.029443330896303,77,1515.8
3.00305110446445,81,1550.9
2.972648202632106,61,1131.16
2.5303897643904123,75,866.88
2.8269100978129864,44,699.3
2.787160072887206,33,502.75
2.900422093749666,44,756.0
2.8282070914815156,47,748.01
3.0913819357057566,83,1743.62
2.9771000900534124,62,1155.11
2.621689330190965,57,727.26
3.0218040655135936,41,800.66
2.821750841035038,40,632.25
3.077902524094623,32,662.81
2.960174842382444,52,951.67
3.8099090657863357,60,2648.78
2.846044277374724,64,1038.05
3.7518361960519835,78,3244.74
2.9562880060025223,51,929.55
3.0139677694014506,36,697.25
2.8033892405189524,63,976.53
2.972341789017274,63,1167.87
2.7534276573910788,82,1205.1
3.0932101900949265,62,1304.96
2.896628943931961,57,975.44
3.001474789845188,83,1586.56
2.6546637760043637,49,647.79
3.0743444713565093,72,1485.77
2.8270379902036926,73,1160.36
3.691156027419976,60,2345.4700000000003
2.9629395521760746,69,1266.48
2.8589658401586306,69,1134.6
2.9961890657602677,58,1102.53
2.982778362392155,54,1012.1
2.9996271178155323,82,1564.4
3.8212131188791627,69,3081.51
2.6576523623375117,94,1246.7
2.868750811793201,38,631.37
3.945006357910161,72,3648.72
2.704472379754326,70,976.25
2.593262674425625,27,334.08
2.801620169155999,61,943.75
2.7643045026520836,55,817.74
2.8286030598060794,72,1146.37
2.5632864371140522,75,898.38
2.7912296843520825,95,1453.6
2.522954651090536,67,768.18
2.668666873101835,41,550.25
2.930467805920904,61,1081.92
3.8568386921889393,56,2593.67
2.829191986492996,62,987.77
2.6766243429864067,69,933.98
3.2229740821943555,60,1446.16
2.8583192651872924,59,969.5
2.9178464048966952,50,875.07
4.034556094354687,46,2553.82
2.6295565575593356,63,810.66
2.6017713895435994,46,574.43
2.6345830492203377,60,776.25
2.8074065206998156,58,902.88
2.8418582221282347,50,807.38
2.874317651663558,36,601.68
2.8145253495633127,59,925.43
3.65687265797885,66,2490.84
3.6420498667571386,80,2973.6
2.948773343044655,79,1428.52
2.6228492028775703,59,753.72
2.8725597406131693,63,1050.98
2.515411453717452,53,602.7
2.6221291385945706,76,970.14
2.6548276933835,71,938.8
2.5664475826709494,59,709.15
2.615001052981749,65,823.37
2.6283771220772842,55,706.82
2.601378284623548,65,811.35
4.655228117629206,25,2603.33
2.6288266023118227,52,668.59
2.615386516238791,72,912.42
2.580418829391012,45,549.12
3.5448708312857793,71,2388.1
2.5307108072919893,74,855.62
2.5307248381720857,46,531.88
2.6288266023118227,56,720.02
2.6012525232137365,49,611.55
2.6221291385945706,62,791.43
2.5736193564729364,75,908.49
3.7857650967701217,64,2756.44
2.594881502996572,56,694.12
2.6420884454244504,60,782.55
2.6354795082673745,36,466.2
2.615386516238791,72,912.42
2.60859812213055,62,779.96
4.083255527736408,48,2800.24
2.523325759691945,62,711.14
3.3398812062236365,71,1932.32
2.601763330584253,72,899.1
2.5453351739471737,36,422.91
2.5083790059731426,50,564.25
2.594881502996572,40,495.8
2.5668705876394307,70,841.75
2.648327769592281,77,1011.04
2.680169629483186,37,502.74
2.6150772056489844,81,1026.13
2.6080870360615522,49,616.08
2.5302083911605386,49,566.25
2.559416128628711,75,894.62
3.711410086074701,55,2195.13
2.6616571615324993,56,745.92
2.6013530305275894,61,761.4
2.60176862647914,70,874.13
2.566381212712011,51,612.95
2.6551817319409072,70,925.93
2.552565298261815,50,592.0
2.5945566537213534,77,954.08
2.580974118534234,60,732.6
2.500393452426669,59,660.05
2.6680958855951773,96,1287.6
2.6739080430974216,43,580.35
2.5879589480048577,54,664.34
2.559353755661429,63,751.43
3.9779230992048493,65,3406.39
2.5591892098749653,45,536.64
2.5154358548228233,55,625.46
2.530375365803044,73,843.75
2.668087625535457,42,563.32
2.655181460566105,74,978.84
2.6675368009371274,45,603.2
2.6288266023118227,72,925.74
3.3152997537251956,62,1644.9
2.608041593544991,45,565.76
2.5668705876394307,80,962.0
2.580974118534234,52,634.92
2.6680914378791907,78,1046.17
2.594881502996572,40,495.8
2.580974118534234,70,854.7
2.6012910838178005,53,661.5
2.559382049256055,69,823.02
2.594881502996572,66,818.07
2.5668705876394307,40,481.0
2.6013242312187708,57,711.45
3.6185064012914507,76,2757.42
2.587584465745059,67,823.94
3.2885124397252037,54,1393.36
2.6680958855951773,52,697.45
2.552565298261815,64,757.76
2.6616571615324993,28,372.96
2.601378284623548,65,811.35
2.628833284056961,54,694.31
2.60859812213055,68,855.44
2.62161750636541,49,625.14
2.5453407772710657,70,822.33
2.6416689285267068,59,769.16
2.615386516238791,44,557.59
2.66127032264607,65,865.44
2.60859812213055,82,1031.56
2.6482132806634775,57,748.34
2.6149376048413724,55,696.65
2.48517231497897,69,759.22
2.615393288393047,54,684.32
3.5635028737496404,41,1405.75
2.580974118534234,70,854.7
2.667708860280226,65,871.45
2.4928748194371773,75,832.2
2.5876689654593905,87,1069.99
2.7040421797046714,52,724.88
2.5597482377972156,82,978.47
2.552565298261815,44,520.96
2.6744934175733674,52,702.26
3.11738570941694,91,1964.44
2.599644700392682,67,834.75
2.594881502996572,50,619.75
2.621811827914864,79,1008.09
2.492798920989264,61,676.8
2.6283418601798325,51,655.39
2.6013530305275894,61,761.4
2.573556894739806,63,763.08
2.678189417785099,62,840.64
2.601769309818373,62,774.23
3.0832665993676316,74,1541.39
2.5668705876394307,94,1130.35
2.580974118534234,52,634.92
2.6014204886754557,73,911.25
3.8417093863615657,69,3146.75
2.5925095473863533,49,605.8
2.708210188303575,75,1050.18
2.5008265503187284,74,828.25
2.5453351739471737,52,610.87
2.641877270108818,43,560.7
3.6170004773846016,54,1956.19
3.368309904498485,52,1457.53
2.9632204340680737,91,1670.78
2.647031845066212,67,878.51
2.7569051509928917,49,722.8
2.7773877943105822,66,995.08
2.6547024972973023,53,700.7
2.7807924792154495,50,756.59
2.612524472954855,73,922.24
2.801686253063477,75,1160.43
2.5779035499623646,60,730.17
3.799271353605295,80,3493.49
2.694508634151473,57,786.5
2.756175692598451,43,633.8
3.736071272011176,65,2660.64
2.949880644800076,49,887.08
2.8513606663766033,53,864.5
3.801203170322902,50,2187.75
2.8178206508224815,61,960.16
2.5668705876394307,50,601.25
2.9707517905855494,38,703.25
2.9630203323135356,52,954.53
2.6577712369121245,65,862.19
2.8242847133119144,72,1141.12
2.7648600693587184,66,981.87
2.558878718727065,53,631.83
2.6091422527353174,69,868.53
2.86171504864636,40,659.66
3.008046763026103,64,1231.86
2.9079933592459843,51,883.32
2.7677516749186295,68,1014.75
2.9087354419131226,75,1300.02
2.659650283357381,62,824.06
2.880913023361441,55,925.68
2.8783658177828237,54,906.4
2.906017946183723,52,898.76
4.2052681467070965,56,3698.16
2.808994528124885,62,966.78
3.9277536278640293,80,3983.42
2.6980387145329154,52,720.23
2.6230620923799237,79,1009.45
2.6606510689989165,25,332.64
2.6482675324360336,65,853.42
2.741562343634658,50,725.56
2.831026079787216,63,1005.66
2.8024590739505224,74,1145.9
2.8187590263830873,91,1433.8
2.748298062585662,63,920.81
2.779528869323723,35,528.9
3.9446533685335035,70,3546.09
2.838048693711567,50,804.12
2.541624490399339,70,819.02
2.7707288857074044,74,1107.8
2.7142846944514982,84,1183.88
2.8732821137974267,46,767.97
2.868526072755676,48,797.33
2.448933989329183,70,740.32
2.7818385733171316,38,575.65
4.177332632196389,52,3337.9700000000003
2.6982458852293614,52,720.39
2.8012439780001572,43,665.0
2.5735901413166267,71,860.01
2.544781535284695,45,528.32
2.656508337812274,48,635.83
2.5453404743894956,74,869.32
2.632637959955932,72,929.55
2.5806120084158835,69,842.16
2.6081587831993467,57,716.72
2.616499029238006,57,723.2
2.586402564629387,42,515.84
2.552565298261815,64,757.76
2.5875133772492056,57,700.91
2.635267460949736,71,919.24
2.6221291385945706,54,689.31
2.6376927626534616,66,856.74
2.6288266023118227,48,617.16
4.179697560029894,46,2959.92
2.55214280023599,59,698.24
2.601763330584253,52,649.35
2.5699535380461125,69,832.5
2.566498100134945,67,805.35
2.6486539911455536,50,656.75
2.507984848544149,63,710.65
4.041207463808972,60,3353.7
2.5008299235225273,46,514.86
2.6081587831993467,57,716.72
2.6680958855951773,80,1073.0
2.5875133772492056,57,700.91
2.655176711495142,76,1005.29
2.552565298261815,80,947.2
4.16256238596238,44,2782.38
2.6486539911455536,46,604.21
2.6483360296789087,79,1037.31
3.8151635248110605,79,3506.35
3.521888560358839,82,2693.56
2.559234471436802,49,584.37
3.5240458597587607,79,2600.79
2.6808502811755557,52,707.07
2.566498100134945,67,805.35
2.566339552721619,47,564.85
2.6288266023118227,52,668.59
3.2054694364143814,65,1538.36
2.667708860280226,65,871.45
4.002578678767613,57,3063.13
2.544727505342309,41,481.33
2.6354795082673745,50,647.5
2.6221291385945706,70,893.55
2.5739537884570054,58,702.82
2.4539276007901982,81,861.35
2.5668705876394307,82,986.05
2.5230332502894566,85,974.64
2.523325759691945,48,550.56
2.628831478184299,74,951.46
2.608224368429885,67,842.52
2.6420955666381905,50,652.13
2.60859812213055,60,754.8
2.641676846502809,61,795.24
2.642088445424451,88,1147.74
3.3915592469686535,49,1406.9
2.6551809972431015,82,1084.66
3.189901108425587,78,1816.31
2.642088445424451,52,678.21
2.52287366363571,55,630.54
2.608041593544991,45,565.76
2.559297049587747,55,655.97
2.5380523939970874,42,489.51
2.621785743106598,73,931.5
2.615386516238791,52,658.97
2.626980432185112,67,859.74
2.654726137964945,55,727.16
2.5597501887845127,58,692.09
2.6017683402152687,74,924.08
2.5875133772492056,57,700.91
2.6934394779215753,74,1019.9
2.4927851373600802,59,654.6
2.5591138233703044,39,465.05
2.6551820362095375,66,873.02
2.4378332946403236,67,700.03
2.6590350116164805,52,690.69
4.189117079474299,42,2728.51
2.580622210495902,71,866.58
2.587584465745059,67,823.94
3.7413973555070084,70,2880.98
2.628833284056961,54,694.31
2.615091763586841,85,1076.82
2.500821008602071,76,850.63
2.655185078890748,42,555.56
2.545011656108202,77,904.24
2.6354795082673745,78,1010.1
2.628831228140135,78,1002.89
2.608224368429885,67,842.52
2.5155606695191994,79,898.51
2.655176711495142,72,952.38
2.692348626665482,38,523.12
2.6468837658647226,59,773.49
2.71112240013918,39,547.8
2.7951618817032395,72,1106.3
2.7539336505354592,63,926.37
2.559154423907621,43,512.77
2.5810606293373244,70,854.78
2.568941378731074,50,602.6
2.6017683402152687,74,924.08
2.594881502996572,78,966.81
2.5229851583625047,73,837.0
2.601763330584253,72,899.1
2.7111484269430717,55,772.56
2.7333999234708477,47,676.1
2.6042479249493975,38,475.8
2.6680958855951773,68,912.05
2.5805645088368934,61,744.48
2.615392057095684,66,836.39
2.7873268034261574,45,685.69
2.6349673443637336,49,634.2
2.5815170379733914,46,561.99
2.5668705876394307,38,456.95
2.5876051747862716,71,873.15
2.573563040521663,65,787.31
2.5594196110419216,77,918.48
2.523325759691945,60,688.2
2.51587484933589,74,841.93
2.7351732751644193,58,835.92
2.716238805007763,21,296.59
2.594868631409956,58,718.9
2.6221291385945706,46,587.19
2.7173402480093025,62,876.68
2.601768947441565,66,824.18
2.7349950181225147,60,864.58
2.5520565542126867,49,579.84
2.6215957289735927,47,599.61
3.6141522175474683,73,2636.75
2.6221291385945706,72,919.08
2.809186180961091,64,998.17
2.5874691369654705,51,627.1
2.908526374474919,43,745.18
2.6805099823716536,75,1019.44
2.6680958855951773,44,590.15
2.8289395183776636,48,764.52
2.60859812213055,56,704.48
2.625558102355871,57,730.3
2.6350392428431118,57,737.8
2.642245519244233,68,887.04
2.691494149822046,54,742.7
2.5380523939970874,52,606.06
2.664039366949178,65,868.02
3.371993988891998,67,1885.15
2.6221291385945706,60,765.9
2.8291629198746255,39,621.32
2.7960610784249234,42,645.96
2.7210893191053556,83,1178.34
2.530350781575648,67,774.38
3.452524008827496,56,1712.48
2.7844034186621207,64,972.17
2.7069477417653265,72,1006.81
2.826169652229848,59,936.96
2.5154729553626405,61,693.72
2.7168713947730856,62,876.24
2.573638938848648,81,981.19
2.5380523939970874,50,582.75
2.6337943348880737,86,1111.68
2.869711566026878,88,1463.61
2.642088445424451,88,1147.74
3.3143197864609073,106,2809.3900000000003
2.573653448167037,85,1029.66
2.689698006568203,101,1386.45
3.6286105928708396,44,1613.06
2.81761436902061,96,1510.74
2.799520092596714,74,1142.32
2.9537908255189027,81,1472.46
3.0354669444788724,101,2000.88
2.817871341599536,102,1605.6
2.9103596655135777,97,1684.25
2.9369864660172795,56,1000.1
2.8179432862724405,105,1652.95
2.822186383424977,98,1549.73
3.9367397068581593,81,4070.35
3.56546410946954,99,3401.23
2.851485288394158,92,1500.84
2.830857630363757,72,1149.12
2.7103333071167786,63,884.16
2.908532156084262,79,1369.06
2.885308455939618,77,1302.0
2.681153554987711,83,1128.96
2.7447035187502458,83,1208.48
3.073034860096508,103,2122.56
2.861116549412115,87,1433.85
2.8251811723589517,60,951.84
2.703179601905694,118,1643.4
4.04233923495067,70,3917.16
2.6375982391507256,97,1259.02
2.8586013367432774,66,1084.85
2.8867865272611097,86,1456.46
2.877157687590903,97,1626.08
3.0111204094002915,70,1351.71
2.5380523939970874,98,1142.19
2.9918207875029443,78,1475.91
2.8820516983840223,93,1567.13
3.7936943664118608,99,4298.6
3.190664582345185,94,2190.63
3.1348439412285223,103,2264.46
4.0650969152704315,54,3092.61
2.6744934175733674,66,891.33
3.23198398082094,72,1751.75
2.9535836418638985,88,1599.36
3.1976102101193473,73,1713.6
2.9507450631552277,103,1866.38
3.013471842307969,93,1800.29
3.1209610252154274,65,1408.43
3.038095405493074,86,1708.43
3.1669731623227864,94,2137.14
3.450371766078039,76,2318.92
3.4535116406317266,83,2540.73
3.618057668658046,86,3118.8
3.216901273985327,73,1748.4
3.1325107036567785,54,1184.3
3.1996021665541488,101,2375.8
2.8942356285536075,95,1621.62
2.9924435382542236,90,1704.09
3.198428189599096,80,1879.52
2.952142847783731,98,1778.4
2.9828124360360224,98,1836.84
2.9894192850605474,58,1094.7
2.9553962720311167,75,1365.7
2.9808125369803857,89,1664.64
3.749554137255505,94,3901.2
3.1463522659939818,73,1624.33
3.009486644605908,83,1599.99
2.934641268245205,101,1799.29
3.2111258714081394,70,1666.49
3.2215602186570855,100,2406.72
3.116322850019726,89,1919.13
3.156655883587044,84,1889.32
3.270234117143343,84,2126.67
3.2973172511747633,73,1900.92
3.886508173720141,101,4821.780000000001
4.103283655874629,56,3334.17
3.7256283648791797,100,4049.73
3.7421612340704953,97,3995.34
3.4499518754968177,89,2714.4
3.3540450060193896,92,2540.88
3.43516185765069,101,3033.68
3.2695435903199805,105,2656.43
3.2177769162044423,59,1414.38
3.293998598578722,97,2517.19
3.1190436080920105,93,2011.1
3.005170353051298,116,2226.0
3.259051672536203,97,2427.41
3.468571089259274,117,3637.63
3.39183328670613,103,2958.2
3.362489778854375,73,2033.85
3.064679166972473,87,1777.2
3.39178526092629,77,2211.36
3.3622378641677804,103,2868.93
3.187019470989383,70,1625.13
3.2581415451919504,94,2350.11
2.5806933928991627,89,1086.36
3.440538279900612,64,1933.04
3.3120303853109183,102,2696.96
3.0907352808785546,74,1553.5
3.334941363078048,95,2572.29
3.1987119894870917,105,2467.6
3.144003267996438,81,1797.92
3.105954229102798,116,2474.34
3.23391116174047,47,1145.8
3.380608878636212,97,2753.7
3.4522832165149357,121,3699.26
3.0948917844792683,99,2087.4
3.7920416092009464,111,4811.5
2.57394721657873,56,678.58
3.112282957137568,83,1782.2
3.187729095871364,60,1394.0
3.169229872930106,83,1891.5
2.6486539911455536,86,1129.61
3.119180787881527,97,2097.9
3.6264292858282188,81,2962.85
3.3827751055905524,92,2617.62
3.384328628164393,88,2507.84
2.9583374979953723,71,1296.88
3.64269497115409,95,3533.49
3.405570687686492,74,2155.73
2.6613681581106143,87,1158.48
3.262233717069715,95,2385.24
3.1688257764687404,66,1503.45
3.396791858245721,112,3233.23
3.3677267716005557,72,2016.9
3.1536091955869616,68,1524.59
3.302853855912223,80,2095.21
3.331510788329832,103,2779.0
3.3059247011547233,104,2732.47
3.035843278538972,95,1882.76
3.0939410386770883,101,2127.45
3.049322926990225,57,1145.76
3.140193302833732,78,1724.45
3.1008108345727265,94,1994.3
3.512875250157869,83,2701.2
2.8538905837958404,87,1422.9
2.6052789230662645,98,1228.43
2.971526068622258,77,1426.17
3.0766952676931774,65,1344.63
2.974092198314235,92,1708.61
2.9514387152514185,104,1885.88
2.914229505802308,63,1098.38
2.8365806345724858,94,1509.39
3.052392620992628,81,1633.44
2.9205219570692456,93,1632.24
4.009426563681631,78,4220.99
2.98004933051173,99,1850.19
3.107477510489908,68,1452.79
3.5413897092387066,101,3385.0
3.8044377947482086,93,4082.7
2.8972232328452665,80,1369.9
2.586704488614492,71,872.3
2.8885005196853117,63,1068.88
3.1737990108368948,79,1808.95
3.076025161257028,91,1881.16
3.186209142611247,72,1670.15
2.9128012523745284,82,1427.48
3.1060730500265303,82,1749.32
2.9756223263126014,77,1432.34
2.8095352167016387,50,780.11
2.6860784940806046,107,1463.12
3.013701174651788,99,1916.9
3.028834547559027,96,1888.62
3.0037509636788977,108,2069.39
3.00842856123305,101,1944.81
2.8040618891780253,76,1178.88
2.9713655114830297,83,1537.04
3.050748437148597,78,1570.23
2.77305736241082,84,1260.63
3.5322256440685598,87,2888.4
2.8156133524671128,79,1240.57
3.4101358092521354,93,2722.05
2.7265656702307326,94,1342.35
2.7794508994154814,58,876.39
2.9299301191190046,87,1542.19
2.6605939295110774,69,918.03
2.8914188285739044,70,1191.32
2.8671197426027244,89,1476.18
2.7836896687992274,86,1305.36
2.9894626605403958,78,1472.25
3.0054634601241217,61,1170.93
3.108581749982103,82,1753.92
3.0483400262432285,93,1867.47
3.091515252498642,99,2080.03
2.9566720294525735,83,1513.41
2.7392360217326197,95,1375.14
3.0571256098767483,82,1661.84
2.9501916316558905,78,1412.55
2.9859150107699515,104,1955.68
2.912852211060294,104,1810.56
2.8893492874775974,81,1375.51
3.198127168832562,86,2019.85
2.6789710345958704,107,1452.0
3.0247847062806454,70,1371.27
4.017810096756299,54,2947.28
3.0690730864369096,72,1477.58
3.033548674719276,74,1463.04
2.942289719624689,101,1813.88
3.1004323670995015,98,2078.34
2.7472371754947127,114,1664.34
2.9118406043362346,81,1408.64
4.163286698669431,53,3353.9700000000003
2.854717802906647,86,1407.78
3.0301337002713233,94,1851.8
2.827766748510137,94,1495.32
2.9025949944480183,95,1636.03
3.1191672221232416,89,1924.85
2.8784728349739463,79,1326.18
3.0312015060321538,52,1025.55
2.9968305713030534,91,1731.0
2.783651160423783,109,1654.4
3.111499561534292,81,1737.83
2.9053739639214022,106,1830.84
3.4805384858034203,68,2140.45
2.9171478901941126,79,1381.59
2.9413370070297624,52,932.94
2.9477527807017547,75,1354.73
3.0477124287728175,93,1866.24
2.686602318676728,82,1121.9
2.976549454137217,98,1824.76
3.112853151498057,94,2019.6
2.9854798970896397,85,1597.66
2.9378709535875522,73,1304.92
2.690944733199271,100,1374.56
3.141773864712545,88,1948.75
2.913036927938225,95,1654.2
3.3672658445294186,92,2575.92
2.862690556936968,77,1271.16
3.149248605883949,82,1830.12
2.9286045447234574,66,1168.3
3.059661589277257,88,1788.19
3.17557764885987,93,2133.48
3.155477840286081,73,1639.89
3.1024962157126903,102,2167.85
3.076169552203592,92,1902.12
3.0425795577650683,92,1836.25
3.028005834104287,65,1277.64
3.2607852279454104,64,1604.48
3.281169946106676,77,1971.73
3.061550546112453,92,1873.18
2.9801108926510342,93,1738.17
3.287078080870776,99,2550.69
3.3195895609490447,90,2398.41
3.060270794691562,69,1403.0
3.2118630575004112,102,2430.18
2.9576800340958576,83,1515.02
3.185232459586889,86,1992.87
3.1201819267405804,80,1732.04
2.594881502996572,112,1388.24
3.9986737910967496,76,4067.96
2.943766688452345,65,1169.17
3.1312427670717913,99,2168.34
3.1296722365484255,91,1989.85
3.316456153207065,96,2550.0
3.201898792178452,83,1957.07
2.739890806957869,102,1477.5
3.1009620988540227,88,1867.3
2.7850820755927828,61,927.27
3.231128869817914,95,2309.28
3.1412630514006867,75,1659.98
3.723362145306548,107,4323.16
3.266690107473243,91,2295.42
3.3894855465672467,72,2062.85
3.1932852267919394,91,2126.52
3.204655189228229,50,1182.35
3.2089774926630796,101,2399.13
2.9784574126182406,83,1548.57
2.929457618375787,103,1824.9
3.1826625354964024,81,1871.98
3.035756054849974,76,1506.07
3.3818021713603996,104,2956.07
3.067030681968301,61,1249.16
3.120295689196206,78,1688.94
3.3182327737337403,86,2288.59
3.0971377255010992,91,1923.24
3.635725704390349,95,3508.29
2.993891871374935,93,1763.58
3.211697831021275,109,2596.51
3.146749971898352,58,1291.1
3.2657139717121755,84,2116.7
3.064868724476512,91,1859.28
2.9088118015232896,62,1074.77
3.3036644435047067,115,3014.4
3.1203692600123945,78,1689.07
3.06417702737222,82,1674.18
3.148604470474174,71,1583.55
3.0774899139672645,83,1718.42
3.0453889730401382,78,1561.42
3.571018135690567,101,3489.83
2.9300467346897707,87,1542.38
2.9679728620757344,94,1734.53
2.893256481964755,100,1705.2
2.856240294735392,30,491.88
3.173404994096066,99,2265.98
2.925490390410575,101,1781.98
2.957821506644072,87,1588.27
2.944281071962912,90,1619.73
3.00737847818839,77,1481.04
3.1075432636263565,68,1452.89
2.972378347855682,60,1112.3
2.9508035836809596,99,1794.01
2.8646894761582335,86,1422.75
2.601763330584253,84,1048.95
3.766348001274904,114,4813.3
2.9624198899774847,110,2017.92
3.0351132302778416,105,2079.35
3.175151070689984,69,1582.2
2.920096507698661,91,1596.42
2.941758882569863,82,1471.83
2.8503677975686097,99,1613.12
3.160778007989636,85,1920.06
3.1613408695571743,99,2237.62
2.8056668099620663,100,1553.81
3.7133109539502147,71,2839.24
2.6288266023118227,80,1028.6
2.6996819514316934,90,1248.75
2.6680958855951773,80,1073.0
2.660801705094349,98,1304.16
2.793537959345223,94,1441.84
3.604585161725281,84,3004.38
2.776413366168962,61,918.74
3.1474983390481017,116,2584.2200000000003
2.676126092906241,77,1041.71
2.7759010495706518,94,1414.99
3.455791923828559,92,2822.87
2.712706012638404,101,1421.07
2.5879519874883874,84,1033.41
2.6675188620119914,43,576.38
2.7924839695056054,86,1317.65
2.7108590380119333,73,1025.08
2.50082537123265,94,1052.1
3.780962654594826,91,3900.1
2.5522913913199856,91,1077.12
2.7166382182887436,96,1356.42
2.621817741456908,42,535.95
2.797281334830153,87,1339.8
2.6015037973718145,95,1185.98
2.7608171218126243,116,1718.28
2.7239964551540963,81,1153.53
2.77967891194975,78,1178.88
2.6014923877729186,91,1136.03
4.003306644263051,69,3710.75
2.594881502996572,82,1016.39
2.524912777598923,103,1183.45
2.485275997378341,97,1067.43
2.6352358901897084,103,1333.5
2.7606302489666503,102,1510.6
2.7694089562288804,88,1315.53
2.6651047415037477,55,735.32
2.7297106247775154,71,1017.32
2.437943762499264,95,992.7
3.841148425427949,94,4284.42
2.6221291385945706,72,919.08
2.6015037973718145,95,1185.98
2.6015249862815395,105,1310.85
2.662860444232494,58,773.56
2.7282227192847968,106,1516.4
2.6442266697765304,86,1124.24
2.69763600789226,87,1204.48
2.667825399791701,93,1247.0
2.7358422184318685,77,1110.55
2.6354795082673745,92,1191.4
2.666864383792713,63,843.87
2.6418581219496318,109,1421.28
2.6418063565645897,89,1160.43
2.580974118534234,94,1147.74
2.7036675956280845,84,1170.49
2.8195253177598905,81,1277.28
2.615386516238791,112,1419.32
2.6221291385945706,68,868.02
2.5522720538771764,85,1006.08
2.640878330684455,87,1133.22
2.880423447242976,77,1295.28
3.8480718249997596,63,2891.86
2.702503493385893,101,1405.62
2.9292002054400226,79,1399.3
2.741596133997472,58,841.68
2.9695534997015782,87,1608.04
3.9239213503076726,85,4215.87
2.6916471732293745,104,1430.62
2.90596573547854,83,1434.48
2.5899554730391787,73,900.03
3.770184392134758,93,3942.09
2.750383779875864,44,644.54
2.977053152818922,87,1620.8
2.8253130712616596,98,1554.89
3.3803102129751434,86,2440.67
2.739448111598243,109,1578.15
2.7691005026123103,84,1255.32
2.875034968062875,91,1522.07
2.8712259661183492,52,866.25
2.7241195292808515,77,1096.71
2.7486893217592026,84,1228.26
2.8560125632967526,103,1688.38
2.754411113171711,84,1235.79
2.7029494952935966,95,1322.75
2.854151931318649,103,1685.05
2.6152733177276657,63,798.27
2.841571431073467,82,1323.7
2.7523860149222616,90,1321.2
2.9440827222003745,99,1781.33
2.716470788584366,95,1342.05
2.950652323283952,76,1377.0
2.8542637787588574,103,1685.25
3.0759465641394734,52,1074.86
3.065635168554349,99,2024.36
2.9617238681851985,71,1301.52
3.559684862446475,85,2902.9300000000003
3.489739332757155,77,2446.86
2.9006495959589635,89,1529.55
3.098816042085538,89,1884.28
3.0184717605234805,58,1128.68
2.790899434677666,97,1483.68
2.997850510433062,83,1580.52
3.0328223693743936,89,1758.26
2.937376310358781,78,1393.57
3.1156101401232337,71,1529.85
2.622124162690387,73,931.84
3.070549815332204,48,986.58
2.8050825557162273,109,1692.6
2.684221129925693,109,1487.5
3.0498797226713954,82,1649.25
3.085481565697599,100,2087.8
2.828064725147139,63,1002.5
2.9308297646122683,85,1508.17
3.0306247230171515,60,1182.61
3.553032128774265,83,2815.28
3.0422244542764707,89,1775.71
3.066501344442198,81,1657.8
3.0148039641546776,106,2054.82
2.759276826600773,95,1404.9
2.750235476459033,76,1113.12
2.9122648485758695,57,991.71
3.2105713077514646,77,1832.08
3.427069830325411,73,2174.4
3.3928253971574,90,2587.49
3.886021202889145,99,4723.95
3.2763477697990533,81,2063.79
3.2654591684263368,89,2242.1
3.205846871025805,36,852.35
3.1030480193601013,98,2084.04
3.2168794672745973,71,1700.46
3.1944168081805877,69,1614.32
3.395975437681004,88,2538.25
3.3237412179730828,72,1927.01
3.044982288685717,88,1760.85
3.179274836029455,59,1358.73
3.165069253386501,78,1769.85
3.1996496271492467,94,2211.25
3.148300335241932,115,2564.09
2.8927287663279038,105,1789.46
3.768628000879336,85,3597.25
2.8717670093479044,95,1583.48
3.3794098348964057,61,1729.56
3.4139948684737567,97,2850.48
3.209787027550321,84,1997.0
3.3536839882808,87,2401.89
2.9623537717463955,87,1595.88
3.324194991356555,89,2383.12
3.2718441641825007,107,2713.51
3.2081181682152407,44,1044.23
3.2537795408760815,100,2488.8
3.0749438667167555,90,1858.38
3.21551710425603,81,1937.21
3.782249621998335,72,3089.86
3.1994104900800977,83,1952.0
3.135209496311339,84,1847.45
3.160134674107681,61,1377.0
3.2046449237457426,83,1962.68
3.706524073034384,83,3296.1
3.3185194588253664,105,2795.04
3.3919820950631667,106,3044.83
3.3182010217165905,63,1676.47
3.20317318114091,100,2361.05
2.9624183235013275,66,1210.75
2.8443062734750155,81,1311.36
3.159017188679623,86,1939.08
3.2480025494861713,89,2201.76
2.8891912861325597,89,1511.11
3.303368568845333,97,2541.8
3.232006383389936,70,1703.13
4.196081556563084,56,3663.83
3.1666645322879448,106,2409.19
3.2805424375601895,104,2661.38
3.0426351360038812,99,1976.08
3.3340777545568843,92,2488.83
3.052555561801186,96,1936.26
3.2461537106443283,90,2222.22
3.7747198025799715,51,2171.85
3.23694024768401,98,2396.66
3.0731888346013725,85,1751.91
3.197196360491579,78,1830.18
3.1549195096947686,87,1953.25
3.2036435169543087,77,1818.9
3.134296770909452,101,2219.22
2.8028571096327015,53,821.06
3.0808263043503494,72,1495.9
3.0143629037002224,95,1840.73
2.9674921147941937,113,2084.07
2.799717389628034,85,1312.4
2.9253992187080837,84,1481.9
2.927469177732797,102,1803.39
3.11233814603736,68,1460.2
3.145852520659716,96,2134.99
2.752361247427121,103,1512.0
3.037338802351998,95,1885.72
3.0353375281463504,60,1188.48
2.790708447702603,86,1315.16
3.071068902364604,85,1748.02
2.9660459631836305,56,1031.24
2.929485627735065,100,1771.8
2.793730183704967,59,905.17
2.9031701661892115,81,1395.78
2.87478799643494,78,1304.29
3.0610270875773553,95,1933.2
2.8869315035671668,77,1304.24
3.0674325877191824,60,1229.2
3.0845046708757846,116,2419.37
3.0847869735216467,89,1856.79
3.5525254002079536,104,3525.74
3.05747082580308,95,1926.0
2.9298595294032834,82,1453.45
2.7734036075218698,92,1381.2
2.6420945844048274,58,756.47
2.763605191925561,97,1441.12
2.9166650159002816,90,1573.16
2.700043549699962,79,1096.55
2.9436901608602843,90,1618.72
3.2313854870392675,85,2066.75
2.6660246055606316,112,1498.86
2.8664395043077553,60,994.46
3.8135806013834244,71,3146.1800000000003
3.164849052218071,89,2018.98
2.726102932209662,80,1141.86
2.923261723290637,102,1795.39
2.9560620977053564,94,1712.88
2.7869846025235137,75,1142.4
2.688017547351974,68,931.77
3.0527882329222424,93,1876.21
2.8681749896718247,107,1776.72
3.3658444730176607,102,2851.71
2.5584539489209592,84,1000.93
2.776733347209853,93,1401.18
2.7573257749856337,85,1254.4
2.779506030283203,66,997.33
2.723968802198685,58,825.96
3.410349466107361,79,2312.79
2.8737235252618696,96,1603.47
2.696282305500018,93,1285.68
3.054394186202577,90,1818.75
2.8682750597891387,74,1228.89
3.8726022722721978,52,2447.5
2.9285540810712813,70,1239.04
2.859039681321199,107,1759.59
2.9388217281517868,84,1503.06
2.8605237128291954,89,1465.89
3.904035899129084,85,4131.1900000000005
2.861745966976178,98,1616.22
2.905364621217501,63,1088.13
3.6679276183434846,93,3549.87
3.0403814179431023,87,1732.45
3.7050934478487556,91,3608.5
2.8572772149293657,84,1378.78
2.994707358263804,82,1556.32
3.039695245528783,71,1412.82
3.981307936825552,65,3418.16
2.8687878348894467,115,1910.8
3.898912748993091,81,3916.25
3.105777998987059,79,1684.8
3.734965617333623,82,3352.7
2.8305833496631703,86,1372.16
3.0416053197945727,94,1874.25
3.0422737297823605,53,1057.5
2.7543908067046914,75,1103.36
2.768975431326181,96,1434.46
2.812473435543935,76,1189.48
2.960700773382062,100,1831.15
2.749568423787614,85,1244.05
2.8635713699516523,100,1652.4
2.8502017406808102,63,1026.35
2.8375542641415565,91,1462.73
2.6385399544204806,87,1130.37
3.7207945311306725,57,2296.94
3.3352283593874885,98,2654.31
2.74372967511251,103,1498.12
2.9707074629348207,98,1813.56
3.0355537677406628,52,1030.25
3.5309260103006497,86,2851.38
3.1316037478326604,101,2212.98
3.1270353519961787,75,1635.47
3.12931984437577,89,1945.4
2.9313787693133433,98,1739.84
3.1411050442167956,102,2257.2
3.091042453358316,53,1113.0
2.9233833303244428,80,1408.33
3.612001312767332,93,3351.73
2.938703263105768,105,1878.59
2.8936492094622372,88,1501.2
2.9100654467968994,100,1735.8
3.8603518200999347,112,5205.99
3.119007822974925,51,1102.82
2.787922681521952,94,1433.24
3.119487106563459,86,1860.59
2.7334487201149917,70,1007.01
3.1812830740005307,118,2723.16
2.90834736243571,111,1923.24
3.474836725508264,90,2816.33
3.088529416902735,46,963.46
3.474193457692939,95,2970.82
3.154443964708812,84,1884.96
2.913095728600729,70,1218.96
2.909617328153052,89,1544.13
2.5945388507111296,73,904.5
3.1807514992264614,89,2052.77
3.0368742168851663,61,1210.24
3.1098666857631785,72,1542.1
3.2055879305412653,87,2059.29
3.064650394772463,99,2022.27
3.1197747477536053,86,1861.15
3.0904080026655736,86,1804.8
3.3891651387564545,92,2634.99
2.8761125913569603,64,1071.69
3.3995225104603577,98,2837.08
3.777962280185245,92,3930.87
3.299204858644754,101,2635.2
2.60740328368985,111,1394.58
3.17316500555516,88,2013.7
3.2099068345650688,90,2139.91
2.6261635004112827,62,794.88
3.2495989975110415,92,2279.76
2.882048126847981,113,1904.14
3.191585057385916,92,2146.08
2.878720815155303,100,1679.15
3.051162830987019,114,2295.95
3.605587487055632,97,3472.92
2.89587943855615,51,872.07
2.652726914529933,93,1226.92
3.202245623517874,82,1934.19
3.052386976323426,93,1875.42
3.193048686593939,85,1985.82
3.0251801126351907,105,2057.76
3.2224383603849716,90,2168.03
3.5172300154365765,41,1340.33
2.7781028283099674,98,1478.67
3.065491517968844,82,1676.49
3.133585378468929,101,2217.57
3.2751805410786683,90,2290.32
3.084016077844023,104,2167.98
2.828585407500837,73,1162.27
2.6017683402152687,74,924.08
2.507910461792761,53,597.8
2.594881502996572,74,917.23
2.5668705876394307,88,1058.2
2.56465274257671,83,995.68
3.5998452533743723,70,2491.48
3.578500327621845,92,3203.42
2.6744934175733674,80,1080.4
2.5079969787819385,65,733.22
2.5876051747862716,71,873.15
2.7647422977566802,97,1442.87
2.6857675445524216,92,1257.59
2.7250629099556867,99,1411.48
2.9182804301759626,88,1540.83
2.8238803932493908,77,1219.84
2.7652233019351984,58,863.19
2.758686279570683,100,1477.91
2.819406499182009,87,1371.72
2.9861415575188417,78,1467.11
2.786089134213127,87,1323.92
2.7328638122331843,86,1236.41
2.932037840518248,72,1279.14
2.5380523939970874,60,699.3
2.6530441289288835,89,1174.55
2.943104756153304,90,1617.72
2.7713890232968645,98,1468.12
2.814640729215236,78,1223.6
2.7702686171458915,89,1331.7
2.8907725939309645,97,1649.7
2.6063966569647454,73,916.16
2.8050407864158386,80,1242.22
2.644125211522419,115,1503.18
2.7142440380489954,97,1367.04
2.9023243063840076,87,1497.83
2.621062799849136,91,1160.28
3.435388746410435,92,2764.0
4.098076227254919,44,2605.87
2.5230795941165605,101,1158.16
2.6674819137118186,104,1393.98
2.8820447870434287,95,1600.82
2.7820188525076808,94,1424.25
3.978872177323353,76,3986.71
2.7078279541849715,90,1259.7
2.8422256951919302,41,662.31
2.4932054526026954,104,1154.4
2.837315478672026,83,1333.8
2.9929658241966197,99,1875.53
2.9645420146281447,79,1452.48
2.921465227470977,118,2073.08
2.992721416355143,79,1496.25
2.895591088373304,62,1059.84
2.959521111661817,71,1298.5
3.148648023274896,97,2163.54
2.8485384497014437,75,1219.69
2.8654254899495872,69,1142.4
2.846218505938577,79,1281.58
3.056509966574346,83,1681.02
3.0288123768221817,60,1180.36
3.1402453910712183,108,2387.83
2.836917814232105,97,1558.12
3.5243307510868087,104,3424.83
3.980765704779588,71,3731.62
3.1215164440812457,107,2319.84
3.1238678850990405,70,1521.39
2.90379141121927,44,758.7
2.8993897964081783,85,1458.86
2.9776001252305755,80,1491.25
3.058558551578393,98,1989.09
3.0385522707369192,90,1788.75
2.983965513772422,91,1707.71
2.947875294521491,87,1571.69
3.350322066351881,47,1293.06
3.104387356161247,90,1916.6
2.954366896661246,93,1691.63
2.8618529943369877,92,1517.44
3.1761995481262257,65,1492.11
3.2811425366306928,78,1997.28
3.155808221400626,80,1797.76
3.4120961075310525,64,1877.04
3.1915778672891033,87,2029.43
3.326292477653734,103,2764.0
3.254973322662719,65,1619.73
2.960051952476699,78,1427.32
3.1856769440334136,104,2411.1
3.261401218843328,94,2358.09
3.114762095002678,57,1227.1
3.0586673972605944,71,1441.24
3.4305117141693846,94,2809.8900000000003
2.9595868269176377,82,1499.78
3.2165445381011217,84,2011.11
3.3281598833553523,96,2581.15
3.168700326566397,96,2186.55
3.3532083890064137,67,1848.82
3.0105302868472177,87,1678.94
3.3543303670545717,98,2707.39
3.3479919288804236,72,1976.08
4.013001520336045,87,4725.2
3.230659779087847,82,1992.3
2.615386516238791,88,1115.18
3.2508759621575876,51,1265.46
3.0299726567086918,84,1654.52
3.8222164528451903,100,4470.54
3.772242517426473,110,4672.52
3.211601236322779,83,1976.96
2.9481682092686503,81,1463.75
3.037323971776336,80,1587.95
3.9818916837604856,49,2578.3
3.1758794823501137,94,2157.1
3.1171344830866894,76,1640.2
3.3266494266903015,90,2416.04
3.324311472838659,74,1981.71
2.580974118534234,64,781.44
3.108316634301137,75,1603.75
3.1616703510974213,61,1379.21
3.1573485230314446,88,1980.72
2.6486539911455536,106,1392.31
3.197092666185296,84,1970.75
2.993103822200299,96,1818.96
3.1146964295948107,88,1894.34
3.188354134956654,99,2301.6
3.124097567060347,63,1369.58
3.244745204846618,87,2145.0
3.098358284628946,78,1650.6
3.5044665816081295,92,2968.26
3.0253342248106656,90,1764.08
3.1295942365341123,100,2186.47
3.3163358257310662,98,2602.8
3.0142126289093443,46,891.16
3.537680296609089,85,2837.9
3.126738876639847,81,1765.76
3.1245068346590203,98,2131.37
3.2692236724617487,76,1922.11
2.7424720112315226,79,1147.5
2.9469358593650274,92,1660.37
2.709296337931346,54,757.01
3.1102372148525435,110,2356.9
3.0530401711701782,110,2219.76
2.4932054526026954,86,954.6
2.8371650450822137,93,1494.26
2.559743522895533,104,1240.98
2.976084197420961,103,1916.92
2.733670169313853,68,978.47
2.8153505815778628,103,1617.0
3.1221646641482477,66,1431.9
2.9176506047491597,90,1574.8
2.965970982458532,79,1454.67
2.9544288868117827,79,1437.07
2.887214167508792,83,1406.29
2.8140752846182857,71,1113.12
2.9136253620469406,98,1707.5
3.080694677831997,88,1828.07
2.7053279807016115,90,1256.33
3.0148343754274776,91,1764.1
2.9628542313515696,99,1816.96
2.8024623944080895,79,1223.33
3.0796582504269607,62,1286.56
2.8961675335421857,67,1146.01
2.7441654842401713,92,1338.75
3.9284430117893248,81,4036.05
3.0666354404763325,88,1801.32
2.9271572478880135,94,1661.4
3.0181784623838213,90,1750.86
2.7563660715784937,79,1164.66
2.921107211570246,93,1633.25
3.8955754392669095,69,3324.7200000000003
2.7204178499108718,81,1149.12
2.9115721996343518,88,1529.94
2.7264840597054705,97,1385.07
2.852537616882619,82,1339.2
2.835057087376396,51,817.6
2.7447035187502458,108,1572.48
3.7296925597057964,81,3293.9700000000003
2.834425465416745,97,1554.0
3.828824306589291,82,3690.69
2.851965823831344,100,1632.18
2.77451942302643,76,1142.35
2.7686035191288183,55,821.5
2.68407018595958,83,1132.5
2.693793808806471,73,1006.5
2.8026656952238564,96,1486.9
2.63918959599995,108,1404.2
2.78354779685083,84,1274.81
2.8377307544097463,99,1591.62
2.8790510896523394,61,1024.64
2.9763127871356847,84,1563.69
2.9003284112006735,87,1494.67
2.8414411344245845,89,1436.5
2.7861148854006657,90,1369.61
3.0435337258626096,93,1858.07
3.4840266541834817,87,2748.3900000000003
2.7949525186471322,54,829.54
3.3994052162206274,113,3270.9300000000003
2.891813719213066,77,1311.0
3.0486845359204726,87,1747.62
2.920890628745576,73,1281.72
2.8511256475949818,91,1483.96
3.083067222783946,103,2145.0
2.9666681406100794,48,884.5
2.834429642604704,87,1393.8
2.989658867705605,100,1887.89
3.6369391527453185,83,3068.96
2.9152450226413045,72,1256.64
3.6317433523982956,87,3199.74
2.95995417149853,103,1884.6
2.8581176142793994,61,1002.15
2.8583291095724777,80,1314.59
2.7448547246173214,85,1237.8
2.6805310597616527,88,1196.17
2.891169312105662,94,1599.35
3.1059216378490118,95,2026.33
2.8453245800055673,84,1361.4
2.8381825945015255,64,1029.42
3.017559331003326,97,1885.81
2.9167946461112235,82,1433.52
2.995485184206403,85,1614.58
3.3815861943735013,96,2728.07
2.523325759691945,92,1055.24
2.8798970348308837,82,1378.62
2.929778258323552,46,815.28
3.499117788222287,80,2566.9
2.834760134774515,76,1218.0
2.896217074559587,105,1796.08
2.8693054537086806,88,1462.98
2.972779370195823,94,1743.34
3.4705242797530125,89,2772.67
3.168243130949556,72,1639.13
2.8981315603919735,91,1559.76
2.9580106893097926,79,1442.51
2.717528945056754,77,1089.0
3.4105045843177106,77,2254.6
2.6971930250807006,86,1190.07
3.0041649726243937,79,1514.38
2.8954974877581456,52,888.81
3.1149197279579313,74,1593.34
3.5261083919930667,98,3233.16
2.943118809880704,75,1348.12
2.8686012457633354,93,1544.95
3.165441098294705,87,1974.83
3.1348146372417656,80,1758.75
3.172360571126732,40,914.55
3.1472202885783536,101,2249.4
2.9399741393689203,84,1504.89
3.1800310410446335,68,1567.23
3.0302611747011317,72,1418.59
2.956573853542419,61,1112.15
3.031441867155692,62,1223.08
2.9325519694069317,62,1102.08
3.114231102352045,72,1549.16
2.876685940273078,90,1507.98
3.1534396460545437,85,1905.4
3.610553568958325,92,3310.76
2.6742106389813087,89,1201.58
3.0326984227954954,95,1876.55
3.146102708004942,68,1512.68
2.883587277654087,82,1384.02
3.0522455140365827,96,1935.63
3.2280803913949314,85,2059.65
3.661221838263358,96,3639.25
2.965702527102295,72,1325.4
3.913399330585278,88,4318.06
3.0403718773822894,53,1055.39
3.213799950688823,73,1742.76
4.005816153412706,83,4475.08
2.9266913239882304,78,1377.93
2.9316416520943815,75,1331.88
3.9777817639160684,84,4401.47
3.2180243986779833,94,2254.0
3.0331095726868753,65,1284.51
3.4397594331293924,92,2776.51
3.143988581293785,79,1753.5
2.8427559039545014,90,1454.67
3.0318919879457025,98,1934.17
3.835107022100429,68,3080.29
2.903236186030737,72,1240.78
2.712601232937629,57,801.9
3.0802375366714507,70,1453.45
3.2783429639548967,79,2017.01
3.188773941851651,75,1744.4
3.263268326423876,81,2035.92
3.0884329910650266,90,1884.84
3.2414458611832706,90,2211.36
3.173958152912643,42,961.88
3.2626604168508657,103,2587.25
2.9824110621820523,73,1367.68
2.8194621809809144,106,1671.39
2.6352405310885576,105,1359.4
2.9641095988059845,86,1580.46
2.9016141664537405,97,1668.74
2.9780773383152703,56,1044.4
3.0667369131811744,116,2374.72
3.4757245099439267,97,3038.16
2.891696637431308,88,1498.1
3.899316983708312,78,3772.76
2.6941766288363382,93,1282.78
2.6818274253535295,96,1306.73
2.9843342286016217,51,957.44
2.9169781189009614,73,1276.43
3.075005454448499,70,1445.5
3.0791994233887707,101,2094.84
2.9484754440953846,92,1663.07
3.839614901001115,82,3731.62
2.8955827433854364,94,1606.84
2.7703724126173475,83,1242.06
3.5959582551557956,98,3474.16
2.901570948126788,103,1771.88
2.5876433558957537,81,996.17
2.966285908173004,88,1620.93
2.9481216115181463,101,1825.08
3.0079448949821748,80,1539.66
2.9821863955523056,55,1030.2
3.123441192875579,81,1759.68
3.0689827352935835,110,2257.2
2.875222868477758,80,1338.35
2.8484413450744426,70,1138.26
2.9420710879835226,79,1418.45
2.6399914726070555,107,1392.4
2.515880308253441,60,682.65
2.6351842928634213,85,1100.4
2.628556924303788,93,1195.4
2.542992712470718,86,1007.72
2.5876578818713933,85,1045.38
2.5668705876394307,82,986.05
3.4447140139877064,81,2457.08
2.559334633183872,61,727.56
2.734135571577885,84,1209.3
2.6285287765463883,83,1066.83
2.628596514620913,109,1401.12
2.5694508785028374,89,1073.22
2.608328872780269,93,1169.6
2.5594632906702524,89,1061.67
2.6288266023118227,44,565.73
2.6221291385945706,86,1097.79
2.559743522895533,96,1145.52
2.6484101268222107,103,1352.55
2.6744934175733674,94,1269.47
2.6895467295376503,94,1290.15
2.615386516238791,68,861.73
2.6221291385945706,56,714.84
2.7042129161597095,98,1366.37
2.615115220256226,91,1152.86
2.5867424423828806,81,995.2
2.6680958855951773,100,1341.25
2.6354795082673745,94,1217.3
2.6218759391986945,99,1263.39
2.5380523939970874,54,629.37
2.635135755962077,73,945.0
2.6399458236763738,90,1171.12
2.642088445424451,100,1304.25
2.6354795082673745,92,1191.4
2.60149422803961,93,1161.0
2.5304486702349163,93,1075.0
2.6680889471495974,50,670.62
3.143553722291182,85,1885.82
2.594881502996572,92,1140.34
2.6150573342530454,75,950.1
2.62883100249047,82,1054.32
2.6354795082673745,98,1269.1
2.5739472165787296,92,1114.81
2.601763330584253,60,749.25
2.6285136944012644,79,1015.4
2.5156230171867198,95,1080.56
2.515880308253441,116,1319.79
2.5736883885865423,95,1150.84
3.050809510902049,90,1811.92
2.454226836565487,74,787.17
2.6486539911455536,44,577.94
3.418699008446439,91,2687.2
2.594652033259027,109,1350.72
2.5594476893707787,83,990.08
2.5380523939970874,94,1095.57
2.4777981105507054,80,873.2
2.445923241808952,75,790.59
2.523325759691945,50,573.5
2.492913723131088,85,943.2
2.6680958855951773,88,1180.3
2.60124564187215,77,961.0
2.7301806981612526,76,1089.51
2.530421231337265,83,959.38
2.6910854038198764,86,1182.3
2.6382924496439895,71,922.24
2.687744805930006,106,1452.04
3.3505681488013193,103,2834.45
2.599216363354509,94,1170.6
2.6614221837890324,107,1424.88
2.577534002690609,82,997.5
2.628830139711869,102,1311.47
2.7944572288429486,64,982.64
3.36214427350999,91,2534.44
2.5736770099947277,91,1102.37
2.707218579680789,81,1132.99
2.78368761530783,84,1275.0
2.655631872186699,88,1164.59
2.6153899662098974,106,1343.29
2.8268958528100145,68,1080.72
2.528422448654599,78,899.63
2.546525516538253,82,964.54
2.7259836689756862,119,1698.3
2.692862993308682,115,1584.0
2.636021163662797,86,1114.35
2.7431476511628894,105,1526.26
2.8070830469087804,52,809.2
3.4985509269180652,80,2565.4
2.5945388507111296,73,904.5
2.716892221029066,87,1229.59
2.601763330584253,80,999.0
2.6678132414082123,89,1193.35
3.787554685963447,77,3322.42
2.774785826069293,52,781.83
2.749331860075514,87,1273.0
2.651222614885709,96,1264.45
2.722899403952416,75,1066.83
2.9640079206521275,106,1947.8
2.9293567720830733,102,1806.99
2.8498197886442003,75,1221.35
2.8183319210791042,63,992.18
2.944199110293607,79,1421.64
2.7792355391717143,91,1374.71
3.2420687769442846,100,2458.66
2.7594594307979885,92,1360.8
2.6724482980038027,82,1104.98
2.9493235411864895,89,1610.28
2.644044871126298,64,836.48
2.793314020255719,77,1180.8
3.782352473062934,92,3948.57
3.4991933454569284,80,2567.1
2.6640850864972028,79,1055.03
2.9051442600849953,99,1709.52
2.8935527707497224,83,1415.76
2.7142379142103756,58,817.4
2.6502129191125166,95,1249.92
2.973194480528625,84,1558.56
2.6494604924635805,89,1170.03
3.0272363843752195,89,1747.97
2.770016736198843,91,1361.26
3.932564424607095,65,3252.45
2.7812564062420297,56,847.8
2.958969212056604,89,1626.75
3.039385186817357,71,1412.36
3.0510942028866577,91,1832.6
3.0265394871442166,75,1471.93
3.0353926180102397,82,1624.35
3.1788053594733787,92,2117.66
2.679323565334592,65,882.39
3.1629496983768592,89,2014.98
3.1326952714802094,98,2149.7
3.851210866031389,92,4236.6
3.0925071615589457,89,1871.87
2.9131741241060936,95,1654.44
2.983628062264841,80,1500.75
3.0105519181522697,50,964.93
3.724439142105975,99,4004.35
2.9513914984813225,86,1559.4
2.9444389791664403,87,1566.0
2.645306758154632,94,1230.25
2.9138883191409644,89,1551.12
2.5380523939970874,74,862.47
2.933230891724696,51,907.2
2.81236216722406,75,1173.69
3.1430791288749202,86,1907.06
2.835279727330561,91,1459.2
2.996180626636972,97,1843.87
2.918083627650826,95,1663.05
3.0705304836291774,96,1973.12
2.8231630082027146,50,791.5
3.198127168832562,86,2019.85
3.0368742168851663,89,1765.76
3.8005584277462696,65,2842.2
3.1002594523924003,97,2056.76
2.9990471615862067,103,1963.84
3.0383078811108892,99,1967.12
3.0192548066126226,73,1421.75
3.1062921522928613,93,1984.44
2.955083875076182,81,1474.47
2.8708927730012492,83,1382.18
3.0080842443267968,70,1347.4
3.0183420814789335,98,1906.82
2.9085839887971985,85,1473.12
2.9348802821410485,40,712.77
2.66580778434034,91,1217.54
2.811997670687736,83,1298.38
3.5325729868994222,101,3354.4
2.6453792951545405,99,1295.79
2.6651592688637677,84,1123.1
3.016805952816654,74,1437.52
2.7937644408767013,66,1012.6
3.7216066462865816,94,3791.09
2.7076298229006017,92,1287.42
3.3948186578518484,93,2679.26
2.9628496928059285,92,1688.48
2.983905859632681,111,2082.9
3.012725678148369,101,1953.62
3.0591094062553066,56,1137.28
3.0425333944562407,81,1616.62
3.0419183173425783,78,1555.74
2.86782636556427,94,1560.28
2.8998457081592064,82,1408.05
3.13294917403569,78,1711.44
2.647433069894425,89,1167.48
2.5854926275636934,57,699.38
2.9218778869142037,101,1775.19
2.630503771268242,92,1185.03
3.274864507219898,84,2136.93
2.5739472165787296,96,1163.28
2.8815935041198633,82,1381.1
2.8916378936772356,82,1395.87
2.8039662579320366,71,1101.21
2.6953950224617826,95,1312.08
2.8371003033593007,87,1397.76
2.8495152133042145,67,1090.72
3.5334756746703846,72,2393.48
2.588915188106404,94,1157.64
2.57354752280033,93,1126.44
2.6368499261477796,69,894.87
2.622601239269727,60,766.29
2.6642724537563147,96,1282.32
2.8758759464965533,94,1573.65
3.77861146624809,82,3505.9300000000003
2.901490273042977,96,1651.32
2.6904866037681305,104,1428.84
2.6417245768002338,69,899.58
2.5190575530890302,90,1027.52
2.6808681740814024,67,911.05
3.485002234354265,100,3162.25
2.935346358709896,86,1533.21
3.7609477335262396,94,3946.98
2.666672496648232,75,1004.4
2.5307161858192946,52,601.25
2.654334131453234,87,1149.75
3.1808178640277958,70,1614.65
2.8023061063460983,88,1362.47
2.5453351739471737,76,892.81
2.8490703181199573,99,1610.9
3.0376113933309243,95,1886.26
2.7423960984861577,58,842.4
3.6786996906931293,80,3087.59
2.6967219098032165,87,1203.3
2.648343881796766,81,1063.58
2.503848913957891,95,1066.8
2.673721628873782,63,850.11
2.630338674340548,98,1262.09
3.9879669005728617,49,2594.31
3.197175397888862,102,2393.26
2.5081331636293895,101,1139.48
3.091734362694165,88,1849.34
2.7943425696672226,96,1473.78
3.2519528072893933,93,2310.19
2.684934505444071,87,1188.18
2.6597214689182014,65,864.0
2.861080026698645,101,1664.52
2.691951268451442,89,1224.68
2.5945189832095727,69,854.92
2.580974118534234,76,927.96
2.6060690744074515,93,1166.75
2.6786123564572812,76,1030.93
2.671213311050236,80,1076.6
2.5879565712485832,82,1008.81
3.6117125094281857,85,3062.5
3.7020007839204214,77,3043.68
2.615386516238791,80,1013.8
2.716063981825764,87,1228.5
2.601457333371577,83,1036.12
2.652527277762766,69,910.1
2.750790354778369,86,1260.33
2.568195470917241,97,1168.1
2.7331044912226496,89,1279.87
2.669593640354541,78,1047.86
2.6418481611618274,103,1343.03
2.805418866830484,80,1242.72
2.889512013421776,64,1087.01
2.806809595779043,97,1509.03
2.6033592799708494,94,1175.85
2.647343158306842,91,1193.6
2.7288534031921343,79,1130.91
2.7976369626439954,60,924.35
3.7239527827588685,69,2789.52
2.7589926142660124,61,901.82
2.768131434856013,95,1418.24
3.0636139218004206,88,1795.62
2.60859812213055,76,956.08
2.877792975689305,78,1308.45
2.5508646175797978,77,910.0
2.699224217852995,83,1151.06
2.8425519561061727,60,969.57
2.6864860231863696,101,1381.68
2.7176869514410122,80,1131.62
2.589767040404144,96,1183.36
2.8349527691785847,99,1586.93
2.8654828089294475,89,1473.62
2.6539893812746365,81,1070.06
2.96453641778551,49,900.9
2.966338176848869,89,1639.44
3.0677542973789915,81,1659.98
2.861434755424217,97,1599.2
2.763421834414964,85,1262.59
2.861843674281627,88,1451.45
2.9119157874608805,90,1565.28
2.8573411653497294,62,1017.74
2.713012228829426,91,1280.79
2.9874775173882755,77,1450.34
2.8985945627627676,58,994.62
2.9921885018056242,80,1514.34
3.7458253720876393,104,4299.77
3.669624555574849,99,3785.48
3.055937556123114,55,1113.26
2.875370916882807,85,1422.22
2.8689314266582953,88,1462.4
2.6748899393048036,93,1256.5
2.9731970666028733,113,2096.64
2.6150890673564926,83,1051.48
2.82786996193049,84,1336.39
2.839363688838557,41,660.3
2.8423249071444427,91,1470.16
2.7177780130403524,89,1259.05
2.92935780017427,107,1895.57
2.836792365883572,63,1011.84
2.6680958855951773,76,1019.35
2.8971136858220974,85,1455.35
3.108483060817645,51,1090.74
3.0535532667145975,79,1595.05
2.9544265310941853,70,1273.35
2.9294784244042447,89,1576.89
2.9864392266423985,92,1730.98
3.0555251770395864,90,1820.91
2.6783572873040105,78,1057.77
2.580974118534234,42,512.82
2.6420659355072966,87,1134.67
2.991676763782615,74,1400.01
2.8342205093292256,115,1841.97
2.57137905960643,83,1002.96
3.0336642243584793,109,2155.28
2.790388085121722,109,1666.32
2.559735790408649,50,596.62
2.889590011630721,91,1545.72
2.7640241130736705,107,1590.4
3.8741844944878583,76,3582.9
2.7934950281276096,91,1395.76
3.2865688042423087,98,2523.59
2.802809264882666,99,1533.6
2.956951463629095,65,1185.55
2.6966930225168264,99,1369.23
2.8758461350692484,70,1171.83
3.0151232364017577,106,2055.51
2.7079187370621307,71,993.86
3.0508860753344247,64,1288.58
2.879350461607324,85,1428.23
2.601769722178029,58,724.28
2.7753000969025523,93,1399.04
2.8111281136024844,75,1172.15
2.729579592088206,104,1489.95
3.4763263271541733,72,2256.53
2.7515534758245916,82,1202.69
2.8441419705701207,72,1165.45
