date,grade,confidence,color,aroma,age,quantity_kg,quantity_multiplier,market_price,rainfall_mm,rainfall_impact,season,exchange_rate,actual_price
13/02/2024,BOP,0.85,1,1,1,2411,0.981,1189.3,88.2,1,Peak,300.83,1111.68
13/02/2024,BOPF,0.97,0.5,0.5,0,717,1.027,1274.28,88.7,1,Peak,298.57,1035.92
13/02/2024,Dust,0.95,0,1,0.5,6115,0.927,1011.09,86.9,1,Peak,298.32,774.08
14/02/2024,Dust1,0.86,1,0,0,1042,0.992,1017.77,81.4,1,Peak,301.03,797.83
15/02/2024,Fanning1,0.85,1,0.5,0.5,1712,0.993,1122.7,93.3,1,Peak,298.64,970.26
15/02/2024,Pekoe,0.88,0.5,1,1,6655,0.941,1102.66,88.3,1,Peak,300.63,944.58
15/02/2024,Dust,0.92,1,1,1,3268,0.976,1011.09,78.8,1,Peak,298.49,944.94
15/02/2024,BOPF,0.87,1,1,1,736,1.015,1264.28,79.8,1,Peak,299.17,1258.87
16/02/2024,Dust1,0.86,1,1,0,2800,0.995,1017.77,84.6,1,Peak,299.66,882.8
16/02/2024,Dust,0.94,0.5,0.5,0,3914,0.96,1021.09,91.4,1,Peak,301.05,781.94
16/02/2024,Pekoe,0.86,1,0.5,0.5,3968,0.962,1182.66,92.4,1,Peak,301.17,981.84
16/02/2024,BOPF,0.9,1,0.5,0.5,769,1.012,1264.28,94.3,1,Peak,301.88,1119.7
16/02/2024,Fanning1,0.93,0.5,0.5,0,3648,0.976,1032.7,80.3,1,Peak,300.47,797.28
17/02/2024,BOPF,0.94,1,1,0,1205,0.998,1184.28,80.7,1,Peak,299.3,1024.21
19/02/2024,BOPF,0.9,1,0.5,1,6566,0.934,1244.28,83.6,1,Peak,301.65,1090.2
19/02/2024,Dust,0.93,0.5,1,0.5,1323,1,991.09,80.1,1,Peak,300.56,856.24
19/02/2024,BOPF,0.98,0.5,1,0.5,2177,0.98,1274.28,91.9,1,Peak,300.63,1088.41
19/02/2024,Pekoe,0.98,0,0.5,0.5,909,1.019,1172.66,88.7,1,Peak,299,947.45
20/02/2024,BOPF,0.92,0,0.5,0.5,517,1.003,1224.28,88.6,1,Peak,299.31,958.65
20/02/2024,Dust,0.9,0,0.5,0.5,346,1.053,951.09,90.7,1,Peak,298.56,797.95
20/02/2024,Dust1,0.97,0.5,1,0.5,2098,0.993,1007.77,89.5,1,Peak,299.05,874.36
21/02/2024,Pekoe,0.86,1,0.5,0,267,1.062,1162.66,82.4,1,Peak,301.64,1020.41
21/02/2024,BOP,0.87,1,1,0,7746,0.921,1229.3,77.8,1,Peak,300.91,989.98
22/02/2024,Fanning1,0.89,0,1,0.5,1910,0.982,1112.7,91.7,1,Peak,299.47,909.75
22/02/2024,Dust,0.85,1,0.5,0.5,7619,0.949,951.09,76.2,1,Peak,301.15,775.8
22/02/2024,BOP,0.95,1,0.5,1,268,1.044,1169.3,86.3,1,Peak,301.95,1120.59
22/02/2024,BOP,0.84,1,0.5,0,508,1.022,1219.3,77.2,1,Peak,298.45,1030.4
23/02/2024,Fanning1,0.84,1,0,1,7698,0.915,1112.7,82.2,1,Peak,301.86,884.91
23/02/2024,Pekoe,0.84,0.5,1,1,1303,0.992,1172.66,83,1,Peak,300.19,1072.9
23/02/2024,Dust1,0.9,1,0.5,1,833,1.013,947.77,85.6,1,Peak,299.66,873.68
23/02/2024,Dust,0.89,0.5,1,1,451,1.035,951.09,89.6,1,Peak,300.98,888.38
25/02/2024,Fanning1,0.91,0.5,1,0,484,1.078,1102.7,76.2,1,Peak,299.25,984.59
26/02/2024,Dust1,0.86,1,0.5,0.5,4175,0.975,1017.77,78.1,1,Peak,301.27,867.69
26/02/2024,Pekoe,0.95,1,1,0,490,1.039,1122.66,75.5,1,Peak,300.27,1006.45
26/02/2024,BOP,0.83,1,1,0.5,1757,0.996,1219.3,87.7,1,Peak,300.38,1099.72
27/02/2024,BOP,0.93,1,0.5,0.5,5882,0.906,1209.3,90.1,1,Peak,298.44,955.73
27/02/2024,Dust,0.83,1,0.5,1,2936,0.986,951.09,85.5,1,Peak,298.03,847.61
28/02/2024,Pekoe,0.86,1,0.5,0.5,4519,0.951,1102.66,82.6,1,Peak,301.45,914.25
28/02/2024,Dust1,0.87,1,0,1,416,1.052,927.77,89.2,1,Peak,298.97,849.99
28/02/2024,Dust,0.94,1,0.5,1,824,1.027,991.09,82.9,1,Peak,299.4,932.81
28/02/2024,BOP,0.84,1,0.5,0,4582,0.964,1219.3,78,1,Peak,301.04,984.07
28/02/2024,Pekoe,0.98,1,0,0.5,1139,0.996,1172.66,86.3,1,Peak,298.22,963.1
29/02/2024,BOP,0.88,1,0.5,1,6895,0.928,1239.3,84,1,Peak,300.96,1057.37
01/03/2024,BOPF,0.87,0.5,1,1,330,1.055,1204.28,156.4,1,Normal,298.16,1200.64
01/03/2024,Fanning1,0.85,0.5,1,0.5,2390,0.981,1032.7,155.5,1,Normal,300.23,871.77
01/03/2024,Fanning1,0.96,0.5,0.5,1,4343,0.954,1112.7,162,1,Normal,301.75,916.26
04/03/2024,BOPF,0.93,0,0.5,0,6734,0.918,1224.28,160.8,1,Normal,299.24,830.4
05/03/2024,BOPF,0.86,1,1,1,359,1.063,1274.28,160.3,1,Normal,300.47,1317.1
05/03/2024,Pekoe,0.94,0,1,0.5,710,1.029,1172.66,148.6,1,Normal,299.14,994.47
05/03/2024,Dust,0.97,0.5,0,1,4168,0.973,1041.09,155.7,1,Normal,299.53,846.64
05/03/2024,Fanning1,0.84,1,0.5,0.5,383,1.044,1122.7,161.3,1,Normal,298.64,1015.76
05/03/2024,BOP,0.97,1,0.5,0.5,1109,0.985,1149.3,161.6,1,Normal,299.5,989.68
06/03/2024,Pekoe,0.87,1,1,0.5,4554,0.963,1102.66,161.8,1,Normal,301.62,956.89
06/03/2024,Pekoe,0.92,0.5,0.5,1,6719,0.923,1102.66,148,1,Normal,301.35,882.53
10/03/2024,Fanning1,0.86,1,0.5,0,280,1.056,1072.7,157.6,1,Normal,298.27,934.4
10/03/2024,Fanning1,0.82,0,1,0.5,291,1.047,1112.7,164.8,1,Normal,300.63,962.04
10/03/2024,BOPF,0.83,0.5,0,1,850,1.024,1184.28,160.1,1,Normal,300.86,990.44
10/03/2024,BOPF,0.96,0.5,0.5,0.5,742,1.009,1274.28,149,1,Normal,301.12,1056.87
12/03/2024,Dust,0.89,0.5,0.5,0.5,4016,0.961,1041.09,147.5,1,Normal,300.08,831.13
13/03/2024,Fanning1,0.98,1,1,1,3605,0.968,1092.7,146.6,1,Normal,298.67,1003.08
13/03/2024,Dust,0.92,0.5,0.5,1,6488,0.94,1031.09,159.5,1,Normal,298.64,847.07
13/03/2024,Dust1,0.83,1,0.5,0.5,5132,0.908,987.77,158.6,1,Normal,301.8,782.91
14/03/2024,Fanning1,0.88,0.5,1,1,4022,0.977,1032.7,156.5,1,Normal,299.05,914.66
15/03/2024,Dust,0.93,0,1,1,4840,0.98,1041.09,164.9,1,Normal,300.73,880.23
18/03/2024,BOP,0.91,1,1,1,863,1.024,1219.3,151.9,1,Normal,298.9,1193.61
18/03/2024,Dust1,0.82,0.5,0.5,0,2810,0.988,1007.77,149.7,1,Normal,300.88,786.14
19/03/2024,BOP,0.84,0.5,1,0.5,7258,0.909,1169.3,161.5,1,Normal,299.73,911.09
19/03/2024,BOPF,0.87,1,0,1,277,1.043,1264.28,147.5,1,Normal,301.83,1144.43
20/03/2024,BOP,0.9,1,0,1,2278,0.997,1219.3,157.3,1,Normal,298.16,1043.66
20/03/2024,Fanning1,0.86,1,0.5,0,7568,0.914,1072.7,164,1,Normal,299.93,814
21/03/2024,BOP,0.93,1,0.5,0.5,2242,0.995,1239.3,150.9,1,Normal,299.38,1073.88
22/03/2024,BOP,0.87,0.5,1,1,6573,0.921,1239.3,155.3,1,Normal,301.61,1047.52
22/03/2024,BOPF,0.94,0.5,0.5,0.5,6610,0.923,1204.28,159.4,1,Normal,298.86,905.31
25/03/2024,Pekoe,0.93,1,1,1,2807,0.995,1142.66,154.9,1,Normal,298.18,1080.33
25/03/2024,Dust,0.83,0.5,0.5,0.5,419,1.05,1041.09,152.3,1,Normal,301.95,898.25
26/03/2024,Fanning1,0.9,0.5,1,1,3970,0.954,1102.7,147.9,1,Normal,298.56,952.1
26/03/2024,Fanning1,0.94,1,0.5,0,4152,0.974,1072.7,152.9,1,Normal,299.32,859.16
26/03/2024,Pekoe,0.96,0.5,0.5,0.5,7369,0.911,1102.66,151.2,1,Normal,300.33,831.19
27/03/2024,Dust1,0.84,0.5,1,0,3903,0.955,1007.77,157.4,1,Normal,298.82,795.88
28/03/2024,Pekoe,0.94,0.5,0.5,0,1979,0.999,1162.66,154.4,1,Normal,301.65,905.83
28/03/2024,Pekoe,0.93,0,1,0.5,1504,0.984,1142.66,160.4,1,Normal,301.08,932.81
28/03/2024,Dust1,0.88,0,0.5,0.5,4385,0.977,987.77,154.8,1,Normal,301.27,763.8
29/03/2024,Dust,0.97,1,0,0,5827,0.914,1021.09,150.8,1,Normal,300.78,732.54
31/03/2024,BOPF,0.83,0,1,1,3676,0.953,1274.28,156.7,1,Normal,298.55,1064.55
01/04/2024,Pekoe,0.97,0,0.5,1,487,1.075,1102.66,203.2,1,Normal,300.61,983.02
01/04/2024,BOP,0.97,1,0,1,928,1.028,1239.3,217,1,Normal,301.7,1093.13
02/04/2024,BOP,0.97,0.5,0.5,0,5549,0.923,1169.3,211.4,1,Normal,301.24,850.69
02/04/2024,Pekoe,0.85,0.5,0.5,0,3359,0.975,1172.66,213,1,Normal,299.31,885.06
02/04/2024,Dust1,0.87,1,1,1,1546,0.992,997.77,219.6,1,Normal,298.05,944.42
03/04/2024,BOP,0.89,1,0.5,0,2413,0.987,1169.3,201.2,1,Normal,298.88,942.82
03/04/2024,Fanning1,0.88,0.5,0,0,6013,0.944,1032.7,215,1,Normal,300.1,719.18
03/04/2024,BOP,0.83,0.5,0.5,0,3671,0.953,1169.3,218.3,1,Normal,300.87,882.58
03/04/2024,BOP,0.89,0.5,0.5,1,386,1.05,1239.3,208.9,1,Normal,298.01,1115.94
04/04/2024,Pekoe,0.83,0,0,1,516,1.023,1182.66,208.5,1,Normal,300.58,958.97
05/04/2024,Dust1,0.88,0.5,0.5,0,834,1.03,987.77,207.6,1,Normal,300.12,790.26
05/04/2024,BOP,0.98,0.5,0.5,0.5,3470,0.96,1189.3,200.1,1,Normal,298.75,949.04
06/04/2024,Pekoe,0.89,0.5,0,1,223,1.052,1182.66,200.6,1,Normal,300.81,1031.04
07/04/2024,BOPF,0.91,0.5,0.5,1,7996,0.916,1254.28,208,1,Normal,301.09,989.78
08/04/2024,Pekoe,0.9,0.5,1,0,4866,0.967,1102.66,217.5,1,Normal,301.89,884.21
08/04/2024,Dust,0.93,0.5,1,1,1969,0.997,971.09,215.7,1,Normal,301.22,881.6
09/04/2024,Fanning1,0.9,0.5,1,0.5,431,1.057,1122.7,219.4,1,Normal,298.76,1031.37
09/04/2024,BOP,0.85,0.5,0.5,0,1427,0.999,1149.3,212.1,1,Normal,298.85,904.11
09/04/2024,Dust1,0.97,0.5,0.5,0.5,4588,0.964,1007.77,214.9,1,Normal,299.44,800.94
09/04/2024,BOP,0.95,0.5,0.5,0.5,5187,0.943,1229.3,209.9,1,Normal,298.58,965.94
11/04/2024,Dust1,0.87,1,1,0,2127,0.985,1017.77,211.6,1,Normal,299.95,874.81
11/04/2024,Pekoe,0.95,1,0.5,0.5,194,1.056,1192.66,209.2,1,Normal,301.39,1096.57
11/04/2024,Dust1,0.84,0.5,1,1,104,1.061,1007.77,215.3,1,Normal,301.74,975.59
12/04/2024,Fanning1,0.91,1,0.5,0.5,3035,0.974,1052.7,200.3,1,Normal,298.43,879.07
14/04/2024,Fanning1,0.86,0.5,0.5,1,991,1.03,1052.7,203.8,1,Normal,299.2,929.66
14/04/2024,Pekoe,0.94,1,0.5,0,528,1.002,1192.66,219.8,1,Normal,299.74,988.21
15/04/2024,BOP,0.96,0,1,0,1555,0.998,1219.3,217.2,1,Normal,300.63,960.46
15/04/2024,BOPF,0.91,0.5,0.5,0.5,5984,0.942,1244.28,200.3,1,Normal,300.71,963.68
15/04/2024,Pekoe,0.94,0.5,0,1,1475,0.992,1172.66,214.8,1,Normal,301.82,965.88
16/04/2024,Dust,0.95,0.5,1,0,4392,0.953,1021.09,200.6,1,Normal,299.18,791.32
18/04/2024,Dust1,0.93,0.5,0.5,0.5,3010,0.961,967.77,205.4,1,Normal,298.41,764.26
18/04/2024,Fanning1,0.89,1,0.5,1,405,1.045,1092.7,211.1,1,Normal,301.12,1038.44
18/04/2024,BOPF,0.91,1,0.5,1,237,1.038,1224.28,219.9,1,Normal,299.68,1178.68
21/04/2024,BOPF,0.94,0.5,0.5,0.5,1623,0.997,1244.28,205,1,Normal,301.22,1018.57
22/04/2024,Pekoe,0.98,1,0.5,0,1643,0.986,1182.66,216.3,1,Normal,300.53,969.37
22/04/2024,Dust,0.95,0.5,1,0,7792,0.901,1031.09,206.5,1,Normal,299.85,765.31
22/04/2024,Pekoe,0.83,0,0.5,0,2297,0.993,1182.66,205.8,1,Normal,299.69,869.21
23/04/2024,Fanning1,0.88,0.5,0,0,6472,0.93,1032.7,212,1,Normal,298.44,715.11
23/04/2024,Fanning1,0.83,0,0.5,0.5,485,1.031,1072.7,203.3,1,Normal,298.89,867.41
23/04/2024,BOPF,0.89,0.5,0.5,0,3706,0.953,1244.28,213.8,1,Normal,301.68,935.71
24/04/2024,Dust,0.87,0.5,1,0.5,3897,0.96,991.09,214.6,1,Normal,298.18,812.71
24/04/2024,BOP,0.93,1,0,1,6355,0.921,1209.3,206.9,1,Normal,298.93,957.35
24/04/2024,Dust1,0.88,0.5,0,0.5,719,1.006,1017.77,212.8,1,Normal,300.82,804.34
25/04/2024,Fanning1,0.85,0.5,0.5,0.5,2002,0.992,1102.7,216,1,Normal,299.57,897.59
25/04/2024,BOPF,0.95,0.5,1,0,402,1.042,1184.28,209.2,1,Normal,298.73,1018.2
25/04/2024,BOPF,0.91,0.5,0.5,0,5709,0.908,1224.28,208.4,1,Normal,298.56,869.04
25/04/2024,Dust,0.97,0.5,1,0.5,4013,0.962,1041.09,201.1,1,Normal,299.78,868.95
26/04/2024,BOPF,0.87,1,0.5,1,7028,0.926,1254.28,215.9,1,Normal,298.46,1093.99
26/04/2024,BOP,0.94,0.5,1,0.5,2699,0.997,1149.3,207.3,1,Normal,299.8,1000.41
26/04/2024,BOP,0.94,1,0,0,4455,0.955,1169.3,208.8,1,Normal,301.14,882.45
26/04/2024,Fanning1,0.86,0.5,0.5,0,249,1.037,1122.7,211.4,1,Normal,301.14,924.28
27/04/2024,BOPF,0.93,1,1,0.5,4384,0.954,1264.28,217.3,1,Normal,299.07,1126.87
28/04/2024,BOP,0.88,0.5,0.5,0.5,332,1.073,1239.3,212.7,1,Normal,300.93,1096.76
29/04/2024,Dust,0.96,0.5,0.5,0.5,1549,0.991,971.09,213.3,1,Normal,300.26,789.8
01/05/2024,BOP,0.83,0.5,0,1,3323,0.95,1209.3,274.1,1,Normal,298.81,938.92
01/05/2024,BOPF,0.96,0,1,0.5,542,1.002,1264.28,272.5,1,Normal,299.22,1038.27
02/05/2024,Pekoe,0.84,1,1,0,215,1.065,1192.66,272.8,1,Normal,298.48,1105.6
02/05/2024,BOPF,0.88,0.5,1,0.5,951,1.019,1264.28,263.9,1,Normal,298.57,1104.51
03/05/2024,Dust1,0.88,1,0.5,0.5,415,1.075,947.77,272.5,1,Normal,301.01,879.98
03/05/2024,Dust,0.95,1,0.5,1,2228,0.996,1031.09,288.2,1,Normal,298.11,941.67
03/05/2024,Fanning1,0.9,0.5,1,1,3230,0.969,1032.7,250.3,1,Normal,300.11,921.4
03/05/2024,BOPF,0.88,0,0.5,0,449,1.059,1184.28,286.7,1,Normal,299.05,918.27
07/05/2024,Fanning1,0.87,0.5,0.5,0.5,7197,0.931,1072.7,279.5,1,Normal,298.33,832.55
07/05/2024,BOPF,0.91,0.5,0.5,0,3635,0.972,1274.28,288.7,1,Normal,298.95,979.18
09/05/2024,Fanning1,0.92,0.5,0.5,0,189,1.038,1072.7,245.8,1,Normal,300.09,877.93
09/05/2024,BOPF,0.94,0,0.5,1,1060,0.99,1224.28,248.3,1,Normal,300.85,990.1
09/05/2024,Dust,0.83,0,1,1,230,1.041,1021.09,262.8,1,Normal,298.01,910.14
10/05/2024,Dust,0.88,1,0,1,4462,0.957,971.09,242.3,1,Normal,299.67,799.77
11/05/2024,Dust,0.84,0.5,1,1,3821,0.976,1041.09,243.9,1,Normal,301.38,923.61
11/05/2024,BOPF,0.87,0.5,0.5,1,688,1.022,1254.28,240.4,1,Normal,301.04,1098.08
12/05/2024,BOPF,0.91,0.5,0.5,1,2554,0.982,1254.28,260.5,1,Normal,301.93,1078.17
12/05/2024,BOPF,0.93,1,0,0,311,1.059,1254.28,288.6,1,Normal,298.53,1030.58
12/05/2024,Dust1,0.93,1,1,0.5,2703,0.989,947.77,268.4,1,Normal,298.3,857.19
13/05/2024,BOPF,0.84,0.5,0.5,1,4577,0.959,1224.28,269.2,1,Normal,301.41,1023.94
13/05/2024,Pekoe,0.93,1,0,0.5,3508,0.965,1182.66,255.2,1,Normal,299.2,934.39
13/05/2024,Dust1,0.91,0.5,1,1,562,1.006,987.77,287.6,1,Normal,299.49,905.91
13/05/2024,Dust,0.97,1,0,1,2657,0.982,1011.09,269.1,1,Normal,298.2,859.67
14/05/2024,Dust1,0.82,0.5,1,1,195,1.061,997.77,276.2,1,Normal,298.98,958.34
16/05/2024,BOP,0.83,0.5,0.5,0,369,1.079,1239.3,267.5,1,Normal,300.85,1054.25
17/05/2024,Fanning1,0.9,0.5,1,0.5,405,1.07,1092.7,257.2,1,Normal,300.12,1025.93
18/05/2024,BOP,0.86,1,0.5,0,3449,0.961,1239.3,288.7,1,Normal,301.97,974.84
20/05/2024,Pekoe,0.93,0,1,0,5582,0.947,1192.66,255.9,1,Normal,301.95,885.57
20/05/2024,Dust1,0.83,1,0.5,1,744,1.024,967.77,255.5,1,Normal,300.87,909.13
21/05/2024,BOP,0.84,0.5,1,1,1747,0.994,1229.3,256.2,1,Normal,299.58,1103.83
21/05/2024,BOPF,0.94,0.5,0.5,0.5,7301,0.939,1204.28,246.8,1,Normal,300.66,930.73
21/05/2024,Dust,0.84,0.5,0,0,300,1.039,991.09,276.7,1,Normal,301.68,757.83
21/05/2024,Dust1,0.84,0.5,1,0.5,2813,0.989,967.77,268.3,1,Normal,298.84,825.82
22/05/2024,Pekoe,0.82,0.5,0.5,1,6438,0.919,1192.66,279.4,1,Normal,299.92,953.71
22/05/2024,BOPF,0.89,0.5,1,1,2949,0.983,1244.28,274.4,1,Normal,298.64,1153.79
23/05/2024,Dust,0.92,0.5,0.5,1,3337,0.955,951.09,288.9,1,Normal,299.32,785.27
23/05/2024,Pekoe,0.91,0.5,1,1,701,1.002,1102.66,267.7,1,Normal,299.71,1006.26
23/05/2024,BOPF,0.84,1,0.5,1,3631,0.965,1264.28,270,1,Normal,299.06,1138.2
23/05/2024,Dust1,0.88,0.5,1,0.5,234,1.038,1007.77,258.6,1,Normal,300.67,901.27
23/05/2024,Fanning1,0.86,1,0.5,0,6944,0.944,1092.7,267.1,1,Normal,299.2,858.94
27/05/2024,Fanning1,0.96,0,0.5,0,561,1.028,1052.7,241.7,1,Normal,301.89,794.45
27/05/2024,Pekoe,0.89,0,0.5,0,232,1.049,1162.66,261.2,1,Normal,300.21,905.85
28/05/2024,BOP,0.95,0.5,0.5,0.5,7320,0.929,1149.3,285.9,1,Normal,301.7,871.3
28/05/2024,Fanning1,0.96,0,1,0,792,1.008,1052.7,254.3,1,Normal,300.47,829.13
28/05/2024,Dust,0.93,1,0.5,0.5,1691,0.986,1011.09,259.8,1,Normal,301.43,875.13
29/05/2024,Dust,0.98,0.5,0,0.5,713,1.013,1041.09,251.4,1,Normal,299.63,826.3
29/05/2024,BOP,0.9,1,0.5,0,7147,0.901,1169.3,258.7,1,Normal,301.5,858.1
29/05/2024,BOP,0.97,0.5,1,0.5,358,1.042,1209.3,241.7,1,Normal,300.38,1099.86
30/05/2024,Dust,0.88,0,1,0,645,1.026,1041.09,269.3,1,Normal,301.86,840.47
02/06/2024,Dust,0.92,0.5,0,0,742,1.018,951.09,198.9,1,Off,298.9,725.45
03/06/2024,Pekoe,0.92,0.5,0.5,0.5,6237,0.941,1162.66,200.6,1,Off,300.34,909.87
03/06/2024,Dust,0.91,0.5,0.5,0,1130,0.997,991.09,213.3,1,Off,300.62,775.27
04/06/2024,Fanning1,0.94,0,0,0,306,1.063,1072.7,174.4,1,Off,299.04,791.04
04/06/2024,Pekoe,0.98,0,0.5,0,2094,0.99,1192.66,166.8,1,Off,298.68,873.32
05/06/2024,Dust1,0.84,0.5,0,1,960,1.011,1007.77,179.7,1,Off,301.49,845.88
06/06/2024,Fanning1,0.87,0,0.5,0,4271,0.977,1102.7,183.6,1,Off,298.48,795.94
06/06/2024,BOPF,0.84,0.5,0.5,0,573,1.023,1244.28,185.7,1,Off,299.33,989.65
06/06/2024,Dust1,0.86,0,1,1,902,1.018,1007.77,167.9,1,Off,299.72,885.15
06/06/2024,Fanning1,0.85,0.5,1,0.5,487,1.061,1052.7,165.2,1,Off,298.91,960.59
07/06/2024,Fanning1,0.91,1,0,0.5,7442,0.917,1112.7,170.1,1,Off,301.98,847.52
09/06/2024,BOPF,0.85,0,0,1,216,1.059,1204.28,183,1,Off,298.49,1002.36
10/06/2024,Pekoe,0.86,0.5,1,1,438,1.064,1162.66,183.8,1,Off,299.78,1112.92
10/06/2024,BOPF,0.93,0.5,0.5,0,7550,0.935,1244.28,200.1,1,Off,301.32,911.68
10/06/2024,BOP,0.95,0.5,0.5,0.5,3733,0.959,1149.3,170.9,1,Off,300.19,910.7
11/06/2024,BOPF,0.82,0.5,0,0,5368,0.904,1264.28,189,1,Off,298.41,836.24
11/06/2024,Dust,0.86,1,0,1,4386,0.972,951.09,214.4,1,Off,301.4,787.09
13/06/2024,Pekoe,0.85,0.5,0.5,0,2501,0.984,1162.66,171.9,1,Off,299.6,899.74
14/06/2024,Dust1,0.95,0.5,0,1,167,1.051,997.77,199.5,1,Off,299.93,859.91
14/06/2024,Dust,0.92,0,0,0,3999,0.963,951.09,195.6,1,Off,299.05,642.54
14/06/2024,Pekoe,0.91,0.5,0,0,7869,0.905,1182.66,198.9,1,Off,300.91,793.77
14/06/2024,BOPF,0.95,0.5,0,1,3321,0.976,1274.28,197.1,1,Off,298.66,1017.38
14/06/2024,Dust,0.83,0.5,0.5,0.5,3909,0.953,1011.09,181.5,1,Off,299.79,790.42
17/06/2024,BOP,0.88,1,0.5,1,6247,0.928,1229.3,197.7,1,Off,300.69,1030.11
17/06/2024,BOPF,0.96,0.5,0,0,3744,0.953,1274.28,167.7,1,Off,300.64,892.13
18/06/2024,Dust,0.91,0.5,1,1,4468,0.953,1021.09,196.7,1,Off,298.78,888.27
19/06/2024,BOPF,0.93,1,0.5,0,4581,0.97,1254.28,175.8,1,Off,298.54,999.78
19/06/2024,Dust1,0.95,0.5,0.5,1,454,1.049,997.77,167.4,1,Off,300.42,912.52
19/06/2024,Fanning1,0.97,0,0.5,0.5,3273,0.968,1112.7,185.9,1,Off,300.05,841.86
19/06/2024,Pekoe,0.97,0.5,0.5,0,648,1.029,1182.66,180.7,1,Off,301.9,949.77
21/06/2024,Pekoe,0.84,0.5,0.5,0,1854,0.998,1162.66,196.8,1,Off,301.23,893.17
24/06/2024,Pekoe,0.83,0.5,0,0.5,1299,0.984,1172.66,172.3,1,Off,298.13,890.91
25/06/2024,Pekoe,0.91,0.5,0.5,0.5,2606,0.994,1102.66,208.4,1,Off,301.71,911.07
28/06/2024,Dust,0.97,1,0,1,944,1.027,1031.09,213.8,1,Off,300.84,916.19
28/06/2024,BOPF,0.94,0,0.5,1,5711,0.906,1184.28,201.9,1,Off,299.71,872.58
28/06/2024,Dust,0.82,0.5,0,1,5208,0.942,991.09,194.2,1,Off,299.96,763.77
02/07/2024,Dust,0.9,0,0.5,0,181,1.047,990.52,189.2,1,Off,304.65,760.86
03/07/2024,Fanning1,0.9,0,0,0,558,1.027,1123.74,197.5,1,Off,305.67,792.69
04/07/2024,Dust1,0.97,0,0.5,0,1050,0.99,1016.74,194.3,1,Off,303.78,752.09
09/07/2024,Fanning1,0.83,1,0,0,503,1.026,1113.74,159.6,1,Off,305.34,898.65
09/07/2024,Pekoe,0.94,0.5,0,0,1048,0.981,1125.07,193.9,1,Off,302.22,816.67
09/07/2024,BOPF,0.97,0.5,0.5,0.5,321,1.057,1288.29,178.7,1,Off,304.88,1123.49
10/07/2024,BOP,0.88,0.5,0.5,0,3576,0.962,1252.62,152.3,1,Off,302.12,932.14
11/07/2024,Fanning1,0.87,0.5,0.5,0,5045,0.944,1073.74,187.3,1,Off,302.49,791.67
12/07/2024,BOP,0.87,0,0,0.5,711,1.005,1192.62,176.9,1,Off,304.47,875.08
12/07/2024,Fanning1,0.96,0,0,0,336,1.043,1073.74,183.5,1,Off,304.9,775.91
15/07/2024,Pekoe,0.86,0.5,1,1,1922,0.994,1145.07,156.4,1,Off,304.26,1025.31
16/07/2024,BOP,0.87,0,0,0,2720,0.998,1232.62,171.4,1,Off,303.78,857.05
16/07/2024,Pekoe,0.92,0,0,1,375,1.066,1125.07,155.4,1,Off,305.4,943.81
18/07/2024,Fanning1,0.85,1,0.5,0,3304,0.957,1143.74,178.9,1,Off,304.36,891.17
19/07/2024,BOP,0.88,0.5,0.5,0,4052,0.955,1242.62,175.1,1,Off,305.79,937.24
25/07/2024,Dust1,0.97,1,0,1,635,1.016,1036.74,186.8,1,Off,303.45,907.83
26/07/2024,Pekoe,0.87,0,0.5,0.5,634,1.011,1185.07,152.3,1,Off,303.46,943.25
27/07/2024,Dust1,0.98,0.5,0.5,0.5,349,1.055,966.74,175.8,1,Off,303.76,837.95
29/07/2024,BOPF,0.85,0.5,0,1,438,1.054,1268.29,164,1,Off,303.92,1102.32
29/07/2024,BOPF,0.83,0.5,1,0,362,1.038,1228.29,170.5,1,Off,304.07,1059.02
30/07/2024,Pekoe,0.94,0,0,1,810,1.007,1185.07,181.9,1,Off,304.4,938.94
01/08/2024,Pekoe,0.9,1,0.5,0.5,3470,0.954,1125.07,178.6,1,Peak,302.81,935.18
01/08/2024,BOPF,0.92,1,0,0,119,1.035,1288.29,183.4,1,Peak,302.52,1057.38
01/08/2024,Pekoe,0.92,1,1,1,3469,0.961,1215.07,192.9,1,Peak,304.97,1118.73
01/08/2024,BOPF,0.86,0.5,0,1,2795,0.984,1288.29,177,1,Peak,304.97,1049.96
02/08/2024,Dust1,0.92,0.5,1,0.5,1872,0.985,1016.74,185.4,1,Peak,303.69,866.42
02/08/2024,BOPF,0.89,0.5,1,0.5,6256,0.917,1288.29,188.6,1,Peak,303.59,1036.58
05/08/2024,BOPF,0.89,0.5,1,1,7255,0.935,1288.29,177.4,1,Peak,302.21,1134.49
05/08/2024,BOPF,0.9,0.5,1,0.5,4247,0.978,1268.29,191.1,1,Peak,304.46,1084.96
06/08/2024,BOPF,0.92,1,1,0,7455,0.926,1228.29,186.9,1,Peak,304.46,987.05
06/08/2024,BOPF,0.83,1,1,0,302,1.067,1208.29,188.1,1,Peak,305.68,1127.95
06/08/2024,Fanning1,0.88,0,1,0,199,1.043,1113.74,186.2,1,Peak,304.02,914.77
06/08/2024,BOP,0.95,0,0.5,0,6544,0.924,1192.62,181.8,1,Peak,305.03,821.9
07/08/2024,Fanning1,0.96,1,1,0.5,903,1.024,1113.74,184.2,1,Peak,305.82,1028.83
07/08/2024,BOPF,0.87,1,0.5,0.5,2907,0.987,1278.29,191.6,1,Peak,303.08,1103.93
07/08/2024,Dust1,0.94,1,1,0.5,6022,0.918,1036.74,193.2,1,Peak,302.43,872.96
07/08/2024,Fanning1,0.82,0.5,0,0.5,1645,0.99,1143.74,188.3,1,Peak,305.66,884.22
08/08/2024,BOP,0.9,1,0,1,677,1.014,1172.62,186.5,1,Peak,304.79,1039.4
08/08/2024,BOPF,0.88,1,1,0.5,3485,0.979,1248.29,175.2,1,Peak,303.46,1141.02
08/08/2024,Dust,0.88,1,1,0,2404,0.996,1040.52,189,1,Peak,303.73,893.56
09/08/2024,BOPF,0.9,1,1,1,4475,0.959,1278.29,194.2,1,Peak,305.43,1193.84
09/08/2024,BOPF,0.95,1,0.5,0.5,6475,0.928,1298.29,178.3,1,Peak,303.03,1038.44
09/08/2024,Fanning1,0.85,1,0.5,1,7757,0.924,1133.74,192.3,1,Peak,303.79,957.88
09/08/2024,BOPF,0.96,0.5,0,0.5,423,1.038,1228.29,184.3,1,Peak,303.25,1009.2
10/08/2024,Dust1,0.86,1,0.5,0.5,4977,0.955,1036.74,187.1,1,Peak,302.09,866.2
10/08/2024,Pekoe,0.94,1,1,1,132,1.031,1185.07,193.8,1,Peak,304.1,1157.59
12/08/2024,BOP,0.92,0.5,1,1,645,1.016,1192.62,187.4,1,Peak,302.11,1114.07
12/08/2024,Dust1,0.89,0.5,0,0,7857,0.909,1016.74,181.5,1,Peak,303.83,698.49
12/08/2024,Pekoe,0.92,1,1,0,1183,0.988,1145.07,183.7,1,Peak,303.21,991.55
12/08/2024,Dust,0.87,1,0.5,0.5,1613,0.992,1060.52,192,1,Peak,302.03,913.32
13/08/2024,Dust1,0.86,0.5,0.5,0.5,634,1.015,1036.74,186.2,1,Peak,305.64,877.9
14/08/2024,Pekoe,0.91,1,1,1,3226,0.969,1165.07,180.7,1,Peak,304.8,1072.16
14/08/2024,Fanning1,0.82,0,1,1,466,1.038,1113.74,178,1,Peak,302.87,1012.59
14/08/2024,Dust,0.89,0.5,1,1,5292,0.924,990.52,185,1,Peak,305.58,831.29
15/08/2024,Pekoe,0.86,0.5,1,0,5384,0.933,1145.07,175.3,1,Peak,303.89,881.74
15/08/2024,Pekoe,0.94,0.5,0.5,1,2307,0.998,1215.07,181.5,1,Peak,304.67,1050.32
15/08/2024,BOP,0.85,1,1,1,4190,0.971,1192.62,183.7,1,Peak,303.49,1095.08
16/08/2024,Fanning1,0.87,0,0.5,1,7872,0.94,1073.74,176.8,1,Peak,303.95,837.3
19/08/2024,Dust,0.95,1,1,0,293,1.054,1030.52,187.9,1,Peak,304.24,945.72
20/08/2024,Fanning1,0.88,0.5,1,0,4087,0.959,1093.74,186.3,1,Peak,304.17,875.88
20/08/2024,Pekoe,0.85,1,0.5,0,7696,0.941,1145.07,185.1,1,Peak,304.1,894.37
21/08/2024,Dust,0.89,1,1,0,522,1.026,990.52,187.3,1,Peak,302.43,872.97
21/08/2024,Dust1,0.93,1,0.5,0.5,125,1.031,966.74,187.8,1,Peak,304.62,876.31
21/08/2024,Pekoe,0.83,1,0,0.5,2450,0.991,1205.07,184.4,1,Peak,302.28,999.57
21/08/2024,BOP,0.84,1,1,1,836,1.017,1242.62,194.2,1,Peak,303.66,1207.53
22/08/2024,Dust1,0.93,1,1,1,705,1.016,1016.74,182.2,1,Peak,303.77,980.68
22/08/2024,Dust,0.96,1,0.5,0,811,1.011,1040.52,194.8,1,Peak,305.7,882.91
22/08/2024,Dust1,0.82,1,1,1,2823,1,966.74,183.9,1,Peak,305.42,928.81
22/08/2024,Dust,0.97,1,0.5,0,548,1.004,1010.52,188.8,1,Peak,305.56,834.88
23/08/2024,Fanning1,0.88,0,0.5,0,6999,0.941,1053.74,181,1,Peak,304.38,744.46
23/08/2024,BOP,0.94,0,1,0.5,5928,0.946,1252.62,186.5,1,Peak,305.11,977.84
25/08/2024,Fanning1,0.91,1,0.5,1,6825,0.929,1053.74,175.8,1,Peak,302.89,889.78
25/08/2024,BOP,0.9,0.5,0.5,0.5,704,1.023,1232.62,177.6,1,Peak,304.24,1048.76
26/08/2024,Fanning1,0.98,1,1,0.5,497,1.036,1113.74,178.9,1,Peak,303.69,1047.54
26/08/2024,BOP,0.94,1,1,0.5,574,1.021,1192.62,186.9,1,Peak,305.03,1102
26/08/2024,Fanning1,0.97,0.5,0.5,1,3227,0.964,1093.74,176.1,1,Peak,302.84,910.94
26/08/2024,Dust,0.91,0.5,0,0,7387,0.902,990.52,185.5,1,Peak,302.24,670.35
26/08/2024,Dust1,0.92,1,1,0.5,439,1.031,1036.74,180.4,1,Peak,305.53,986.44
26/08/2024,Pekoe,0.84,1,0.5,0,6875,0.946,1125.07,185.2,1,Peak,302.16,878.62
26/08/2024,Pekoe,0.85,1,1,0,2026,0.998,1215.07,184.8,1,Peak,305.96,1067.29
27/08/2024,Dust,0.96,0.5,1,0.5,991,1.013,1040.52,179.5,1,Peak,302.61,927.94
27/08/2024,Fanning1,0.84,0.5,0.5,0,7820,0.945,1113.74,181.6,1,Peak,305.98,821.63
27/08/2024,BOPF,0.87,1,0,1,194,1.068,1268.29,193.7,1,Peak,305.84,1185.09
28/08/2024,Pekoe,0.97,1,0.5,1,7506,0.913,1195.07,191.4,1,Peak,304.45,989.53
28/08/2024,BOP,0.93,1,0.5,0,3765,0.965,1192.62,175.5,1,Peak,302.66,950.82
29/08/2024,Dust,0.97,1,0.5,1,6799,0.924,1010.52,194.4,1,Peak,305.47,851.34
29/08/2024,Fanning1,0.94,1,1,0,480,1.056,1113.74,190.5,1,Peak,303.83,1033.89
29/08/2024,Fanning1,0.88,0.5,0.5,0,2971,0.989,1093.74,179.9,1,Peak,305.09,843.02
29/08/2024,BOP,0.93,0,1,0,546,1.023,1252.62,180.9,1,Peak,304.19,1004.69
30/08/2024,Dust1,0.91,0.5,1,0.5,628,1.022,946.74,175.5,1,Peak,302.36,845.5
30/08/2024,Pekoe,0.88,0.5,0.5,1,1779,0.991,1205.07,176.7,1,Peak,305.45,1030.8
30/08/2024,BOP,0.89,1,0.5,0.5,820,1,1262.62,190.4,1,Peak,303.01,1107.69
30/08/2024,BOP,0.92,1,1,0,5325,0.93,1192.62,185.9,1,Peak,305.53,968.33
31/08/2024,BOPF,0.83,1,0.5,1,7367,0.915,1208.29,191.4,1,Peak,302.2,1030.7
31/08/2024,Fanning1,0.93,0.5,0.5,0,1932,0.999,1053.74,188.4,1,Peak,305.07,837.68
02/09/2024,Dust1,0.95,1,0.5,1,3674,0.966,1026.74,206.4,1,Normal,302.84,901.36
05/09/2024,Fanning1,0.98,0.5,0.5,0,2246,0.991,1123.74,209.6,1,Normal,303.42,872.46
05/09/2024,Pekoe,0.9,0,0,1,462,1.053,1215.07,200.4,1,Normal,302.47,1010.34
07/09/2024,Dust1,0.83,0.5,0,1,1412,0.996,986.74,210,1,Normal,303.2,817.03
08/09/2024,Dust,0.87,0.5,0.5,1,4707,0.977,1060.52,192.3,1,Normal,302.14,889.19
11/09/2024,Fanning1,0.96,0.5,0,0,2067,0.991,1053.74,199.2,1,Normal,302.83,781.99
12/09/2024,Dust,0.83,1,0,0.5,5679,0.93,990.52,207.8,1,Normal,304.38,766.88
12/09/2024,Dust,0.93,1,1,1,731,1.016,990.52,204.1,1,Normal,302.45,962.88
12/09/2024,Dust1,0.9,0.5,0,1,8000,0.916,986.74,208.3,1,Normal,302.57,753.54
13/09/2024,Pekoe,0.98,1,1,0.5,2069,0.999,1205.07,208.8,1,Normal,305.39,1090.05
16/09/2024,BOP,0.9,0.5,0.5,0,2308,0.984,1212.62,207.8,1,Normal,303.11,932.7
17/09/2024,BOPF,0.85,1,0,0,6434,0.916,1228.29,192.4,1,Normal,305.77,883.79
17/09/2024,Dust,0.92,0.5,0.5,1,114,1.049,970.52,193.4,1,Normal,303.71,884.04
18/09/2024,Pekoe,0.93,0.5,0.5,1,465,1.079,1215.07,201.9,1,Normal,305.06,1126.33
18/09/2024,Pekoe,0.89,0.5,0.5,0,738,1.026,1195.07,206,1,Normal,303.03,952.22
18/09/2024,Dust,0.95,0,0.5,1,3719,0.975,1010.52,208.3,1,Normal,305.07,804.41
19/09/2024,Pekoe,0.95,0.5,0.5,0.5,736,1.019,1195.07,192.1,1,Normal,302.64,993.64
19/09/2024,Pekoe,0.91,0.5,0.5,0.5,378,1.067,1205.07,194.2,1,Normal,304.3,1062.87
20/09/2024,Fanning1,0.84,0.5,0.5,0.5,4403,0.96,1133.74,199.3,1,Normal,304.64,904.44
20/09/2024,Pekoe,0.95,0.5,0.5,0.5,4260,0.956,1205.07,207.7,1,Normal,305.51,956.95
20/09/2024,Dust1,0.93,0,0,0,2045,0.981,1016.74,203.6,1,Normal,305.87,698.88
22/09/2024,BOP,0.96,0,1,0,3651,0.962,1232.62,209.6,1,Normal,304.18,928.75
22/09/2024,Dust1,0.95,0.5,0.5,0.5,443,1.037,1006.74,193.8,1,Normal,304.63,853.68
22/09/2024,Dust1,0.96,0,0.5,0.5,6737,0.941,1006.74,192.7,1,Normal,303.42,743.9
24/09/2024,Pekoe,0.86,0.5,0.5,0,3077,0.971,1125.07,201.6,1,Normal,304.32,846.75
24/09/2024,Fanning1,0.98,0,0.5,0.5,364,1.042,1133.74,204.6,1,Normal,304.97,916.59
24/09/2024,Fanning1,0.87,1,0.5,1,6921,0.937,1113.74,202.7,1,Normal,303.41,943.55
25/09/2024,Pekoe,0.97,0.5,0.5,0,531,1.017,1205.07,193.4,1,Normal,305.96,964.01
27/09/2024,BOP,0.84,1,0.5,0.5,167,1.067,1242.62,195.7,1,Normal,302.7,1140.83
27/09/2024,BOPF,0.86,0.5,0.5,0,5594,0.947,1228.29,198.9,1,Normal,305.35,909.4
28/09/2024,Pekoe,0.89,0.5,1,0,276,1.038,1185.07,197.7,1,Normal,303.9,1025.81
29/09/2024,BOPF,0.88,0.5,0.5,1,3024,0.961,1248.29,208.4,1,Normal,305.85,1029.65
30/09/2024,Pekoe,0.88,0,0.5,0,1553,0.993,1185.07,208.4,1,Normal,303.84,866.97
01/10/2024,BOPF,0.9,0.5,0,0.5,380,1.051,1278.29,298.6,1,Normal,302.42,1044.84
01/10/2024,BOPF,0.83,0.5,1,0,436,1.065,1208.29,279.2,1,Normal,302.35,1059.09
02/10/2024,Pekoe,0.91,0,0,0,194,1.062,1165.07,303.2,1,Normal,305.08,870.57
03/10/2024,Dust,0.85,1,0.5,0.5,670,1.013,1030.52,303.5,1,Normal,305.92,901.78
03/10/2024,BOP,0.84,0.5,1,0,154,1.032,1172.62,297.3,1,Normal,304.29,996.16
03/10/2024,BOPF,0.92,1,1,0.5,6602,0.9,1288.29,309.8,1,Normal,305.76,1083.5
03/10/2024,BOP,0.91,1,0,0.5,2096,0.994,1232.62,307.2,1,Normal,302.22,1014.95
07/10/2024,Dust,0.83,0.5,0.5,0,590,1.009,1030.52,283.3,1,Normal,305.59,811.41
07/10/2024,Pekoe,0.89,1,1,1,468,1.07,1205.07,269.2,1,Normal,303.23,1232.49
07/10/2024,BOP,0.83,1,0.5,1,7678,0.923,1252.62,287.5,1,Normal,305.48,1056
08/10/2024,BOP,0.83,1,0.5,0.5,523,1,1252.62,276.6,1,Normal,302.2,1092.4
08/10/2024,BOPF,0.95,1,0,1,354,1.07,1268.29,287.8,1,Normal,303.35,1182.84
09/10/2024,BOP,0.98,0.5,1,1,491,1.036,1192.62,285.1,1,Normal,305.03,1118.4
09/10/2024,BOPF,0.97,1,1,0,3323,0.952,1208.29,273.3,1,Normal,302.72,999.87
10/10/2024,Dust1,0.93,0.5,0.5,1,3554,0.962,966.74,309.3,1,Normal,304.44,797.73
10/10/2024,BOP,0.92,0.5,0.5,1,385,1.061,1262.62,290,1,Normal,305.04,1154.34
11/10/2024,Pekoe,0.85,1,1,1,4866,0.955,1205.07,303.5,1,Normal,305.69,1089.4
14/10/2024,Dust,0.87,0,0.5,1,879,1.005,970.52,275.5,1,Normal,303.94,813.14
14/10/2024,Fanning1,0.91,0.5,0.5,0.5,217,1.042,1113.74,301.1,1,Normal,305.48,950.34
14/10/2024,Dust1,0.83,0.5,1,0,3764,0.972,1026.74,288.5,1,Normal,303.43,818.49
15/10/2024,Fanning1,0.83,1,0,0.5,2557,0.992,1143.74,266.6,1,Normal,305.18,946.88
15/10/2024,Fanning1,0.96,1,0,0.5,1969,0.98,1113.74,293.9,1,Normal,304.94,896.02
15/10/2024,Fanning1,0.97,0,0,0.5,122,1.051,1113.74,294,1,Normal,303.92,876.71
16/10/2024,BOPF,0.83,0.5,0.5,0.5,211,1.031,1288.29,287.6,1,Normal,303.22,1104.54
16/10/2024,BOP,0.98,0.5,1,0,4784,0.971,1172.62,302.4,1,Normal,305.44,947.97
16/10/2024,BOP,0.87,0.5,0.5,0,377,1.061,1212.62,281.6,1,Normal,304.94,1017.39
17/10/2024,BOP,0.84,0.5,0.5,0.5,287,1.058,1262.62,298.7,1,Normal,302.82,1096.93
18/10/2024,Dust1,0.94,0.5,0,0,2525,0.987,986.74,270.7,1,Normal,304.01,711.45
18/10/2024,Dust1,0.9,0.5,1,0,4091,0.969,1036.74,283.6,1,Normal,304.69,840.32
18/10/2024,BOPF,0.96,0.5,1,1,990,1.008,1288.29,309.2,1,Normal,302.59,1207.02
20/10/2024,BOP,0.87,0,0.5,1,342,1.045,1172.62,312.6,1,Normal,302.09,1019.07
21/10/2024,Dust,0.89,0.5,0.5,0.5,7171,0.922,1010.52,291,1,Normal,304.27,764.92
22/10/2024,BOPF,0.9,0,0.5,1,5681,0.946,1288.29,304.5,1,Normal,304.14,997.03
22/10/2024,Pekoe,0.95,1,1,0.5,564,1.006,1205.07,300.4,1,Normal,302.14,1096.91
22/10/2024,Fanning1,0.98,0.5,1,1,4573,0.978,1073.74,283.6,1,Normal,302.02,965.39
23/10/2024,Pekoe,0.87,0,0,0,4157,0.96,1125.07,281.6,1,Normal,304.93,748.38
24/10/2024,Dust,0.82,0.5,1,0.5,667,1.018,990.52,292.5,1,Normal,305.13,866.72
24/10/2024,Dust1,0.93,0,0,0.5,7478,0.947,1026.74,269.2,1,Normal,303.44,728.97
25/10/2024,Dust,0.82,0.5,0.5,0.5,4490,0.974,1010.52,283.5,1,Normal,302.66,821.93
25/10/2024,Dust1,0.84,0.5,1,1,255,1.077,1016.74,301.4,1,Normal,305.02,991.26
27/10/2024,Dust1,0.85,0.5,0.5,1,6185,0.925,1036.74,310.7,1,Normal,305.3,826.65
27/10/2024,Dust1,0.86,0.5,1,0.5,2303,0.988,1006.74,293,1,Normal,305.63,851.35
27/10/2024,Dust1,0.98,1,0.5,0,4778,0.979,1036.74,303.2,1,Normal,302.48,839.2
28/10/2024,BOPF,0.91,1,0.5,0,1334,0.988,1248.29,307.3,1,Normal,302.19,1020.46
28/10/2024,BOPF,0.94,1,1,1,2786,0.985,1288.29,268.8,1,Normal,304.75,1243.06
28/10/2024,BOP,0.84,1,0.5,0.5,971,1.005,1192.62,306.2,1,Normal,305.33,1040.54
28/10/2024,Fanning1,0.96,0.5,0.5,1,735,1.028,1113.74,299.5,1,Normal,303.39,983.63
29/10/2024,Fanning1,0.9,0,1,0.5,881,1.026,1073.74,287.1,1,Normal,304.75,901.2
29/10/2024,Dust1,0.93,0.5,1,0.5,487,1.07,1016.74,314.1,1,Normal,304.37,952.24
30/10/2024,Dust,0.93,0.5,0.5,0,2845,0.981,990.52,267.2,1,Normal,305.38,772.5
31/10/2024,BOPF,0.96,0.5,0.5,0,391,1.056,1288.29,282.4,1,Normal,302.77,1074.95
01/11/2024,Pekoe,0.84,1,0.5,0,4207,0.97,1125.07,276.9,1,Normal,302.72,897.15
02/11/2024,BOPF,0.89,0.5,0.5,0.5,1278,0.991,1208.29,260.7,1,Normal,302.33,985.01
04/11/2024,Pekoe,0.87,0,0.5,0,308,1.075,1215.07,272.8,1,Normal,303.9,961.2
04/11/2024,Dust1,0.93,0.5,0.5,0,6640,0.949,1026.74,299.9,1,Normal,305.7,753.7
04/11/2024,Dust,0.85,0,0.5,1,7922,0.93,1060.52,298.8,1,Normal,305.16,811.3
05/11/2024,Fanning1,0.97,0,0.5,1,3250,0.965,1133.74,273.8,1,Normal,305.77,907.26
06/11/2024,Dust1,0.93,0,0.5,0,267,1.068,1026.74,291.5,1,Normal,305.01,820.9
06/11/2024,Pekoe,0.9,0.5,0.5,0,4564,0.976,1125.07,260.1,1,Normal,303.53,857.02
06/11/2024,BOP,0.85,0.5,0.5,0,3275,0.965,1172.62,273,1,Normal,304.28,887.27
08/11/2024,Dust1,0.9,0,0.5,0.5,6547,0.934,1036.74,277,1,Normal,305.91,746.76
08/11/2024,Dust,0.88,0.5,1,0,1199,0.988,970.52,252.3,1,Normal,304.64,794.31
08/11/2024,Pekoe,0.83,0.5,0.5,1,3943,0.967,1185.07,279.6,1,Normal,303.07,995.62
12/11/2024,Dust1,0.91,0.5,1,0.5,3421,0.965,1036.74,299.3,1,Normal,304.67,861.63
12/11/2024,BOPF,0.9,0,0.5,0,6217,0.92,1228.29,298.5,1,Normal,304.5,844.41
12/11/2024,Fanning1,0.87,1,0,0.5,1711,0.99,1093.74,278.9,1,Normal,303.73,886.19
13/11/2024,Fanning1,0.9,0.5,0.5,1,5764,0.925,1133.74,270.1,1,Normal,305.85,908.62
13/11/2024,Fanning1,0.95,0,0,0,1122,0.989,1073.74,296.9,1,Normal,302.6,738.96
13/11/2024,Dust,0.96,0,0.5,0.5,1587,0.994,990.52,271.8,1,Normal,303.62,762.8
13/11/2024,Dust,0.89,0.5,0.5,0,118,1.043,1060.52,262.3,1,Normal,303.11,869.83
14/11/2024,Pekoe,0.9,1,0,1,4775,0.977,1205.07,252.1,1,Normal,304.63,1029.91
14/11/2024,BOPF,0.86,0.5,0.5,1,2697,0.99,1208.29,286.2,1,Normal,302.95,1042.92
16/11/2024,Fanning1,0.94,0,0.5,0.5,1218,0.989,1093.74,266.5,1,Normal,305.45,847.03
20/11/2024,BOP,0.87,0.5,0.5,0.5,1973,0.98,1242.62,285,1,Normal,302.14,1012.61
20/11/2024,Pekoe,0.86,0.5,0.5,0,5499,0.943,1215.07,252.7,1,Normal,303.77,907.71
21/11/2024,Dust,0.87,0,0.5,0.5,2823,0.998,1060.52,296.4,1,Normal,304.58,823.89
21/11/2024,Dust1,0.9,0.5,0,0,948,1.021,1016.74,254,1,Normal,302.27,775.03
21/11/2024,Dust,0.89,1,1,0,822,1,990.52,277.4,1,Normal,304.51,848.1
22/11/2024,Fanning1,0.93,0.5,0.5,1,4623,0.964,1133.74,257.9,1,Normal,302.53,948.88
22/11/2024,Dust,0.85,0.5,1,0.5,5094,0.932,1050.52,266.4,1,Normal,302.91,847.01
25/11/2024,BOPF,0.83,0.5,0.5,1,145,1.031,1278.29,263.1,1,Normal,303.74,1141.75
25/11/2024,BOP,0.86,1,0,0.5,3782,0.976,1242.62,283.7,1,Normal,302.86,1006.29
27/11/2024,BOPF,0.89,1,1,0.5,1923,0.992,1288.29,259.5,1,Normal,303.83,1185.05
27/11/2024,Pekoe,0.88,1,0.5,0.5,5390,0.903,1165.07,266.2,1,Normal,305.72,908.21
27/11/2024,Pekoe,0.97,0.5,0.5,1,2033,1,1205.07,280.3,1,Normal,303.48,1046.35
27/11/2024,Dust,0.85,0.5,0.5,0.5,4454,0.954,970.52,279,1,Normal,303.25,764.81
28/11/2024,Dust,0.94,0,1,0.5,6080,0.916,990.52,298.7,1,Normal,303.26,755.37
29/11/2024,Pekoe,0.92,0.5,1,1,593,1.021,1185.07,257.6,1,Normal,302.46,1099.86
02/12/2024,Pekoe,0.91,0.5,1,0,1715,0.984,1145.07,193.8,1,Normal,305,931.45
02/12/2024,BOPF,0.91,0,0.5,0,3157,0.97,1248.29,198.3,1,Normal,302.1,902.86
02/12/2024,Fanning1,0.97,1,0.5,1,4449,0.964,1093.74,192.9,1,Normal,304.38,967.52
03/12/2024,Dust1,0.87,0.5,0.5,0,2767,0.986,946.74,198.1,1,Normal,304.98,734.12
04/12/2024,Dust,0.85,0,0,1,3333,0.959,1060.52,186.9,1,Normal,305.82,790.82
04/12/2024,Pekoe,0.95,0.5,0.5,1,6505,0.91,1185.07,201,1,Normal,305.54,936.12
05/12/2024,Dust1,0.95,0.5,0.5,0.5,520,1.019,1026.74,193.5,1,Normal,302.62,866.45
05/12/2024,Dust,0.89,1,0,0.5,565,1.016,1010.52,195.5,1,Normal,304.27,856.83
06/12/2024,Fanning1,0.89,1,0.5,0,5334,0.901,1133.74,195.3,1,Normal,304.65,834.25
06/12/2024,BOP,0.89,0.5,0.5,0,2372,0.987,1262.62,192.9,1,Normal,305.24,965.2
09/12/2024,Dust,0.96,1,0.5,1,3351,0.964,1030.52,204.6,1,Normal,305.48,905.58
09/12/2024,Fanning1,0.95,0.5,0.5,0,702,1.004,1073.74,194.7,1,Normal,302.45,854.56
10/12/2024,BOPF,0.9,1,1,0,597,1.014,1208.29,202.2,1,Normal,302.47,1068.58
11/12/2024,Dust1,0.9,0,0.5,1,250,1.047,946.74,193.9,1,Normal,304.52,829.43
12/12/2024,Pekoe,0.91,0.5,0,1,7420,0.947,1215.07,202,1,Normal,305.47,937.94
12/12/2024,Fanning1,0.87,1,0,0.5,2013,0.989,1113.74,185.4,1,Normal,302.08,900.62
13/12/2024,BOPF,0.9,0.5,0.5,0,3268,0.979,1298.29,191.9,1,Normal,305.76,992.53
13/12/2024,BOPF,0.92,1,0.5,0,5640,0.925,1298.29,194.4,1,Normal,303.66,986.7
13/12/2024,BOP,0.98,0.5,1,0,181,1.07,1212.62,189.2,1,Normal,303.72,1061.87
17/12/2024,Dust,0.98,0.5,0.5,0,7826,0.93,970.52,189.5,1,Normal,304.83,706.45
18/12/2024,BOP,0.98,0.5,0.5,1,387,1.074,1212.62,194.1,1,Normal,302.63,1126.07
19/12/2024,Pekoe,0.96,1,0.5,1,162,1.042,1215.07,195.1,1,Normal,303.89,1141.81
20/12/2024,Pekoe,0.94,0.5,0.5,1,885,1.024,1185.07,190.3,1,Normal,305.67,1063.63
20/12/2024,Pekoe,0.88,1,1,1,467,1.047,1185.07,195.3,1,Normal,305.93,1167.35
22/12/2024,Pekoe,0.97,1,0.5,0,2352,0.988,1205.07,200.2,1,Normal,304.8,988.83
22/12/2024,Dust,0.82,1,0.5,1,5840,0.931,1040.52,191.3,1,Normal,304.61,889.79
23/12/2024,Dust1,0.94,0,1,0,5516,0.95,986.74,200.6,1,Normal,302.85,729.37
24/12/2024,Pekoe,0.85,1,0.5,0,4585,0.98,1125.07,191.8,1,Normal,304.93,904.24
24/12/2024,BOP,0.83,0.5,1,0.5,877,1.024,1242.62,195.1,1,Normal,304.26,1106.96
25/12/2024,Fanning1,0.86,1,0.5,0,6546,0.937,1053.74,195.7,1,Normal,303.31,822.25
26/12/2024,BOP,0.84,0.5,0.5,1,717,1.013,1212.62,192.2,1,Normal,304.71,1066.16
26/12/2024,Dust,0.91,0.5,0,0,874,1.015,1030.52,200.6,1,Normal,304.84,780.02
27/12/2024,BOP,0.93,0.5,1,1,5486,0.943,1172.62,202.3,1,Normal,302.48,992.94
27/12/2024,Dust,0.87,0.5,1,1,173,1.077,1010.52,188.1,1,Normal,305.56,995.5
28/12/2024,BOP,0.91,1,1,0.5,3926,0.964,1252.62,194.8,1,Normal,305.33,1087.59
28/12/2024,Dust1,0.93,1,0.5,1,840,1.027,986.74,197.7,1,Normal,304.16,930.73
30/12/2024,Pekoe,0.83,1,1,0,495,1.062,1125.07,199.7,1,Normal,302.77,1037.65
31/12/2024,Fanning1,0.9,0.5,0.5,1,161,1.044,1073.74,186.1,1,Normal,302.98,980.89
01/01/2025,Fanning1,0.92,1,1,1,5098,0.916,1062.19,123.9,1,Peak,306.36,930.1
01/01/2025,BOPF,0.86,1,1,0.5,586,1.001,1172.28,120.7,1,Peak,307.19,1093.12
02/01/2025,Dust,0.88,0.5,1,1,4200,0.965,1011.37,132.9,1,Peak,307.54,879.52
02/01/2025,Dust1,0.83,1,0.5,1,237,1.042,988.28,124.3,1,Peak,308.61,940.91
02/01/2025,Pekoe,0.9,0.5,1,0,6735,0.923,1091.46,123.9,1,Peak,309.25,838.9
03/01/2025,BOPF,0.82,0,1,0,929,1.018,1242.28,128.1,1,Peak,307.13,995.4
03/01/2025,BOP,0.88,1,1,0,7500,0.948,1177.64,116.4,1,Peak,309.54,976.47
03/01/2025,Pekoe,0.89,1,0,0.5,207,1.076,1111.46,134.6,1,Peak,308.59,989.69
04/01/2025,Pekoe,0.85,1,0.5,0.5,490,1.057,1181.46,133,1,Peak,309.26,1078.41
07/01/2025,Dust1,0.95,1,1,0,3758,0.95,998.28,134.4,1,Peak,306.08,835.72
09/01/2025,BOP,0.95,0.5,0.5,1,2981,0.99,1217.64,122.2,1,Peak,308.83,1041.73
09/01/2025,Dust1,0.84,1,0.5,1,7317,0.928,918.28,131.4,1,Peak,308.35,769.35
10/01/2025,BOPF,0.96,0.5,1,0,7182,0.913,1242.28,133.7,1,Peak,309.53,937.36
12/01/2025,Pekoe,0.83,0,1,0.5,4061,0.961,1181.46,128.5,1,Peak,306.17,930.8
12/01/2025,Fanning1,0.89,1,1,1,4510,0.979,1042.19,133.4,1,Peak,306.79,962.39
13/01/2025,BOP,0.9,0.5,0.5,0,3506,0.957,1177.64,127.5,1,Peak,309.33,889
13/01/2025,BOP,0.94,0.5,0.5,0,328,1.049,1227.64,119.7,1,Peak,308.77,1004.35
13/01/2025,BOP,0.87,0.5,1,0,3603,0.953,1227.64,131,1,Peak,307.64,977.72
13/01/2025,Dust1,0.88,0.5,0.5,0,151,1.053,958.28,127.5,1,Peak,308.35,781.98
13/01/2025,Fanning1,0.95,1,0.5,0,6971,0.922,1042.19,129.3,1,Peak,306.55,787.07
14/01/2025,Fanning1,0.97,0.5,1,0,6264,0.917,1062.19,126.7,1,Peak,309.88,811.74
14/01/2025,BOPF,0.9,0.5,0.5,0.5,600,1.024,1212.28,117.9,1,Peak,306.76,1033.35
14/01/2025,Pekoe,0.87,1,0,0,3332,0.976,1091.46,124.3,1,Peak,307.98,843.41
15/01/2025,Dust1,0.92,1,0.5,0.5,478,1.048,918.28,128.9,1,Peak,307.43,829.69
15/01/2025,Pekoe,0.91,0.5,1,1,1581,0.994,1131.46,123.8,1,Peak,309.39,1018.94
15/01/2025,Dust,0.97,1,0.5,0.5,903,1.009,961.37,118.5,1,Peak,307.48,836.72
16/01/2025,Fanning1,0.96,0.5,1,1,3392,0.971,1062.19,125.5,1,Peak,308.4,935.9
16/01/2025,Fanning1,0.91,0.5,1,1,626,1.026,1092.19,115.9,1,Peak,309.54,1011.55
17/01/2025,Pekoe,0.92,1,1,0,4021,0.955,1171.46,124.4,1,Peak,307.5,980.23
17/01/2025,Dust,0.91,0.5,0.5,0,4832,0.976,1001.37,124.9,1,Peak,306.87,766.44
17/01/2025,Dust,0.86,1,0.5,0.5,327,1.053,1011.37,118.1,1,Peak,307.35,925.91
17/01/2025,Dust1,0.87,1,1,1,1155,0.997,988.28,122.4,1,Peak,308.19,933.87
17/01/2025,BOP,0.83,1,1,1,1512,0.984,1207.64,119.6,1,Peak,309.99,1141.09
19/01/2025,Dust,0.82,1,0.5,0.5,307,1.054,1011.37,129.8,1,Peak,309.96,937.86
19/01/2025,Pekoe,0.94,1,0.5,0,2479,0.996,1131.46,119.6,1,Peak,309.38,944.86
20/01/2025,Dust1,0.89,1,1,0,4511,0.974,1008.28,123.4,1,Peak,307.42,853.16
20/01/2025,Pekoe,0.91,1,1,1,7327,0.946,1161.46,130.1,1,Peak,309.47,1042.15
21/01/2025,Fanning1,0.88,1,1,0.5,427,1.064,1042.19,122.8,1,Peak,306.13,1011.66
21/01/2025,BOP,0.97,1,1,0.5,1143,0.99,1157.64,118.7,1,Peak,307.31,1044.49
21/01/2025,BOPF,0.91,1,1,1,3634,0.955,1242.28,134.8,1,Peak,309.76,1166.14
21/01/2025,Dust,0.85,0,1,0.5,6347,0.944,1001.37,128.7,1,Peak,307.85,773.12
22/01/2025,Dust1,0.88,0.5,0.5,0.5,4740,0.957,988.28,127.9,1,Peak,308.93,794.48
22/01/2025,Fanning1,0.84,0.5,1,1,240,1.065,1102.19,118.7,1,Peak,309.61,1070.03
23/01/2025,BOP,0.98,1,1,0.5,5849,0.902,1137.64,130.2,1,Peak,306.29,942.92
24/01/2025,Pekoe,0.88,1,1,0.5,3279,0.965,1091.46,122.6,1,Peak,306.33,966.02
24/01/2025,Dust1,0.95,0.5,1,1,5508,0.937,938.28,123.8,1,Peak,306.31,806.95
24/01/2025,Dust,0.85,0.5,0.5,0,7600,0.932,1021.37,118.1,1,Peak,308.64,753.57
24/01/2025,Fanning1,0.82,0.5,0.5,1,291,1.051,1022.19,123.9,1,Peak,307.35,939.02
25/01/2025,BOP,0.95,0.5,1,1,2049,0.991,1157.64,119.4,1,Peak,308.5,1045.66
25/01/2025,BOPF,0.85,1,1,0.5,3797,0.957,1252.28,123.6,1,Peak,309.26,1123.29
25/01/2025,BOPF,0.89,0.5,1,1,774,1.008,1172.28,116.3,1,Peak,308.4,1116.09
27/01/2025,Pekoe,0.84,1,0.5,0,262,1.047,1161.46,128.6,1,Peak,309.65,1008.4
27/01/2025,Fanning1,0.91,0,1,0,3632,0.973,1092.19,129.8,1,Peak,306.32,835.75
27/01/2025,Dust1,0.85,1,0,0,2796,0.986,1008.28,119,1,Peak,309.04,794.79
27/01/2025,Dust,0.94,1,0.5,0.5,605,1.024,1021.37,128,1,Peak,308.88,908.31
27/01/2025,Dust1,0.92,1,1,1,824,1.003,988.28,121.4,1,Peak,308.2,939.12
27/01/2025,Dust1,0.94,1,0.5,1,2240,0.992,998.28,125.1,1,Peak,306.81,903.43
28/01/2025,Dust,0.88,1,1,0,4557,0.951,1001.37,134,1,Peak,307.71,837.92
28/01/2025,Fanning1,0.84,0.5,1,0.5,7302,0.924,1062.19,121,1,Peak,306.55,846.32
29/01/2025,BOP,0.96,0.5,1,0.5,4987,0.965,1217.64,118.8,1,Peak,309.95,1031.36
29/01/2025,BOP,0.88,1,1,0.5,2870,0.99,1197.64,134.8,1,Peak,308.54,1071.29
30/01/2025,Dust1,0.94,1,1,0.5,861,1.008,978.28,122.7,1,Peak,309.78,893.08
30/01/2025,Pekoe,0.95,1,0.5,0,7892,0.949,1091.46,126.6,1,Peak,308.07,856.14
31/01/2025,Dust,0.93,1,0.5,0.5,400,1.035,1011.37,131.6,1,Peak,309.11,903.19
31/01/2025,Pekoe,0.88,1,0,0.5,4584,0.966,1171.46,130,1,Peak,307.15,930.12
31/01/2025,BOPF,0.85,1,0,0.5,390,1.067,1262.28,118.7,1,Peak,309.04,1126.44
01/02/2025,Pekoe,0.97,1,0.5,1,250,1.047,1161.46,93.2,1,Peak,306.94,1115.94
02/02/2025,Dust,0.94,1,0.5,1,4621,0.968,1031.37,85.2,1,Peak,307.06,917.21
03/02/2025,Dust,0.88,0.5,0,1,284,1.079,1031.37,97.1,1,Peak,307.32,920.6
03/02/2025,Pekoe,0.95,0,1,1,2947,0.989,1171.46,99,1,Peak,308.64,1006.92
04/02/2025,Pekoe,0.97,0.5,1,0.5,4506,0.957,1151.46,88.8,1,Peak,307.6,949.83
04/02/2025,Dust1,0.98,0.5,0,0,650,1.026,988.28,93.6,1,Peak,309.14,745.65
04/02/2025,BOP,0.87,0.5,0.5,0.5,4955,0.97,1157.64,95,1,Peak,306.97,940.85
05/02/2025,BOP,0.89,0.5,1,0.5,1574,0.993,1217.64,99,1,Peak,306.49,1053.15
05/02/2025,BOP,0.95,1,1,0,2230,0.988,1217.64,99.5,1,Peak,308.97,1051.52
05/02/2025,Dust1,0.95,1,1,1,545,1.022,918.28,100.7,1,Peak,308.29,890.64
05/02/2025,Pekoe,0.82,1,0.5,0.5,663,1.016,1161.46,92.6,1,Peak,308.36,1014.58
06/02/2025,Dust,0.84,0,0.5,0.5,733,1.022,1031.37,102,1,Peak,309.21,833.34
06/02/2025,Pekoe,0.84,0,0.5,0.5,4013,0.952,1181.46,91.2,1,Peak,307.33,879.31
07/02/2025,BOPF,0.93,1,0.5,1,872,1.03,1242.28,99.7,1,Peak,307.57,1201.47
07/02/2025,Dust1,0.88,1,1,0,199,1.037,1008.28,92,1,Peak,309.17,900.32
07/02/2025,Dust,0.89,1,1,0,649,1.024,961.37,103.7,1,Peak,308.94,861.95
10/02/2025,Pekoe,0.95,0.5,1,0.5,447,1.048,1151.46,96.5,1,Peak,306.72,1061.03
10/02/2025,Fanning1,0.89,1,0.5,1,1493,0.994,1042.19,98,1,Peak,308.61,949.49
10/02/2025,Pekoe,0.83,1,0.5,0.5,240,1.036,1091.46,100.9,1,Peak,306.49,994.75
11/02/2025,Fanning1,0.91,1,1,0,3370,0.98,1102.19,89.5,1,Peak,307.73,931.19
11/02/2025,Fanning1,0.85,0.5,1,0,374,1.056,1092.19,86.3,1,Peak,308.16,960.7
11/02/2025,BOPF,0.97,0.5,1,0,1010,0.982,1192.28,100.1,1,Peak,308.3,961.79
11/02/2025,BOP,0.83,1,1,0,716,1.009,1207.64,90.1,1,Peak,309.62,1061.64
11/02/2025,Dust1,0.93,1,0,0.5,410,1.063,918.28,87.8,1,Peak,306.95,804.03
12/02/2025,BOPF,0.92,1,1,1,1864,0.985,1252.28,101.7,1,Peak,309.61,1202.47
12/02/2025,Dust1,0.97,1,1,0,637,1.021,988.28,90.1,1,Peak,308.63,882.32
13/02/2025,BOPF,0.87,0.5,1,0,226,1.064,1232.28,93.4,1,Peak,306.26,1084.33
13/02/2025,Dust,0.84,0.5,1,1,293,1.039,1021.37,91.7,1,Peak,309.5,975.85
13/02/2025,Dust,0.93,0.5,0.5,0,3349,0.955,1031.37,86.9,1,Peak,308.97,777.78
15/02/2025,Dust1,0.9,1,1,0,3258,0.967,958.28,96.9,1,Peak,306.21,818.71
15/02/2025,BOPF,0.93,1,1,0.5,1959,0.999,1242.28,99.2,1,Peak,309.77,1175.2
17/02/2025,BOP,0.97,1,1,1,424,1.038,1137.64,91.1,1,Peak,306.34,1136.74
17/02/2025,BOP,0.97,1,0.5,0,7806,0.935,1197.64,101.2,1,Peak,306.06,935.55
18/02/2025,Dust1,0.93,0.5,1,0,7163,0.902,978.28,85.1,1,Peak,309.86,741.38
18/02/2025,BOPF,0.85,1,1,0.5,2014,0.999,1212.28,95.5,1,Peak,309.66,1139.21
18/02/2025,BOP,0.87,1,1,1,2164,0.999,1217.64,100.3,1,Peak,308.06,1171.65
18/02/2025,Dust1,0.83,1,1,0.5,554,1.012,918.28,102.8,1,Peak,306.41,837.99
19/02/2025,BOPF,0.89,0,1,0,1963,0.987,1192.28,95.3,1,Peak,308.15,938.25
20/02/2025,Dust1,0.85,1,1,0.5,463,1.037,978.28,98.1,1,Peak,308.98,918.19
20/02/2025,Dust1,0.97,0,1,0.5,753,1.01,1008.28,89,1,Peak,309.12,849.52
20/02/2025,Dust1,0.84,0,0.5,1,676,1.002,1008.28,99.8,1,Peak,307.37,843.99
20/02/2025,Dust,0.87,1,1,0,2047,0.995,1031.37,93.7,1,Peak,307.05,898.34
21/02/2025,Dust1,0.93,0.5,0.5,0,592,1.007,938.28,93.6,1,Peak,307.61,736.18
21/02/2025,BOP,0.92,1,1,0.5,656,1.01,1197.64,87.9,1,Peak,306.25,1092.84
23/02/2025,Dust,0.86,1,1,0.5,1083,0.984,1001.37,87.2,1,Peak,307.12,897.88
24/02/2025,Dust1,0.88,1,1,1,2577,0.987,1008.28,90,1,Peak,307.45,951.01
24/02/2025,Pekoe,0.86,1,1,1,166,1.059,1171.46,92.4,1,Peak,309.27,1182.18
24/02/2025,Fanning1,0.92,1,1,1,869,1.013,1102.19,87,1,Peak,307.01,1074.16
24/02/2025,Dust,0.96,1,0.5,0.5,134,1.038,981.37,103.1,1,Peak,308.79,875.81
25/02/2025,Pekoe,0.85,0.5,1,0,6793,0.919,1181.46,96.3,1,Peak,307.56,893.69
25/02/2025,Fanning1,0.85,0.5,0.5,0,2449,0.986,1042.19,85.1,1,Peak,307.19,799.65
25/02/2025,Fanning1,0.86,1,1,0.5,638,1.03,1042.19,89.5,1,Peak,308.14,974.55
26/02/2025,Dust,0.87,0,0.5,0.5,1836,0.986,941.37,97.1,1,Peak,308.5,727.01
26/02/2025,Dust,0.85,0,0.5,0,2527,0.997,1021.37,99.6,1,Peak,308.42,757.87
27/02/2025,BOPF,0.91,0.5,0.5,1,2494,0.983,1232.28,91.5,1,Peak,306.37,1046.41
27/02/2025,BOPF,0.91,0,1,0.5,4812,0.971,1192.28,102.2,1,Peak,306.28,952.36
27/02/2025,Dust1,0.84,1,0.5,1,408,1.071,1008.28,103.2,1,Peak,309.32,977.93
27/02/2025,Dust,0.84,0.5,1,1,154,1.04,1001.37,100.4,1,Peak,309.04,958.91
27/02/2025,Dust1,0.84,1,0.5,0,378,1.057,918.28,91.1,1,Peak,308.05,797.08
28/02/2025,BOP,0.86,1,1,0.5,215,1.055,1137.64,103.2,1,Peak,306.9,1090.59
28/02/2025,Dust,0.84,0,0,1,1364,0.992,1021.37,86.5,1,Peak,307.7,803.19
01/03/2025,Dust,0.88,1,0,0,288,1.069,1031.37,147.5,1,Normal,309.73,867.33
02/03/2025,Dust1,0.89,0.5,0,1,1875,0.983,958.28,141.4,1,Normal,309.98,774.02
03/03/2025,Dust1,0.9,0,0.5,0,570,1.011,988.28,141.4,1,Normal,307.99,742.45
03/03/2025,Dust1,0.83,0.5,0.5,0,2439,0.98,1008.28,151.4,1,Normal,306.07,785.24
03/03/2025,BOP,0.97,0.5,0,1,4710,0.957,1227.64,153.4,1,Normal,306.9,961.08
04/03/2025,BOPF,0.88,1,0,0.5,127,1.054,1242.28,148.9,1,Normal,309.48,1076
04/03/2025,BOP,0.82,0,0.5,1,1286,0.989,1217.64,136.6,1,Normal,307.35,999.47
04/03/2025,BOPF,0.83,0.5,0.5,1,3811,0.967,1262.28,140.7,1,Normal,307.03,1053.15
05/03/2025,BOPF,0.86,1,0.5,1,608,1.012,1262.28,139.5,1,Normal,308.98,1203.58
06/03/2025,Dust1,0.9,0.5,0.5,0.5,3760,0.956,918.28,151.3,1,Normal,306.42,730.66
06/03/2025,BOPF,0.87,0.5,1,0,5768,0.91,1172.28,141.7,1,Normal,306.96,881.11
07/03/2025,Dust1,0.83,0.5,0,1,6630,0.91,1008.28,135.9,1,Normal,307.56,747.76
10/03/2025,Dust,0.89,0.5,1,1,6953,0.943,941.37,148.5,1,Normal,307.16,805.34
10/03/2025,BOP,0.97,1,1,0,5659,0.926,1217.64,152.7,1,Normal,308.43,983.77
11/03/2025,BOPF,0.87,0.5,0,0.5,4585,0.957,1242.28,143.9,1,Normal,308.43,934.42
11/03/2025,BOP,0.95,1,0,0,4021,0.959,1177.64,154.9,1,Normal,306.65,881.4
11/03/2025,BOPF,0.93,0.5,0,0.5,490,1.079,1232.28,136.8,1,Normal,306.16,1039.82
12/03/2025,Pekoe,0.84,0.5,0,0.5,3846,0.958,1171.46,152.1,1,Normal,306.17,869.53
13/03/2025,Pekoe,0.95,1,0,0.5,581,1.012,1151.46,150.8,1,Normal,308.68,960.21
14/03/2025,Dust1,0.84,1,1,0.5,493,1.046,988.28,145.7,1,Normal,307.95,938.91
14/03/2025,BOP,0.91,0,1,1,263,1.077,1177.64,140.6,1,Normal,309.16,1093.73
14/03/2025,BOP,0.97,0.5,1,0,3141,0.952,1227.64,139.2,1,Normal,308.85,966.42
15/03/2025,Dust,0.85,1,0,0.5,993,1.01,1001.37,148.4,1,Normal,307.93,841.87
17/03/2025,Dust1,0.88,0.5,0.5,1,387,1.066,988.28,154.3,1,Normal,308.47,924.71
17/03/2025,Pekoe,0.95,0.5,1,0.5,3648,0.958,1171.46,153.8,1,Normal,306.01,980.45
19/03/2025,Dust1,0.92,0.5,1,0,5680,0.919,958.28,137.5,1,Normal,306.84,730.32
19/03/2025,Dust,0.95,1,0,0,4328,0.962,981.37,154.1,1,Normal,309.31,751.28
19/03/2025,BOPF,0.89,0.5,0.5,1,3583,0.969,1252.28,141.7,1,Normal,308.48,1061.58
20/03/2025,BOP,0.83,1,0,1,354,1.062,1207.64,154.9,1,Normal,308.32,1105.23
20/03/2025,BOPF,0.94,0.5,1,0.5,4625,0.977,1252.28,143.4,1,Normal,308.82,1049.7
20/03/2025,BOPF,0.9,1,0.5,0.5,312,1.031,1192.28,142.5,1,Normal,309.16,1066.75
21/03/2025,Dust,0.87,0,0,1,3394,0.975,1031.37,149.8,1,Normal,309.73,798.32
21/03/2025,Pekoe,0.85,0,0.5,0.5,5517,0.906,1161.46,142.8,1,Normal,309.14,828.29
22/03/2025,Fanning1,0.85,0.5,1,1,505,1.001,1102.19,140.2,1,Normal,308.17,1005
24/03/2025,Pekoe,0.84,0.5,0.5,0.5,2336,0.984,1181.46,135.5,1,Normal,306.98,966.66
24/03/2025,Pekoe,0.83,1,1,1,3211,0.978,1091.46,150.4,1,Normal,306.43,1023
24/03/2025,Dust1,0.96,0,1,1,3847,0.979,918.28,136.9,1,Normal,306.84,788.27
26/03/2025,Dust1,0.95,1,1,1,437,1.079,958.28,147.7,1,Normal,307.94,983.66
26/03/2025,Pekoe,0.86,1,0.5,0,765,1.026,1091.46,138.2,1,Normal,309.59,914.5
26/03/2025,Pekoe,0.97,1,0.5,1,4335,0.972,1151.46,136.7,1,Normal,307.74,1028.34
26/03/2025,BOPF,0.93,0,1,0.5,2624,0.983,1192.28,140,1,Normal,309.82,976.76
26/03/2025,Pekoe,0.86,0.5,1,0.5,319,1.052,1091.46,143.5,1,Normal,309.83,993.22
27/03/2025,Pekoe,0.97,0.5,0.5,1,1660,0.985,1111.46,147.1,1,Normal,308.63,955.43
28/03/2025,Dust,0.93,0.5,1,0,4150,0.959,961.37,137.4,1,Normal,308.11,754.36
28/03/2025,Pekoe,0.83,0,0.5,0.5,262,1.07,1151.46,147.2,1,Normal,306.19,955.65
28/03/2025,Fanning1,0.87,0.5,0.5,0.5,109,1.076,1062.19,144.1,1,Normal,306.52,932.61
28/03/2025,Fanning1,0.83,0.5,1,1,1616,0.988,1092.19,145.7,1,Normal,309.1,969.59
29/03/2025,Dust1,0.9,0.5,0,0.5,416,1.037,958.28,141,1,Normal,309.45,772.56
29/03/2025,Pekoe,0.96,0.5,0,1,452,1.032,1131.46,136.8,1,Normal,306.3,966.11
29/03/2025,Dust,0.93,0,0.5,1,3303,0.969,1021.37,151.2,1,Normal,306.49,818.62
29/03/2025,Dust,0.87,0.5,1,0.5,6445,0.942,961.37,148.2,1,Normal,308.64,778.27
31/03/2025,Dust1,0.83,1,1,0.5,5854,0.938,988.28,136.6,1,Normal,309.43,838.35
01/04/2025,BOPF,0.96,1,1,0.5,7541,0.91,1232.28,229.1,1,Normal,306.75,1040.88
02/04/2025,Fanning1,0.92,1,0,0,623,1.008,1082.19,226.1,1,Normal,308.65,849.04
02/04/2025,BOP,0.88,1,0.5,0.5,1108,0.982,1217.64,238.5,1,Normal,307.53,1030.13
03/04/2025,BOPF,0.92,0.5,0.5,0.5,155,1.041,1172.28,223.8,1,Normal,309.58,1001.06
04/04/2025,Dust,0.86,0.5,0.5,0.5,1450,0.99,961.37,230.6,1,Normal,309.14,780.01
04/04/2025,Pekoe,0.82,1,0,0,878,1.005,1171.46,231.9,1,Normal,306.28,931.29
04/04/2025,BOP,0.93,0.5,1,0.5,5039,0.918,1197.64,222.8,1,Normal,308.33,946.6
06/04/2025,BOP,0.91,0,0,0,357,1.045,1217.64,222.2,1,Normal,307.34,887.5
07/04/2025,Pekoe,0.9,0.5,1,0.5,7121,0.924,1131.46,230.9,1,Normal,308.74,895.53
08/04/2025,BOPF,0.93,1,0.5,1,2425,0.984,1172.28,239.6,1,Normal,306.78,1083.91
08/04/2025,Pekoe,0.93,0,0.5,0,2864,0.988,1151.46,239.3,1,Normal,309.78,836.04
08/04/2025,Pekoe,0.87,0.5,0.5,0.5,2623,0.982,1091.46,231.6,1,Normal,308,884.24
10/04/2025,Dust,0.92,0.5,0.5,0.5,133,1.041,1031.37,223,1,Normal,308.37,880.28
10/04/2025,Pekoe,0.95,1,1,0.5,840,1.029,1171.46,228.6,1,Normal,307.08,1088.61
10/04/2025,BOP,0.87,1,0,1,447,1.075,1177.64,231.7,1,Normal,308.39,1094.74
11/04/2025,Fanning1,0.84,0.5,1,0.5,1616,0.991,1102.19,237.5,1,Normal,307.84,953.25
11/04/2025,BOP,0.84,0.5,0.5,0,3725,0.963,1197.64,236.7,1,Normal,307.85,892.89
13/04/2025,BOP,0.94,0.5,0.5,1,7543,0.945,1177.64,235.3,1,Normal,306.21,956.37
16/04/2025,Dust1,0.95,0,0.5,1,143,1.047,918.28,233.4,1,Normal,309.29,797.92
17/04/2025,BOP,0.94,0.5,0.5,1,3295,0.954,1217.64,237.3,1,Normal,308.56,1009.4
17/04/2025,BOP,0.95,0.5,1,1,5495,0.905,1157.64,234.4,1,Normal,306.41,950.71
18/04/2025,BOP,0.87,0.5,1,1,4254,0.976,1207.64,227.8,1,Normal,306.49,1058.18
18/04/2025,Pekoe,0.93,1,0.5,0,202,1.078,1151.46,222.8,1,Normal,307.47,1020.92
20/04/2025,Dust1,0.89,0.5,1,0.5,1797,0.981,998.28,236,1,Normal,309.57,838.03
21/04/2025,BOPF,0.89,0.5,1,1,756,1.01,1252.28,238.1,1,Normal,308.1,1176.37
21/04/2025,Pekoe,0.94,0.5,0.5,1,4348,0.952,1181.46,223,1,Normal,308.58,974.15
21/04/2025,Fanning1,0.93,0.5,0.5,0.5,1663,0.992,1112.19,233.2,1,Normal,307.62,917.57
22/04/2025,BOP,0.93,0.5,0.5,0.5,618,1.003,1157.64,223.2,1,Normal,308.91,969.48
22/04/2025,BOP,0.92,1,0,1,326,1.076,1177.64,238.4,1,Normal,306.43,1089.57
23/04/2025,Fanning1,0.85,1,0.5,0.5,6777,0.94,1042.19,232.7,1,Normal,306.34,859.62
24/04/2025,BOP,0.95,0,0.5,0.5,779,1.02,1217.64,221.9,1,Normal,308.57,981.62
24/04/2025,Dust1,0.9,0.5,0,1,134,1.058,938.28,231.4,1,Normal,309.13,810.04
25/04/2025,Fanning1,0.91,1,0,0.5,699,1.029,1022.19,224.6,1,Normal,308.14,867.91
25/04/2025,Dust,0.88,1,0.5,1,398,1.032,1001.37,232.2,1,Normal,307.04,944.49
25/04/2025,Fanning1,0.95,0.5,0.5,1,7309,0.935,1112.19,222.8,1,Normal,309.23,891.07
26/04/2025,Pekoe,0.92,1,0.5,1,3213,0.965,1171.46,228.3,1,Normal,307.4,1033.97
26/04/2025,BOPF,0.82,1,0.5,1,373,1.058,1172.28,237.5,1,Normal,307.55,1150.88
30/04/2025,Fanning1,0.84,0.5,0,0.5,599,1.007,1092.19,234,1,Normal,306.04,867.45
01/05/2025,Fanning1,0.91,0,1,0,916,1.013,1062.19,255.4,1,Normal,306.17,846.48
02/05/2025,Dust,0.84,0.5,0.5,0,539,1.015,1021.37,227.2,1,Normal,309.25,821.69
03/05/2025,Dust,0.97,0.5,1,0,6306,0.925,941.37,237.2,1,Normal,307.39,729.32
05/05/2025,BOP,0.85,1,0,1,2132,0.994,1227.64,239.3,1,Normal,306.57,1064.16
05/05/2025,Dust1,0.97,1,0,0.5,242,1.044,988.28,247.5,1,Normal,307.54,847.54
07/05/2025,BOPF,0.85,1,0.5,1,438,1.076,1262.28,237.2,1,Normal,309.57,1281.53
08/05/2025,Fanning1,0.85,1,0.5,0,322,1.07,1092.19,255.5,1,Normal,307.55,969.46
08/05/2025,Fanning1,0.89,0.5,0.5,0,583,1.004,1022.19,257.9,1,Normal,307.12,798.99
09/05/2025,Fanning1,0.87,0.5,1,0.5,7674,0.901,1062.19,264.9,1,Normal,308.27,823.3
12/05/2025,Dust1,0.82,1,1,0.5,4139,0.952,918.28,223.9,1,Normal,307.11,789.72
12/05/2025,BOPF,0.86,0.5,1,0.5,5601,0.933,1192.28,218.2,1,Normal,306.46,967.38
13/05/2025,Fanning1,0.87,0.5,1,0,1527,0.991,1022.19,258,1,Normal,308.4,825.35
13/05/2025,Fanning1,0.83,1,0.5,0,536,1.001,1092.19,237.2,1,Normal,309.15,899.47
13/05/2025,Dust1,0.97,1,1,0.5,122,1.035,938.28,247.6,1,Normal,309.23,889.41
13/05/2025,Fanning1,0.93,0,0.5,0,116,1.078,1042.19,240.4,1,Normal,308.26,837.56
13/05/2025,Fanning1,0.94,0,0.5,1,4074,0.96,1042.19,251.7,1,Normal,309.34,818.73
13/05/2025,Dust,0.86,0.5,0,0,2500,0.982,1011.37,227.2,1,Normal,308.02,741
14/05/2025,Dust1,0.95,1,0,1,6669,0.933,988.28,245.3,1,Normal,307.04,794.64
16/05/2025,Dust1,0.9,1,0.5,1,192,1.051,1008.28,219.1,1,Normal,308.22,969.47
16/05/2025,BOP,0.95,1,1,1,4084,0.961,1197.64,221.3,1,Normal,308.79,1087.71
17/05/2025,Dust,0.91,0.5,0,1,3726,0.969,1021.37,231.8,1,Normal,309.34,815.77
19/05/2025,BOPF,0.94,0.5,0,0,7431,0.918,1252.28,221.7,1,Normal,307.81,845.12
19/05/2025,Dust,0.97,1,1,0.5,7151,0.925,1001.37,251.1,1,Normal,307.14,847.83
19/05/2025,BOP,0.95,0.5,0,1,1569,0.982,1177.64,262.7,1,Normal,306.66,953.38
20/05/2025,BOPF,0.87,0,0,1,841,1.017,1242.28,226.2,1,Normal,309.02,998.05
21/05/2025,Fanning1,0.91,1,0.5,1,4928,0.972,1092.19,263,1,Normal,306.5,974.3
21/05/2025,BOP,0.89,0.5,1,1,242,1.067,1157.64,250.8,1,Normal,308.91,1122.28
22/05/2025,Pekoe,0.94,0.5,1,0,261,1.077,1181.46,228.8,1,Normal,308.09,1050.26
25/05/2025,Pekoe,0.83,0.5,1,1,692,1.008,1111.46,256.9,1,Normal,307.94,1017.06
26/05/2025,Pekoe,0.96,0,0,0,7009,0.931,1171.46,221.6,1,Normal,306.71,757.34
26/05/2025,Fanning1,0.86,0.5,0.5,1,4792,0.965,1102.19,234,1,Normal,307.57,920.94
27/05/2025,BOP,0.97,0,0.5,0.5,328,1.039,1177.64,219.8,1,Normal,308.64,955.78
27/05/2025,Dust1,0.95,0,0.5,0,514,1.027,1008.28,221.4,1,Normal,307.64,763.84
29/05/2025,Dust1,0.88,0.5,0.5,1,237,1.045,978.28,248.7,1,Normal,306.89,888.12
30/05/2025,BOP,0.97,0.5,0.5,0,4479,0.953,1217.64,254,1,Normal,307.33,914.94
02/06/2025,BOP,0.9,0.5,1,1,2760,0.996,1177.64,188.2,1,Off,307.33,1066.81
02/06/2025,BOP,0.96,0,0.5,0,1993,0.986,1157.64,232,1,Off,308.53,832.45
02/06/2025,Dust1,0.92,1,0,0.5,4033,0.951,998.28,222.5,1,Off,309.32,771.99
04/06/2025,Dust1,0.85,0.5,0.5,0.5,2522,0.989,918.28,221.8,1,Off,307.06,746.2
04/06/2025,BOP,0.86,0.5,0.5,0.5,459,1.08,1217.64,199.6,1,Off,307.57,1081.38
04/06/2025,BOPF,0.91,1,0,0.5,2153,0.987,1262.28,190.4,1,Off,308.52,1024.22
06/06/2025,Dust1,0.91,1,0.5,0.5,367,1.068,958.28,195.4,1,Off,307.65,892.72
06/06/2025,Pekoe,0.91,0.5,1,0,7001,0.925,1171.46,186.8,1,Off,306.94,890.15
08/06/2025,Pekoe,0.98,1,1,0,692,1.016,1091.46,212.7,1,Off,306.66,968.45
09/06/2025,Dust1,0.9,0.5,0.5,1,483,1.045,978.28,187,1,Off,309.98,892.51
10/06/2025,Dust,0.92,0.5,0.5,1,2402,0.99,981.37,198.6,1,Off,307.89,834.79
11/06/2025,BOPF,0.85,0,0.5,0.5,313,1.046,1192.28,222.3,1,Off,306.8,970.69
11/06/2025,Fanning1,0.89,1,0.5,0,2287,0.986,1112.19,189.7,1,Off,307.7,898.43
13/06/2025,Dust,0.91,0.5,0.5,0,552,1.008,941.37,223.3,1,Off,306.51,743.8
16/06/2025,Fanning1,0.94,0.5,0.5,0,842,1,1042.19,204.1,1,Off,309.96,819.89
17/06/2025,BOPF,0.9,1,1,1,3900,0.96,1242.28,192.3,1,Off,309.04,1159.93
17/06/2025,Pekoe,0.9,0.5,0.5,0,952,1.028,1181.46,223.7,1,Off,307.11,945.64
17/06/2025,Pekoe,0.95,0.5,0.5,0.5,3051,0.973,1131.46,207.1,1,Off,308.91,905.94
19/06/2025,BOPF,0.88,1,0,1,200,1.059,1212.28,234.9,1,Off,306.38,1102.72
20/06/2025,Fanning1,0.86,0.5,0.5,0.5,122,1.079,1112.19,231.1,1,Off,306.12,985.71
24/06/2025,Dust1,0.9,0.5,0,0,519,1.021,938.28,215.4,1,Off,309.48,705.21
25/06/2025,BOP,0.89,0,0.5,0,242,1.047,1217.64,227.3,1,Off,309.39,946.06
25/06/2025,Fanning1,0.94,0.5,1,0,306,1.033,1112.19,230.3,1,Off,309.05,938.29
26/06/2025,BOP,0.86,1,0.5,1,2724,0.985,1177.64,193.6,1,Off,306.47,1058.55
27/06/2025,Dust1,0.83,0,1,1,662,1.024,938.28,189.3,1,Off,308.55,838.55
27/06/2025,Dust,0.95,0.5,0,1,482,1.049,981.37,232.2,1,Off,306.71,840.93
27/06/2025,BOPF,0.86,1,0,0.5,1541,0.992,1212.28,196.3,1,Off,309.09,996.16
30/06/2025,BOPF,0.83,0,0.5,0,2438,0.984,1252.28,219.4,1,Off,309.87,916.48
01/07/2025,Fanning1,0.94,0.5,0.5,1,4292,0.954,1060.64,158.4,1,Off,309.29,878.1
01/07/2025,Dust,0.93,0.5,0,1,181,1.039,952.22,190.1,1,Off,309.23,806.02
02/07/2025,Fanning1,0.89,0.5,0.5,0.5,1498,0.992,1050.64,146.1,1,Off,310.71,867.81
03/07/2025,Fanning1,0.84,0.5,0.5,0,803,1.028,1060.64,188.9,1,Off,311.86,844.58
04/07/2025,BOPF,0.84,0.5,0,1,3289,0.962,1196.27,193.6,1,Off,308,954.24
06/07/2025,BOP,0.85,0,0.5,0,225,1.054,1142.66,160.1,1,Off,308.4,887.13
07/07/2025,Dust1,0.93,0,0,1,4562,0.973,929.81,155.6,1,Off,311.28,704.94
08/07/2025,BOP,0.88,0.5,0,1,2246,0.987,1172.66,164.7,1,Off,311.29,958.2
10/07/2025,Pekoe,0.86,0.5,1,0.5,547,1.013,1097.85,190.7,1,Off,309.24,960.32
11/07/2025,Dust1,0.85,0.5,0.5,1,338,1.063,949.81,158.1,1,Off,311.21,866.74
11/07/2025,Dust1,0.93,1,0.5,0,3111,0.958,969.81,173.7,1,Off,308.46,773.92
12/07/2025,Dust1,0.93,0,0,1,191,1.038,929.81,170.1,1,Off,311.79,747.63
14/07/2025,Fanning1,0.94,0.5,1,0.5,2777,0.981,1060.64,170.7,1,Off,310.75,894.42
14/07/2025,BOP,0.91,1,0.5,1,5145,0.906,1182.66,159.8,1,Off,308.15,964.11
19/07/2025,BOP,0.84,1,0.5,0.5,997,1.028,1192.66,149.2,1,Off,311.73,1061.22
20/07/2025,Dust,0.88,1,0,0,2049,0.999,992.22,147,1,Off,309.21,765.44
21/07/2025,Pekoe,0.92,0,0,0.5,1392,0.992,1127.85,182.3,1,Off,311.42,833.57
22/07/2025,Dust1,0.85,0,0.5,0,498,1.06,909.81,163.7,1,Off,310.71,710.05
22/07/2025,Dust1,0.93,0.5,0.5,0,1453,0.984,959.81,145.9,1,Off,309.15,745.64
22/07/2025,Pekoe,0.92,0.5,0.5,0,3654,0.955,1147.85,174.4,1,Off,310.97,859.34
23/07/2025,Dust,0.88,0.5,0.5,1,749,1.022,982.22,178.6,1,Off,309.48,862.6
23/07/2025,BOP,0.84,0.5,0.5,0,6162,0.937,1122.66,178.7,1,Off,309.5,818.31
26/07/2025,BOP,0.84,0.5,0,0,6642,0.92,1192.66,192.4,1,Off,308.87,806.52
27/07/2025,Pekoe,0.84,0,0,0,757,1.026,1117.85,183.5,1,Off,311.03,809.17
28/07/2025,BOPF,0.88,1,0,0.5,4858,0.967,1196.27,152.8,1,Off,311.9,954.67
28/07/2025,BOPF,0.92,0.5,1,0,6331,0.912,1206.27,175.9,1,Off,310.5,916.24
31/07/2025,Fanning1,0.96,0.5,0.5,1,734,1.014,1070.64,146.1,1,Off,311.69,932.7
01/08/2025,BOPF,0.91,1,0.5,0.5,6889,0.932,1226.27,167.9,1,Peak,310.42,1005.27
03/08/2025,Dust1,0.94,1,0.5,0,4064,0.952,949.81,153.2,1,Peak,311.83,751.7
05/08/2025,Fanning1,0.92,1,1,0.5,471,1.048,1070.64,164.3,1,Peak,311.71,1023.2
05/08/2025,BOP,0.84,1,0.5,1,1750,0.983,1122.66,165.7,1,Peak,311.18,996.83
05/08/2025,BOP,0.89,0.5,0.5,0.5,3910,0.971,1172.66,162.8,1,Peak,309.1,934.56
06/08/2025,BOP,0.86,1,1,0.5,2466,0.99,1162.66,160.4,1,Peak,310.69,1056.58
07/08/2025,Fanning1,0.87,1,0.5,1,208,1.043,1070.64,152.6,1,Peak,310.03,1020.37
07/08/2025,BOPF,0.98,0.5,0.5,0,767,1.026,1196.27,159.5,1,Peak,308.7,956.1
08/08/2025,Dust,0.86,1,1,0,873,1.011,972.22,168.9,1,Peak,310.28,844.45
08/08/2025,Fanning1,0.96,0.5,1,1,6349,0.903,1060.64,164.9,1,Peak,311.85,876.16
08/08/2025,BOP,0.89,1,1,0,853,1.021,1162.66,151.6,1,Peak,308.71,1029.05
08/08/2025,Pekoe,0.85,0.5,1,1,655,1.018,1127.85,155.5,1,Peak,309.91,1055.68
09/08/2025,Pekoe,0.83,1,1,0.5,5880,0.924,1127.85,151,1,Peak,308.04,960.94
10/08/2025,Dust1,0.94,1,0.5,0,6667,0.914,969.81,164.4,1,Peak,308.71,735.04
10/08/2025,Dust,0.86,1,1,0,387,1.079,932.22,169,1,Peak,309.95,887.02
11/08/2025,BOPF,0.85,0.5,0.5,1,675,1.006,1136.27,159.4,1,Peak,311.05,994.92
11/08/2025,Fanning1,0.9,0.5,0,1,844,1.023,1080.64,156.4,1,Peak,308.69,919.87
11/08/2025,Fanning1,0.98,0.5,0.5,0,2910,0.987,1030.64,156.5,1,Peak,309.33,807.13
12/08/2025,Dust1,0.91,0.5,1,0.5,995,1.029,979.81,159,1,Peak,309.1,871.82
12/08/2025,Dust,0.87,1,1,0.5,785,1.019,972.22,163.2,1,Peak,311.43,896.92
12/08/2025,Dust1,0.97,1,0,1,4408,0.957,959.81,156.5,1,Peak,310.34,789.03
13/08/2025,Fanning1,0.88,0,1,1,4587,0.975,1080.64,156.9,1,Peak,308.6,909.74
13/08/2025,BOPF,0.87,1,0.5,0,918,1.023,1136.27,151.8,1,Peak,311.48,970.51
13/08/2025,Dust,0.96,1,0.5,1,1466,0.984,992.22,169.1,1,Peak,309.04,901.59
14/08/2025,Pekoe,0.89,1,1,1,370,1.058,1057.85,152.8,1,Peak,311.84,1065.22
14/08/2025,Dust,0.91,0.5,0.5,0,5460,0.908,982.22,160.8,1,Peak,311.39,711.92
14/08/2025,BOPF,0.94,0.5,1,0.5,2821,0.981,1216.27,162.2,1,Peak,310.3,1046.41
14/08/2025,Dust1,0.96,1,1,0,3461,0.955,979.81,164.8,1,Peak,308.89,810.7
14/08/2025,Pekoe,0.85,0.5,0,0,578,1.009,1057.85,159.2,1,Peak,308.1,804.82
15/08/2025,Fanning1,0.88,1,0.5,1,3620,0.98,1010.64,165.6,1,Peak,311.75,899.78
16/08/2025,Dust1,0.84,0,1,0,3100,0.962,909.81,152.7,1,Peak,311.08,680.6
16/08/2025,Fanning1,0.97,0.5,1,1,2001,0.995,1030.64,169.4,1,Peak,309.66,925.49
17/08/2025,Dust1,0.86,1,1,1,1860,0.987,929.81,160.1,1,Peak,311.35,884.32
18/08/2025,Pekoe,0.83,0.5,1,0.5,2974,0.981,1147.85,156,1,Peak,309,971.84
18/08/2025,Pekoe,0.9,1,0.5,1,3761,0.975,1117.85,153.1,1,Peak,308.69,1006.44
18/08/2025,Pekoe,0.85,0.5,1,1,1417,0.998,1097.85,164.8,1,Peak,310.49,987.78
18/08/2025,Dust1,0.83,0.5,0,1,7959,0.908,889.81,150.6,1,Peak,308.06,661.17
19/08/2025,BOP,0.97,1,1,0,325,1.046,1162.66,169.8,1,Peak,311.6,1054.13
19/08/2025,Fanning1,0.93,1,1,0,564,1.007,990.64,160.8,1,Peak,310.97,863.97
19/08/2025,BOPF,0.86,1,0.5,0.5,7419,0.926,1176.27,162.3,1,Peak,311.04,945.97
19/08/2025,Fanning1,0.94,0.5,0.5,0.5,423,1.037,990.64,163.2,1,Peak,311.34,849.18
19/08/2025,Dust1,0.9,1,0.5,0,1439,0.991,889.81,150.2,1,Peak,310.98,731.94
20/08/2025,BOPF,0.86,0.5,1,0,6402,0.913,1226.27,156.7,1,Peak,309.46,940.1
20/08/2025,BOPF,0.98,0.5,1,0,3711,0.963,1136.27,152.5,1,Peak,311.87,901.13
21/08/2025,Fanning1,0.85,0.5,1,1,7152,0.939,1060.64,166.4,1,Peak,311.44,916.32
21/08/2025,BOPF,0.93,0,1,1,7598,0.911,1226.27,157.3,1,Peak,310.86,984.45
22/08/2025,BOPF,0.86,0,0,0.5,4990,0.964,1156.27,158.5,1,Peak,310.89,820.99
24/08/2025,Pekoe,0.87,0,0.5,1,3287,0.975,1147.85,164.2,1,Peak,311.89,940.55
25/08/2025,BOPF,0.92,1,1,0.5,615,1.027,1136.27,157.8,1,Peak,310.9,1101.18
25/08/2025,BOPF,0.93,0.5,1,1,7574,0.924,1216.27,154.1,1,Peak,309.75,1057.68
25/08/2025,BOPF,0.83,0,0,0.5,239,1.061,1196.27,162.2,1,Peak,310.34,952.76
26/08/2025,Dust,0.86,1,0,0,3494,0.975,972.22,165.9,1,Peak,309.69,755.73
27/08/2025,Pekoe,0.94,0,0.5,0.5,314,1.031,1137.85,155.6,1,Peak,311.22,923.1
27/08/2025,Pekoe,0.86,0,0.5,0.5,6539,0.926,1137.85,161.8,1,Peak,309.53,832.24
27/08/2025,BOP,0.91,1,0.5,0.5,4850,0.974,1182.66,165.9,1,Peak,310.98,1010.44
28/08/2025,Fanning1,0.96,1,1,0,898,1.017,990.64,167,1,Peak,310.52,872.24
28/08/2025,BOP,0.94,0.5,1,0,2993,0.989,1102.66,158.2,1,Peak,309.3,907.97
29/08/2025,BOPF,0.85,0.5,0.5,0.5,3713,0.976,1176.27,165.4,1,Peak,309.41,959.19
29/08/2025,Dust,0.95,1,0.5,0,660,1.023,932.22,169.3,1,Peak,309.06,787.43
01/09/2025,Dust,0.94,0,0.5,1,7073,0.915,982.22,191.1,1,Normal,310.15,746.13
02/09/2025,BOP,0.93,0,0.5,0.5,4091,0.954,1162.66,179,1,Normal,308.41,877.67
03/09/2025,Dust,0.92,0,0.5,1,922,1.02,952.22,192.7,1,Normal,308.11,805.67
03/09/2025,BOPF,0.89,0,1,0.5,4756,0.975,1196.27,179.4,1,Normal,310.23,956.58
04/09/2025,Fanning1,0.91,0.5,0,0.5,2447,0.989,1030.64,178.7,1,Normal,311.6,795.19
05/09/2025,Pekoe,0.84,0,0,1,3197,0.966,1057.85,182.1,1,Normal,311.23,806.46
05/09/2025,Pekoe,0.98,0,1,0.5,3942,0.965,1117.85,189.4,1,Normal,308.26,879.71
08/09/2025,Pekoe,0.83,0.5,0,1,1725,0.991,1137.85,184,1,Normal,308.11,929.45
08/09/2025,BOPF,0.98,1,0.5,0,5952,0.94,1206.27,190.3,1,Normal,311.79,936.06
08/09/2025,Dust,0.96,0,1,0.5,400,1.056,992.22,188.6,1,Normal,308.64,875.96
09/09/2025,BOPF,0.95,1,0,0,6652,0.935,1216.27,190.5,1,Normal,309.55,895.72
11/09/2025,Dust,0.85,0.5,1,0.5,3377,0.956,952.22,177.8,1,Normal,311.94,785.79
11/09/2025,Fanning1,0.86,0,1,0,130,1.078,1060.64,190,1,Normal,308.05,890.98
12/09/2025,Fanning1,0.91,0,0,1,817,1.029,990.64,191,1,Normal,311.49,802.41
12/09/2025,Dust1,0.93,0,1,1,327,1.07,929.81,186.5,1,Normal,311.74,866.61
14/09/2025,BOPF,0.96,0.5,0.5,0,7697,0.942,1226.27,186.8,1,Normal,309.79,905.27
15/09/2025,Dust,0.84,0,0.5,0.5,6967,0.905,982.22,181.8,1,Normal,308.36,706.63
15/09/2025,Pekoe,0.91,0.5,0.5,1,1277,0.999,1117.85,186.3,1,Normal,309.62,967.58
15/09/2025,Dust,0.91,0.5,0.5,0.5,494,1.039,912.22,184.8,1,Normal,309.23,792.28
16/09/2025,Pekoe,0.87,1,1,0.5,297,1.071,1137.85,185.9,1,Normal,311.49,1108.83
17/09/2025,Dust,0.93,1,1,0.5,195,1.066,972.22,178.6,1,Normal,308.83,930.06
17/09/2025,BOPF,0.96,1,1,1,916,1.03,1226.27,193.4,1,Normal,308.91,1234.52
17/09/2025,Fanning1,0.86,0.5,0,0.5,2454,0.984,1070.64,178.1,1,Normal,310.95,829.85
18/09/2025,Dust1,0.88,0,1,0.5,4283,0.951,979.81,183.3,1,Normal,309.8,762.91
19/09/2025,BOP,0.85,0.5,1,0,4515,0.959,1142.66,187.8,1,Normal,309.14,894.69
20/09/2025,BOPF,0.97,0.5,0.5,1,365,1.041,1226.27,177.4,1,Normal,309.55,1110.78
20/09/2025,Dust1,0.92,0.5,1,0,521,1.023,969.81,176.3,1,Normal,309.27,829.74
23/09/2025,Dust,0.97,0.5,1,0,6195,0.903,932.22,181.8,1,Normal,310.51,699.97
23/09/2025,Dust1,0.83,1,0.5,0,182,1.036,889.81,175.5,1,Normal,309.64,763.41
23/09/2025,Dust,0.88,1,1,1,4152,0.973,912.22,178.4,1,Normal,311.43,832.97
23/09/2025,BOP,0.92,0,0,0,4261,0.977,1122.66,185.9,1,Normal,310.73,764.99
23/09/2025,Dust1,0.9,0,0.5,0.5,573,1.029,949.81,194.8,1,Normal,312,763.57
23/09/2025,Dust,0.84,0.5,0.5,0,1256,0.984,972.22,175.4,1,Normal,309.68,755.26
30/09/2025,Dust1,0.89,0.5,0.5,1,771,1.017,979.81,183.9,1,Normal,310.92,861.35
30/09/2025,Dust1,0.88,0.5,0.5,0.5,6230,0.921,909.81,184.3,1,Normal,308.87,683.07
01/10/2025,Fanning1,0.89,0,1,1,6119,0.938,1070.64,279.2,1,Normal,309.61,864.42
02/10/2025,Dust1,0.86,0.5,0.5,0.5,7508,0.937,889.81,280.6,1,Normal,310.7,678.54
02/10/2025,BOP,0.87,1,0,0.5,1308,0.997,1142.66,260.4,1,Normal,310.49,949.41
02/10/2025,Dust,0.93,1,1,0,3311,0.954,982.22,282.3,1,Normal,309.64,815.22
03/10/2025,Dust,0.93,0,0,0,965,1.026,972.22,295,1,Normal,309.52,686.66
03/10/2025,Dust,0.97,0.5,1,1,2375,1,952.22,294.4,1,Normal,308.28,859.44
03/10/2025,BOPF,0.84,0,0,1,1598,0.992,1226.27,279.7,1,Normal,309.98,955.83
03/10/2025,Dust,0.96,1,1,0,112,1.062,992.22,309.6,1,Normal,309.23,912.23
06/10/2025,Pekoe,0.98,0.5,0.5,0.5,382,1.067,1057.85,262,1,Normal,309.21,929.9
06/10/2025,Pekoe,0.93,0.5,0.5,0,2448,0.994,1127.85,279.4,1,Normal,308.77,868.32
06/10/2025,Pekoe,0.83,0.5,0.5,0,511,1.002,1097.85,282.5,1,Normal,308.26,856
06/10/2025,BOP,0.82,1,0,0,2193,0.996,1102.66,264.4,1,Normal,310.45,850.82
06/10/2025,BOP,0.85,0.5,1,0.5,451,1.049,1182.66,305.9,1,Normal,310.12,1068.66
07/10/2025,Fanning1,0.93,0.5,0.5,0,131,1.039,1010.64,309.4,1,Normal,309.05,825.27
07/10/2025,BOP,0.93,1,1,0.5,7602,0.915,1162.66,269.5,1,Normal,310.03,964.29
07/10/2025,Pekoe,0.86,1,0,0,228,1.033,1097.85,301.2,1,Normal,311.61,894.14
07/10/2025,Pekoe,0.94,0.5,1,0,6480,0.934,1057.85,281.5,1,Normal,310.28,811.51
07/10/2025,Dust1,0.88,0.5,0.5,0,481,1.065,949.81,277.9,1,Normal,309.86,802.47
07/10/2025,Dust1,0.89,0,0.5,1,884,1.024,949.81,302.3,1,Normal,311.96,800.44
08/10/2025,Pekoe,0.96,1,0,1,1801,0.987,1057.85,260.7,1,Normal,309.99,912.21
08/10/2025,Dust,0.86,0.5,0.5,0.5,322,1.048,912.22,302.7,1,Normal,308.27,787.77
09/10/2025,BOPF,0.9,0.5,1,0.5,1630,0.993,1216.27,274.5,1,Normal,310.47,1049.41
09/10/2025,Dust,0.94,0,0,0.5,3129,0.961,932.22,286.5,1,Normal,308.84,658.03
09/10/2025,Dust,0.92,0,0.5,0.5,674,1.027,952.22,303.6,1,Normal,311.13,776.51
09/10/2025,Fanning1,0.86,0,0.5,0.5,4803,0.973,1060.64,295.4,1,Normal,309.29,807.46
10/10/2025,Pekoe,0.86,0.5,0.5,0.5,4736,0.957,1137.85,305,1,Normal,308.01,901.54
13/10/2025,Dust,0.97,0.5,0.5,0,5770,0.93,952.22,288.1,1,Normal,310.93,687.34
13/10/2025,Dust,0.86,0.5,0.5,1,252,1.031,992.22,299.9,1,Normal,311.05,885.68
13/10/2025,BOPF,0.89,0.5,1,0.5,4918,0.958,1216.27,305.5,1,Normal,310.43,1012.13
14/10/2025,BOP,0.84,0,0.5,0.5,6536,0.901,1162.66,276.1,1,Normal,310.59,816.86
14/10/2025,BOP,0.92,0.5,0.5,1,528,1.015,1102.66,301.8,1,Normal,308.56,961.19
15/10/2025,BOP,0.94,0,0.5,0.5,6640,0.903,1162.66,295.7,1,Normal,310.57,814.41
15/10/2025,BOPF,0.89,1,0,0.5,7799,0.901,1216.27,301.1,1,Normal,311.37,893.19
15/10/2025,BOPF,0.97,0,1,0.5,4299,0.951,1226.27,271,1,Normal,309.16,966.05
16/10/2025,BOP,0.83,0.5,1,0,5330,0.944,1172.66,280.7,1,Normal,311.59,906.22
17/10/2025,Pekoe,0.94,1,0.5,0,2709,0.987,1097.85,286.8,1,Normal,311.59,897.54
19/10/2025,Dust1,0.92,0.5,0.5,0.5,204,1.067,979.81,282.6,1,Normal,308.82,869.09
20/10/2025,Pekoe,0.93,0,0,0.5,5941,0.945,1147.85,274.9,1,Normal,309.01,799.85
20/10/2025,BOPF,0.96,1,0,0.5,667,1.028,1196.27,270.8,1,Normal,310.24,1025.79
20/10/2025,BOPF,0.83,1,1,1,417,1.045,1196.27,302.9,1,Normal,310.91,1215.47
20/10/2025,Pekoe,0.85,0.5,0,1,243,1.075,1097.85,278.4,1,Normal,308.57,984.15
22/10/2025,BOPF,0.84,0.5,0,1,589,1.014,1206.27,309.2,1,Normal,310.78,997.24
23/10/2025,BOP,0.94,1,1,0,4018,0.962,1102.66,288.2,1,Normal,310.31,908.62
24/10/2025,Dust,0.93,0.5,1,0.5,843,1.021,1002.22,298.5,1,Normal,308.01,896.04
24/10/2025,Dust1,0.91,0.5,0.5,0,5362,0.918,979.81,301.8,1,Normal,309.89,708.37
25/10/2025,Fanning1,0.91,0.5,0.5,0.5,1822,0.995,1010.64,278.6,1,Normal,311.26,830.7
26/10/2025,Dust,0.97,1,1,1,4321,0.973,1002.22,287.1,1,Normal,310.72,923.42
28/10/2025,Pekoe,0.84,0.5,0.5,0,935,1.025,1117.85,305.9,1,Normal,308.33,888.08
28/10/2025,BOP,0.9,0.5,1,0,1337,0.99,1142.66,285.1,1,Normal,310.93,935.36
29/10/2025,Pekoe,0.95,1,0.5,0.5,3462,0.955,1137.85,279.7,1,Normal,311.58,929.27
30/10/2025,Fanning1,0.95,0.5,0,0,623,1.016,990.64,299.7,1,Normal,311.81,734.91
31/10/2025,BOPF,0.85,0.5,1,0.5,3864,0.95,1206.27,274.8,1,Normal,309.2,986.57
31/10/2025,Fanning1,0.97,0.5,0.5,0,1064,0.981,1070.64,281.4,1,Normal,309.89,829.46
31/10/2025,Dust1,0.93,0.5,0.5,0,351,1.054,959.81,298.5,1,Normal,308.37,799.92
31/10/2025,BOP,0.89,0.5,1,0.5,4131,0.956,1162.66,291.6,1,Normal,308.38,966.72
02/11/2025,BOP,0.97,0.5,0.5,0.5,240,1.043,1102.66,263.8,1,Normal,310.79,958.6
03/11/2025,BOPF,0.83,0.5,0.5,0,3157,0.965,1136.27,244.7,1,Normal,309.55,863.13
04/11/2025,Dust1,0.83,1,0.5,0,3468,0.974,889.81,238.8,1,Normal,308.41,720.54
05/11/2025,Fanning1,0.82,0.5,0.5,0.5,2075,0.993,990.64,277.3,1,Normal,309.67,809.18
05/11/2025,BOP,0.83,1,0,0.5,705,1.004,1122.66,265.1,1,Normal,308.35,921.83
05/11/2025,Fanning1,0.88,1,1,0,194,1.042,1010.64,263,1,Normal,309.2,910.53
06/11/2025,Fanning1,0.95,1,0.5,0,1621,0.998,1080.64,248.6,1,Normal,309.92,893.8
07/11/2025,BOPF,0.84,0.5,0.5,0,574,1.026,1136.27,253.9,1,Normal,309.91,904.35
07/11/2025,Pekoe,0.94,0,0.5,1,234,1.074,1147.85,238.2,1,Normal,309.58,1021.68
08/11/2025,Dust1,0.92,0,0.5,1,4618,0.969,979.81,248.7,1,Normal,310.54,783.98
08/11/2025,BOP,0.89,1,1,1,460,1.048,1162.66,254.9,1,Normal,309.12,1170.47
10/11/2025,Fanning1,0.92,0,0,0.5,7819,0.935,1070.64,247.1,1,Normal,310.42,744.73
11/11/2025,BOP,0.93,0,0.5,0,1515,0.997,1172.66,253.5,1,Normal,310.05,877.26
12/11/2025,Fanning1,0.85,0,1,0.5,6080,0.921,1070.64,275.4,1,Normal,308.75,821.03
12/11/2025,Pekoe,0.87,0.5,0.5,0,6895,0.926,1057.85,270.1,1,Normal,310.9,771.8
13/11/2025,Pekoe,0.95,1,0.5,0.5,1802,0.999,1117.85,240.3,1,Normal,310.15,969.65
13/11/2025,Dust1,0.95,0,1,1,7255,0.941,959.81,242.6,1,Normal,310.27,771.82
14/11/2025,Dust1,0.92,0.5,0.5,1,171,1.072,929.81,251.4,1,Normal,308.43,855.51
14/11/2025,Pekoe,0.93,1,0,0,1228,0.986,1077.85,234.8,1,Normal,308.92,834.46
14/11/2025,Fanning1,0.88,1,1,0,890,1.016,990.64,243.3,1,Normal,311.82,877.93
14/11/2025,Dust,0.95,1,1,0.5,623,1.028,952.22,278.9,1,Normal,308.43,883.87
15/11/2025,Fanning1,0.96,0.5,1,1,3906,0.976,1080.64,259,1,Normal,309.52,952.48
15/11/2025,Dust1,0.89,0,0.5,1,6811,0.91,909.81,274.1,1,Normal,310.81,688.52
15/11/2025,Dust1,0.85,0.5,0.5,1,6554,0.944,889.81,248.9,1,Normal,310.75,731.83
16/11/2025,Pekoe,0.95,0.5,0.5,0.5,4483,0.953,1097.85,233.2,1,Normal,309.39,872.58
16/11/2025,BOPF,0.85,0,0.5,0,4732,0.961,1226.27,243,1,Normal,308.91,866.57
18/11/2025,Fanning1,0.83,1,0,0.5,1290,0.997,1010.64,260.8,1,Normal,308.92,832.01
18/11/2025,BOP,0.92,0.5,0.5,0,647,1.007,1192.66,241.6,1,Normal,311.85,931.54
19/11/2025,Dust,0.95,1,1,0.5,889,1.016,932.22,268.6,1,Normal,308.98,868.18
24/11/2025,Fanning1,0.95,0.5,0,0.5,585,1.007,1060.64,268.3,1,Normal,311.34,832.19
24/11/2025,BOPF,0.93,0.5,1,0,486,1.044,1206.27,242.3,1,Normal,311.2,1037.78
24/11/2025,Dust1,0.96,0.5,0.5,0,4182,0.973,959.81,257.1,1,Normal,311.75,739.62
24/11/2025,BOP,0.85,0.5,0.5,0.5,3844,0.959,1102.66,236.3,1,Normal,309.26,860.44
25/11/2025,Pekoe,0.94,0.5,0.5,0,832,1.004,1077.85,251.8,1,Normal,311.61,845.46
25/11/2025,Dust,0.96,0.5,0.5,1,225,1.045,912.22,265.6,1,Normal,309.4,836.34
25/11/2025,BOP,0.92,0.5,0.5,0.5,120,1.048,1122.66,273.6,1,Normal,309.24,958.93
26/11/2025,Pekoe,0.93,1,1,1,3049,0.96,1127.85,235.1,1,Normal,309.84,1024.09
26/11/2025,Fanning1,0.91,0,0.5,0.5,7244,0.925,1010.64,232.5,1,Normal,311.73,736.59
27/11/2025,Pekoe,0.92,1,0.5,1,815,1.001,1097.85,252,1,Normal,308.05,995.93
28/11/2025,BOPF,0.89,0.5,0,1,1334,0.995,1226.27,239.7,1,Normal,308.26,1017.9
28/11/2025,Dust1,0.84,0.5,0,0.5,1762,0.992,959.81,276.2,1,Normal,311.56,742.46
29/11/2025,Fanning1,0.84,0.5,0.5,0,642,1.024,1050.64,263.2,1,Normal,309.93,843.33
29/11/2025,Pekoe,0.98,1,0.5,0.5,921,1.026,1077.85,254.9,1,Normal,309.86,948.79
29/11/2025,Dust,0.89,0.5,0.5,0.5,141,1.069,912.22,257.1,1,Normal,309.74,796.95
29/11/2025,BOP,0.87,0.5,0.5,0.5,975,1.012,1192.66,253.7,1,Normal,308.94,1002.93
01/12/2025,Fanning1,0.87,0.5,1,1,5614,0.921,990.64,201.7,1,Normal,311.74,834.82
02/12/2025,BOP,0.82,1,1,0.5,2880,0.993,1102.66,198,1,Normal,308.16,991.92
03/12/2025,Fanning1,0.83,1,1,1,187,1.043,1030.64,195.8,1,Normal,310.46,1029.99
03/12/2025,BOP,0.89,0,1,0,2016,0.981,1192.66,200.7,1,Normal,309.35,915.07
07/12/2025,Fanning1,0.87,0.5,0,0.5,2734,0.984,1050.64,204.1,1,Normal,308.59,799.45
09/12/2025,BOP,0.84,0,1,0,2577,0.992,1182.66,206.8,1,Normal,309.93,929.13
10/12/2025,Pekoe,0.91,0.5,0,1,3745,0.956,1057.85,208.4,1,Normal,308.2,842.3
10/12/2025,Dust1,0.89,0,0.5,0.5,3669,0.97,979.81,202.8,1,Normal,310.27,733.21
11/12/2025,Dust,0.89,0.5,0,1,7100,0.925,952.22,210.7,1,Normal,311.63,725.3
11/12/2025,Pekoe,0.88,0.5,0.5,0.5,553,1.006,1097.85,210.4,1,Normal,310.72,918.55
11/12/2025,Dust1,0.96,0,0.5,0,200,1.053,969.81,200.5,1,Normal,310.36,769.09
11/12/2025,Dust,0.87,0.5,0.5,1,6898,0.929,952.22,204.1,1,Normal,311.34,760.58
11/12/2025,BOP,0.95,0.5,0.5,0.5,502,1.029,1162.66,212.8,1,Normal,308.96,974.87
11/12/2025,Dust,0.91,0,0,1,2950,0.995,992.22,196.5,1,Normal,308.2,767.95
12/12/2025,Dust,0.94,0,0,0.5,871,1,972.22,208.2,1,Normal,308.32,732.6
14/12/2025,BOPF,0.97,0.5,1,0.5,631,1.022,1176.27,195.4,1,Normal,308.39,1038.48
14/12/2025,Fanning1,0.92,1,1,1,988,1.003,1050.64,205.8,1,Normal,309.35,1009.86
15/12/2025,Fanning1,0.84,0.5,1,1,3723,0.974,1060.64,205.7,1,Normal,311.78,949.36
16/12/2025,BOP,0.98,1,0.5,0,1397,0.981,1192.66,207.4,1,Normal,309.56,956.31
18/12/2025,Dust1,0.85,1,0.5,0,4999,0.967,949.81,205.2,1,Normal,309.55,750.85
18/12/2025,Dust1,0.85,0.5,1,0,1693,0.997,889.81,195.8,1,Normal,308.54,732.06
20/12/2025,Fanning1,0.84,0.5,0,0,1245,0.985,1060.64,210.3,1,Normal,311.29,783.41
